0;12703 8117;0
1;3044 12603;0
2;3767 12750;0
3;4992 12736;0
4;6837 12514;0
5;9877 12557;0
6;12651 2553;0
7;3427 12523;0
8;7784 12522;0
9;6569 12606;0
10;12527 459;0
11;10513 12662;0
12;12695 5346;0
13;8418 12559;0
14;11211 12589;0
15;6816 12676;0
16;12518 5844;0
17;7943 12529;0
18;12685 5131;0
19;5139 12551;0
20;12550 2960;0
21;12639 5011;0
22;3881 12632;0
23;12097 12635;0
24;10682 12677;0
25;8618 12513;0
26;2551 12600;0
27;12537 9403;0
28;12598 3821;0
29;1569 12698;0
30;12612 11468;0
31;2239 12613;0
32;12573 8556;0
33;12521 22;0
34;6885 12658;0
35;12663 4433;0
36;2911 12730;0
37;12246 12543;0
38;12741 10779;0
39;687 12647;0
40;5385 12546;0
41;12634 7381;0
42;8287 12586;0
43;2835 12554;0
44;12576 1679;0
45;12667 9032;0
46;6455 12544;0
47;12642 12110;0
48;12592 2546;0
49;12641 8855;0
50;12569 9972;0
51;11677 12709;0
52;12704 11347;0
53;12542 2286;0
54;5369 12689;0
55;11928 12714;0
56;6373 12706;0
57;9205 12617;0
58;9383 12708;0
59;12594 9163;0
60;10208 12622;0
61;263 12630;0
62;12718 12324;0
63;4646 12701;0
64;12582 8600;0
65;10972 12607;0
66;12749 9943;0
67;537 12616;0
68;12739 8229;0
69;12744 5275;0
70;2883 12732;0
71;9368 12621;0
72;11806 12724;0
73;7943 12751;0
74;7873 12547;0
75;12580 1427;0
76;5755 12735;0
77;12597 3148;0
78;1139 12558;0
79;4697 12560;0
80;12740 11328;0
81;12678 2451;0
82;2674 12669;0
83;4981 12653;0
84;26 12517;0
85;12673 9668;0
86;3248 12681;0
87;1844 12659;0
88;7965 12747;0
89;6968 12609;0
90;8304 12601;0
91;12575 6800;0
92;698 12707;0
93;4262 12614;0
94;12615 6568;0
95;8419 12591;0
96;8867 12722;0
97;3747 12595;0
98;12564 2973;0
99;6443 12733;0
100;12713 610;0
101;1176 12745;0
102;12528 9426;0
103;12604 901;0
104;4348 12746;0
105;5214 12611;0
106;6637 12565;0
107;1086 12700;0
108;4041 12525;0
109;12636 5567;0
110;4683 12605;0
111;12511 3209;0
112;12526 4420;0
113;10425 12509;0
114;11194 12533;0
115;11133 12727;0
116;2347 12665;0
117;12590 9211;0
118;12599 2684;0
119;12640 4127;0
120;4435 12548;0
121;7576 12637;0
122;12696 1125;0
123;12655 503;0
124;12581 5835;0
125;3401 12692;0
126;5987 12728;0
127;10872 12545;0
128;6382 12682;0
129;12515 9653;0
130;2657 12625;0
131;12691 175;0
132;4731 12596;0
133;152 12705;0
134;2650 12583;0
135;6991 12602;0
136;1829 12664;0
137;12710 8018;0
138;12571 289;0
139;6295 12572;0
140;1730 12693;0
141;10191 12566;0
142;9686 12686;0
143;3849 12648;0
144;4377 12723;0
145;12608 11094;0
146;11201 12734;0
147;7737 12631;0
148;8438 12510;0
149;6413 12654;0
150;12508 7419;0
151;11352 12540;0
152;5295 12520;0
153;11654 12652;0
154;6735 12721;0
155;9327 12688;0
156;10461 12697;0
157;12156 12661;0
158;12512 7647;0
159;12534 9149;0
160;12618 12409;0
161;7614 12720;0
162;12519 6148;0
163;3169 12507;0
164;12657 4491;0
165;12553 4620;0
166;5916 12646;0
167;12474 12683;0
168;4397 12731;0
169;12516 10783;0
170;2524 12645;0
171;592 12650;0
172;10366 12536;0
173;2167 12628;0
174;5455 12539;0
175;10974 12567;0
176;5893 12552;0
177;12674 1149;0
178;23 12556;0
179;11435 12620;0
180;4739 12694;0
181;7995 12563;0
182;2812 12670;0
183;12623 9263;0
184;12668 10622;0
185;12162 12549;0
186;11286 12719;0
187;12748 6996;0
188;12712 1692;0
189;12587 10195;0
190;11935 12715;0
191;6173 12738;0
192;9233 12679;0
193;12538 4673;0
194;12680 4431;0
195;7128 12675;0
196;8774 12656;0
197;7891 12555;0
198;12660 8514;0
199;5731 12624;0
200;12588 4682;0
201;380 12666;0
202;12531 5046;0
203;12627 11729;0
204;12541 7823;0
205;9736 12671;0
206;12535 338;0
207;12610 1934;0
208;12577 8181;0
209;12725 6243;0
210;2240 12579;0
211;12574 1989;0
212;12633 11251;0
213;12626 6324;0
214;12742 4822;0
215;6822 12743;0
216;9167 12699;0
217;12578 6941;0
218;12702 9784;0
219;11530 12729;0
220;10028 12716;0
221;3641 12684;0
222;977 12530;0
223;8244 12506;0
224;3683 12619;0
225;6112 12711;0
226;12585 2777;0
227;12524 10575;0
228;12638 9578;0
229;12532 4496;0
230;3778 12643;0
231;9854 12644;0
232;11874 12737;0
233;12568 10012;0
234;9838 12649;0
235;12690 11421;0
236;12672 7280;0
237;7671 12584;0
238;11688 12629;0
239;10229 12726;0
240;12562 10016;0
241;962 12687;0
242;12561 4847;0
243;12593 7586;0
244;12570 9174;0
245;12717 8156;0
246;7503 8785;0
247;4309 7105;0
248;1270 11765;0
249;5862 10190;0
250;12418 2428;0
251;9227 3380;0
252;7631 8887;0
253;12371 5007;0
254;10306 11208;0
255;3405 3485;0
256;6476 12205;0
257;7959 12131;0
258;5396 3668;0
259;9417 2479;0
260;10473 5184;0
261;3914 2707;0
262;2671 1141;0
263;10572 4911;0
264;9485 11994;0
265;1615 1888;0
266;2361 186;0
267;1990 7161;0
268;7412 3828;0
269;7319 8178;0
270;12090 228;0
271;4766 3404;0
272;11558 2491;0
273;6839 4126;0
274;10046 4938;0
275;632 7421;0
276;3705 10386;0
277;714 3007;0
278;7253 9606;0
279;9251 209;0
280;5254 7052;0
281;4141 10791;0
282;11498 5759;0
283;11046 5514;0
284;4534 1764;0
285;2805 7248;0
286;11898 3981;0
287;2588 7546;0
288;2614 11410;0
289;2638 8057;0
290;3855 9778;0
291;3929 12226;0
292;2826 10693;0
293;5955 3497;0
294;9441 3371;0
295;5042 8894;0
296;980 10714;0
297;10934 8050;0
298;1317 3262;0
299;5031 7332;0
300;5695 11118;0
301;11960 5353;0
302;6034 5965;0
303;1352 10399;0
304;9028 4172;0
305;8167 569;0
306;4321 1299;0
307;4115 5389;0
308;11532 60;0
309;5649 2559;0
310;11393 3759;0
311;3712 4671;0
312;11955 7917;0
313;6715 10225;0
314;1790 4611;0
315;4337 9236;0
316;12174 11188;0
317;8793 2611;0
318;1718 10510;0
319;9727 8639;0
320;3193 7709;0
321;9331 1044;0
322;4861 6589;0
323;4610 7113;0
324;6418 4514;0
325;8551 11738;0
326;6999 11857;0
327;8321 10353;0
328;9573 9317;0
329;6871 11563;0
330;1755 384;0
331;5752 2493;0
332;6544 10071;0
333;5276 8637;0
334;6376 206;0
335;8042 878;0
336;4918 4169;0
337;3728 11964;0
338;5322 3152;0
339;9851 481;0
340;5056 8396;0
341;2116 8645;0
342;8475 11064;0
343;1819 1687;0
344;9379 1702;0
345;8163 264;0
346;1024 18;0
347;6980 4952;0
348;8500 12463;0
349;4199 4103;0
350;1736 4030;0
351;977 2960;0
352;977 5731;0
353;2883 1692;0
354;175 698;0
355;175 4847;0
356;962 11688;0
357;4348 10012;0
358;2524 2167;0
359;11201 592;0
360;5295 9211;0
361;11201 12162;0
362;6568 7419;0
363;4377 7419;0
364;8438 5346;0
365;12474 9233;0
366;5011 10783;0
367;3169 4397;0
368;4189 4620;0
369;9149 12409;0
370;10229 7614;0
371;10016 12156;0
372;10016 12110;0
373;9854 3641;0
374;9854 9578;0
375;2286 6112;0
376;4731 9327;0
377;9403 9686;0
378;2650 4041;0
379;2650 8156;0
380;11286 7586;0
381;10974 9263;0
382;5893 2812;0
383;7891 2777;0
384;10208 6173;0
385;8438 4431;0
386;2674 6941;0
387;26 10028;0
388;1989 9327;0
389;3248 4822;0
390;11729 9736;0
391;4992 8181;0
392;7873 5046;0
393;7280 11421;0
394;4823 4739;0
395;9368 9032;0
396;1679 610;0
397;8618 9045;0
398;459 6800;0
399;2551 11688;0
400;6735 5275;0
401;9403 2451;0
402;4847 11347;0
403;12170 3821;0
404;7381 610;0
405;8618 1569;0
406;2911 6800;0
407;8556 22;0
408;11211 12097;0
409;22 10779;0
410;11211 7381;0
411;6885 1569;0
412;2553 459;0
413;8556 4433;0
414;9415 2553;0
415;11347 10779;0
416;2239 6443;0
417;6393 11928;0
418;6968 5916;0
419;11928 6373;0
420;5385 10972;0
421;9383 4186;0
422;11677 3427;0
423;263 11806;0
424;11677 5385;0
425;7647 8600;0
426;2239 3881;0
427;2546 9943;0
428;6968 3881;0
429;8229 537;0
430;6443 8418;0
431;9383 8229;0
432;10972 7784;0
433;9368 1149;0
434;9205 6837;0
435;11806 9972;0
436;8418 5011;0
437;6455 9838;0
438;3849 5346;0
439;7965 12110;0
440;3767 3427;0
441;6373 2546;0
442;6413 3767;0
443;537 8855;0
444;8117 4673;0
445;7576 6295;0
446;11194 1829;0
447;11133 5835;0
448;11874 2347;0
449;2347 1125;0
450;3747 503;0
451;5835 289;0
452;5987 4127;0
453;4127 5567;0
454;5987 4435;0
455;7576 8287;0
456;9426 6844;0
457;977 2960;0
458;977 5731;0
459;2883 1692;0
460;175 698;0
461;175 4847;0
462;962 11688;0
463;4348 10012;0
464;2524 2167;0
465;11201 592;0
466;5295 9211;0
467;11201 12162;0
468;6568 7419;0
469;4377 7419;0
470;8438 5346;0
471;12474 9233;0
472;5011 10783;0
473;3169 4397;0
474;605 4620;0
475;9149 12409;0
476;10229 7614;0
477;10016 12156;0
478;10016 12110;0
479;9854 3641;0
480;9854 9578;0
481;2286 6112;0
482;4731 9327;0
483;9403 9686;0
484;2650 4041;0
485;2650 8156;0
486;11286 7586;0
487;10974 9263;0
488;5893 2812;0
489;7891 2777;0
490;10208 6173;0
491;8438 4431;0
492;2674 6941;0
493;26 10028;0
494;1989 9327;0
495;3248 4822;0
496;11729 9736;0
497;4992 8181;0
498;7873 5046;0
499;7280 11421;0
500;4739 5135;0
501;9368 9032;0
502;1679 610;0
503;8618 9928;0
504;459 6800;0
505;2551 11688;0
506;6735 5275;0
507;9403 2451;0
508;4847 11347;0
509;3821 415;0
510;7381 610;0
511;8618 1569;0
512;2911 6800;0
513;8556 22;0
514;11211 12097;0
515;22 10779;0
516;11211 7381;0
517;6885 1569;0
518;2553 459;0
519;8556 4433;0
520;2553 5686;0
521;11347 10779;0
522;2239 6443;0
523;11928 7162;0
524;6968 5916;0
525;11928 6373;0
526;5385 10972;0
527;9383 7895;0
528;11677 3427;0
529;263 11806;0
530;11677 5385;0
531;7647 8600;0
532;2239 3881;0
533;2546 9943;0
534;6968 3881;0
535;8229 537;0
536;6443 8418;0
537;9383 8229;0
538;10972 7784;0
539;9368 1149;0
540;9205 6837;0
541;11806 9972;0
542;8418 5011;0
543;6455 9838;0
544;3849 5346;0
545;7965 12110;0
546;3767 3427;0
547;6373 2546;0
548;6413 3767;0
549;537 8855;0
550;8117 4673;0
551;7576 6295;0
552;11194 1829;0
553;11133 5835;0
554;11874 2347;0
555;2347 1125;0
556;3747 503;0
557;5835 289;0
558;5987 4127;0
559;4127 5567;0
560;5987 4435;0
561;7576 8287;0
562;977 2960;0
563;977 5731;0
564;2883 1692;0
565;175 698;0
566;175 4847;0
567;962 11688;0
568;4348 10012;0
569;2524 2167;0
570;11201 592;0
571;5295 9211;0
572;11201 12162;0
573;6568 7419;0
574;4377 7419;0
575;8438 5346;0
576;12474 9233;0
577;5011 10783;0
578;3169 4397;0
579;12311 4620;0
580;9149 12409;0
581;10229 7614;0
582;10016 12156;0
583;10016 12110;0
584;9854 3641;0
585;9854 9578;0
586;2286 6112;0
587;4731 9327;0
588;9403 9686;0
589;2650 4041;0
590;2650 8156;0
591;11286 7586;0
592;10974 9263;0
593;5893 2812;0
594;7891 2777;0
595;10208 6173;0
596;8438 4431;0
597;2674 6941;0
598;26 10028;0
599;1989 9327;0
600;3248 4822;0
601;11729 9736;0
602;4992 8181;0
603;7873 5046;0
604;7280 11421;0
605;4739 3029;0
606;9368 9032;0
607;1679 610;0
608;8618 7477;0
609;459 6800;0
610;2551 11688;0
611;6735 5275;0
612;9403 2451;0
613;4847 11347;0
614;10884 3821;0
615;7381 610;0
616;8618 1569;0
617;2911 6800;0
618;8556 22;0
619;11211 12097;0
620;22 10779;0
621;11211 7381;0
622;6885 1569;0
623;2553 459;0
624;8556 4433;0
625;2553 11788;0
626;11347 10779;0
627;2239 6443;0
628;11119 11928;0
629;6968 2684;1
630;11928 6373;0
631;5385 10972;0
632;9383 8786;0
633;11677 3427;0
634;263 11806;0
635;11677 5385;0
636;7647 8600;0
637;2239 3881;0
638;2546 9943;0
639;6968 3881;0
640;8229 537;0
641;6443 8418;0
642;9383 8229;0
643;10972 7784;0
644;9368 1149;0
645;9205 6837;0
646;11806 9972;0
647;8418 5011;0
648;6455 9838;0
649;3849 5346;0
650;7965 12110;0
651;3767 3427;0
652;6373 2546;0
653;6413 3767;0
654;537 8855;0
655;8117 4673;0
656;7576 6295;0
657;11194 1829;0
658;11133 5835;0
659;11874 2347;0
660;2347 1125;0
661;3747 503;0
662;5835 289;0
663;5987 4127;0
664;4127 5567;0
665;5987 4435;0
666;7576 8287;0
667;2684 3401;0
668;6816 9122;0
669;11574 3401;0
670;4420 1427;0
671;9163 1427;0
672;9775 9653 7391;0
673;977 2960;0
674;977 5731;0
675;2883 1692;0
676;175 698;0
677;175 4847;0
678;962 11688;0
679;4348 10012;0
680;2524 2167;0
681;11201 592;0
682;5295 9211;0
683;11201 12162;0
684;6568 7419;0
685;4377 7419;0
686;8438 5346;0
687;12474 9233;0
688;5011 10783;0
689;3169 4397;0
690;4620 12154;0
691;9149 12409;0
692;10229 7614;0
693;10016 12156;0
694;10016 12110;0
695;9854 3641;0
696;9854 9578;0
697;2286 6112;0
698;4731 9327;0
699;9403 9686;0
700;2650 4041;0
701;2650 8156;0
702;11286 7586;0
703;10974 9263;0
704;5893 2812;0
705;7891 2777;0
706;10208 6173;0
707;8438 4431;0
708;2674 6941;0
709;26 10028;0
710;1989 9327;0
711;3248 4822;0
712;11729 9736;0
713;4992 8181;0
714;7873 5046;0
715;7280 11421;0
716;4739 4498;0
717;9368 9032;0
718;1679 610;0
719;8618 11513;0
720;459 6800;0
721;2551 11688;0
722;6735 5275;0
723;9403 2451;0
724;4847 11347;0
725;3821 2119;0
726;7381 610;0
727;8618 1569;0
728;2911 6800;0
729;8556 22;0
730;11211 12097;0
731;22 10779;0
732;11211 7381;0
733;6885 1569;0
734;2553 459;0
735;8556 4433;0
736;2553 7753;0
737;11347 10779;0
738;2239 6443;0
739;11928 8656;0
740;6968 5916;0
741;11928 6373;0
742;5385 10972;0
743;9383 3095;0
744;11677 3427;0
745;263 11806;0
746;11677 5385;0
747;7647 8600;0
748;2239 3881;0
749;2546 9943;0
750;6968 3881;0
751;8229 537;0
752;6443 8418;0
753;9383 8229;0
754;10972 7784;0
755;9368 1149;0
756;9205 6837;0
757;11806 9972;0
758;8418 5011;0
759;6455 9838;0
760;3849 5346;0
761;7965 12110;0
762;3767 3427;0
763;6373 2546;0
764;6413 3767;0
765;537 8855;0
766;8117 4673;0
767;7576 6295;0
768;11194 1829;0
769;11133 5835;0
770;11874 2347;0
771;2347 1125;0
772;3747 503;0
773;5835 289;0
774;5987 4127;0
775;4127 5567;0
776;5987 4435;0
777;7576 8287;0
778;3064 11623;0
779;2091 467;0
780;4130 5154;0
781;3411 3233;0
782;2835 5515 12403 7154 1667 159;0
783;12090 10360;0
784;405 1270;0
785;10097 3300;0
786;1264 10682 2018;0
787;5214 10535;0
788;7943 12324;1
789;10616 4983;1
790;6052 7790;0
791;5222 10132;0
792;7640 3111;0
793;784 8850;0
794;9999 9411;0
795;8190 4985;0
796;3719 8398;0
797;7099 11510;0
798;3867 8686;0
799;5418 8626;0
800;5298 2580;0
801;10710 6758;0
802;753 4047;0
803;4763 12086;0
804;745 7967;0
805;1951 3418 1529 1210 12067;0
806;3186 707;0
807;602 7654;0
808;3688 10603;0
809;832 5636;0
810;9231 66;0
811;2262 3360;0
812;12359 10231;0
813;2300 218;0
814;5467 12397;0
815;2354 953;0
816;1566 5240;0
817;3209 172;0
818;638 9775 2973;0
819;2797 10513 8441 6647 9699 11111 11234 9081 4437 8702;0
820;1433 4874 10269 5938 3544;0
821;4683 6807;0
822;11554 728 3669 11522;0
823;3440 4901;0
824;10714 1479;0
825;6486 8163;0
826;5800 2910;0
827;12038 3808;0
828;880 8500;0
829;11047 4036;0
830;465 7503;0
831;4757 7197;0
832;136 12226;0
833;1891 1086 710 9774;0
834;2461 3405;0
835;8419 12324;0
836;10048 5862;0
837;6121 7155;0
838;8887 2114;0
839;6839 1460;0
840;10511 5359;0
841;8882 11208;0
842;7421 5561;0
843;2092 9062;0
844;11463 135;0
845;4766 5373;0
846;3139 10;0
847;4938 8595;0
848;3853 7712;0
849;8120 6958;0
850;381 11442;0
851;3328 7330;0
852;5042 9743;0
853;11046 8005;0
854;8283 4022;0
855;10386 7434;0
856;4971 10396;0
857;12207 1489;0
858;6260 3007;0
859;8858 5230;0
860;3083 10703;0
861;10275 12205;0
862;9852 2110;0
863;353 1868;0
864;1209 1917;0
865;11917 10463;0
866;7253 574;0
867;6222 8949;0
868;3968 8802;0
869;4540 7945;0
870;3642 8973;0
871;11291 8178;0
872;9861 1687;0
873;4147 9134;0
874;1676 9511;0
875;315 3371;0
876;8215 3380;0
877;176 10934;0
878;3273 11592;0
879;2665 12418;0
880;11250 3471;0
881;5334 7936;0
882;11622 5007;0
883;9764 640;0
884;4264 326;0
885;6699 2211;0
886;3558 6884;0
887;7844 7501;0
888;12438 8563;0
889;1969 9063;0
890;11168 3828;0
891;4309 10866;0
892;2725 4455;0
893;9289 894;0
894;9806 4538;0
895;9210 1704;0
896;11559 1445;0
897;6999 11188;0
898;9383 11188;0
899;9383 6999;0
900;9383 6999;0
901;10376 7712;0
902;3328 11814;0
903;11030 9511;0
904;11814 7712;0
905;6958 11030;0
906;381 11558;0
907;1730 7712;0
908;6958 10191;0
909;381 9686;0
910;1730 11814;0
911;10191 11030;0
912;11558 9686;0
913;1730 1176;0
914;1730 11654;0
915;10191 7671;0
916;1730 7712;0
917;6958 10191;0
918;381 9686;0
919;1730 1176;0
920;1730 11654;0
921;10191 7671;0
922;1730 1176;0
923;1730 11654;0
924;10191 7671;0
925;1730 1176;0
926;1730 11654;0
927;10191 7671;0
928;10510 12367;0
929;10510 263;0
930;263 12367;0
931;263 12367;0
932;643 11592;0
933;6958 2437;0
934;381 10228;0
935;4766 2437;0
936;10 10228;0
937;4126 4938;0
938;4731 4766;0
939;152 10;0
940;2650 4938;0
941;4731 2437;0
942;152 10228;0
943;4126 2650;0
944;2657 698;0
945;4731 10191;0
946;152 9686;0
947;4731 4766;0
948;152 10;0
949;2650 4938;0
950;2657 698;0
951;4731 10191;0
952;152 9686;0
953;2657 698;0
954;4731 10191;0
955;152 9686;0
956;2657 698;0
957;4731 10191;0
958;152 9686;0
959;3193 1066;0
960;3193 8600;0
961;8600 1066;0
962;8600 1066;0
963;2910 5417;0
964;7910 10703;0
965;3130 467;0
966;7910 7421;0
967;3130 9062;0
968;10046 11463;0
969;7586 7421;0
970;9174 9062;0
971;8156 11463;0
972;7910 7586;0
973;3130 9174;0
974;10046 8156;0
975;4041 901;0
976;10622 7586;0
977;10872 9174;0
978;7586 7421;0
979;9174 9062;0
980;8156 11463;0
981;4041 901;0
982;10622 7586;0
983;10872 9174;0
984;4041 901;0
985;10622 7586;0
986;10872 9174;0
987;4041 901;0
988;10622 7586;0
989;10872 9174;0
990;2169 6589;0
991;6589 9943;0
992;2169 9943;0
993;2169 9943;0
994;326 11163;0
995;422 9151;0
996;6305 10511;0
997;422 10703;0
998;6305 12205;0
999;632 2110;0
1000;10622 10703;0
1001;12162 12205;0
1002;11286 2110;0
1003;422 10622;0
1004;6305 12162;0
1005;632 11286;0
1006;4348 10366;0
1007;3148 10622;0
1008;11094 12162;0
1009;10622 10703;0
1010;12162 12205;0
1011;11286 2110;0
1012;4348 10366;0
1013;3148 10622;0
1014;11094 12162;0
1015;4348 10366;0
1016;3148 10622;0
1017;11094 12162;0
1018;4348 10366;0
1019;3148 10622;0
1020;11094 12162;0
1021;5322 4514;0
1022;537 4514;0
1023;5322 537;0
1024;5322 537;0
1025;11452 104;0
1026;4922 3519;0
1027;5120 1489;0
1028;3519 1489;0
1029;5120 3007;0
1030;3705 5230;0
1031;7995 1489;0
1032;2812 3007;0
1033;5230 9263;0
1034;7995 3519;0
1035;5120 2812;0
1036;3705 9263;0
1037;6243 10872;0
1038;7995 5046;0
1039;7995 2812;0
1040;7995 1489;0
1041;2812 3007;0
1042;5230 9263;0
1043;6243 10872;0
1044;7995 5046;0
1045;7995 2812;0
1046;6243 10872;0
1047;7995 5046;0
1048;7995 2812;0
1049;6243 10872;0
1050;7995 5046;0
1051;7995 2812;0
1052;640 9292;0
1053;4487 8295;0
1054;11964 8295;0
1055;7959 3668;0
1056;6413 8295;0
1057;7959 7419;0
1058;592 9211;0
1059;6413 4377;0
1060;6413 11964;0
1061;3668 7419;0
1062;6413 11964;0
1063;3668 7419;0
1064;592 9211;0
1065;6413 4377;0
1066;592 9211;0
1067;6413 4377;0
1068;592 9211;0
1069;6413 4377;0
1070;6418 11857;0
1071;8229 11857;0
1072;6418 8229;0
1073;6418 8229;0
1074;10396 9651;0
1075;6796 2596;0
1076;6974 4022;0
1077;4022 2596;0
1078;10386 6974;0
1079;714 10396;0
1080;5455 4022;0
1081;10974 10386;0
1082;5893 10396;0
1083;5455 2596;0
1084;10974 6974;0
1085;5893 714;0
1086;10425 5893;0
1087;11468 5455;0
1088;10974 5455;0
1089;5455 4022;0
1090;10974 10386;0
1091;5893 10396;0
1092;10425 5893;0
1093;11468 5455;0
1094;10974 5455;0
1095;10425 5893;0
1096;11468 5455;0
1097;10974 5455;0
1098;10425 5893;0
1099;11468 5455;0
1100;10974 5455;0
1101;4244 7057;0
1102;11147 11781;0
1103;11147 8637;0
1104;4487 5396;0
1105;11147 3849;0
1106;4377 5396;0
1107;4262 7128;0
1108;7784 3849;0
1109;3849 8637;0
1110;4377 4487;0
1111;3849 8637;0
1112;4377 4487;0
1113;4262 7128;0
1114;7784 3849;0
1115;4262 7128;0
1116;7784 3849;0
1117;4262 7128;0
1118;7784 3849;0
1119;9317 3855;0
1120;9317 9368;0
1121;9368 3855;0
1122;9368 3855;0
1123;6610 2133;0
1124;10657 12050;0
1125;7777 12050;0
1126;9417 7052;0
1127;7737 12050;0
1128;9417 8438;0
1129;6568 4262;0
1130;11328 7737;0
1131;7737 7777;0
1132;8438 7052;0
1133;7737 7777;0
1134;8438 7052;0
1135;6568 4262;0
1136;11328 7737;0
1137;6568 4262;0
1138;11328 7737;0
1139;6568 4262;0
1140;11328 7737;0
1141;384 1718;0
1142;384 11806;0
1143;1718 11806;0
1144;1718 11806;0
1145;2621 10887;0
1146;4991 25;0
1147;25 10225;0
1148;12354 10473;0
1149;5916 25;0
1150;12474 10473;0
1151;4431 8867;0
1152;5916 5997;0
1153;5916 10225;0
1154;12474 12354;0
1155;5916 10225;0
1156;12474 12354;0
1157;4431 8867;0
1158;5916 4465;0
1159;4431 8867;0
1160;5916 4459;0
1161;4431 8867;0
1162;5916 2717;0
1163;10824 545;0
1164;12461 4698;0
1165;4698 2671;0
1166;10824 2707;0
1167;4397 4698;0
1168;10783 2707;0
1169;10783 11328;0
1170;4397 6822;0
1171;4397 2671;0
1172;10783 10824;0
1173;4397 2671;0
1174;10783 10824;0
1175;10783 11328;0
1176;4397 6822;0
1177;10783 11328;0
1178;4397 6822;0
1179;10783 11328;0
1180;4397 6822;0
1181;10916 3058;0
1182;2981 229;0
1183;6253 229;0
1184;2981 1141;0
1185;6148 229;0
1186;3169 1141;0
1187;4981 11530;0
1188;6148 3169;0
1189;6253 6148;0
1190;2981 3169;0
1191;6253 6148;0
1192;2981 3169;0
1193;4981 11530;0
1194;6148 3169;0
1195;4981 11530;0
1196;6148 3169;0
1197;4981 11530;0
1198;6148 3169;0
1199;559 4983;0
1200;8287 4983;0
1201;8287 559;0
1202;8287 559;0
1203;6176 5218;0
1204;5219 12460;0
1205;6914 5219;0
1206;516 4911;0
1207;5219 4491;0
1208;4620 4911;0
1209;9668 6324;0
1210;23 4491;0
1211;6914 4491;0
1212;516 4620;0
1213;6914 4491;0
1214;516 4620;0
1215;9668 6324;0
1216;23 4491;0
1217;9668 6324;0
1218;23 4491;0
1219;9668 6324;0
1220;23 4491;0
1221;9292 3405;0
1222;9211 3405;0
1223;9292 9211;0
1224;9211 3405;0
1225;6914 1486;0
1226;9140 2787;0
1227;7709 9140;0
1228;11718 9485;0
1229;7647 9140;0
1230;9485 9149;0
1231;3248 4491;0
1232;9668 7647;0
1233;7647 7709;0
1234;11718 9149;0
1235;7647 7709;0
1236;11718 9149;0
1237;3248 4491;0
1238;9668 7647;0
1239;3248 4491;0
1240;9668 7647;0
1241;3248 4491;0
1242;9668 7647;0
1243;3297 3537;0
1244;11516 7559;0
1245;11994 7559;0
1246;10096 1615;0
1247;12409 7559;0
1248;1615 7614;0
1249;1844 7823;0
1250;12409 9032;0
1251;12409 11994;0
1252;10096 7614;0
1253;12409 11994;0
1254;10096 7614;0
1255;1844 7823;0
1256;12409 9032;0
1257;1844 7823;0
1258;12409 9032;0
1259;1844 7823;0
1260;12409 9032;0
1261;2169 6170;0
1262;10096 660;0
1263;660 10262;0
1264;2252 186;0
1265;660 10461;0
1266;186 12156;0
1267;7965 9943;0
1268;10461 7614;0
1269;10461 10262;0
1270;2252 12156;0
1271;10461 10262;0
1272;2252 12156;0
1273;7965 9943;0
1274;10461 7614;0
1275;7965 9943;0
1276;10461 7614;0
1277;7965 9943;0
1278;10461 7614;0
1279;617 9775;0
1280;3914 2493;0
1281;3914 5011;0
1282;2493 5011;0
1283;3914 5011;0
1284;9411 3914;0
1285;5276 2479;0
1286;5346 2479;0
1287;5276 5346;0
1288;5346 2479;0
1289;8850 2479;0
1290;8793 878;0
1291;8793 3427;0
1292;878 3427;0
1293;8793 3427;0
1294;8793 7640;0
1295;3728 8042;0
1296;3767 8042;0
1297;3728 3767;0
1298;3767 8042;0
1299;10132 8042;0
1300;9851 7337;0
1301;7337 8117;0
1302;9851 8117;0
1303;7337 8117;0
1304;7337 7790;0
1305;8491 6544;0
1306;6544 6455;0
1307;8491 6455;0
1308;8491 6455;0
1309;1990 6376;0
1310;6376 12110;0
1311;1990 12110;0
1312;1990 12110;0
1313;6913 3471;0
1314;444 5230;0
1315;444 10511;0
1316;6476 11208;0
1317;11094 10511;0
1318;11201 11208;0
1319;444 11094;0
1320;6476 11201;0
1321;6382 11352;0
1322;11094 9263;0
1323;11094 10511;0
1324;11201 11208;0
1325;6382 11352;0
1326;11094 9263;0
1327;6382 11352;0
1328;11094 9263;0
1329;6382 11352;0
1330;11094 9263;0
1331;4861 4169;0
1332;2546 4169;0
1333;4861 2546;0
1334;4861 2546;0
1335;11243 3152;0
1336;3152 8855;0
1337;11243 8855;0
1338;11243 8855;0
1339;3064 3304;0
1340;7004 9899;0
1341;3270 11815;0
1342;9899 7057;0
1343;3270 8703;0
1344;9606 7963;0
1345;9899 7128;0
1346;3270 8774;0
1347;9606 7891;0
1348;10425 3044;0
1349;4646 7128;0
1350;11935 8774;0
1351;7128 7057;0
1352;8774 8703;0
1353;7891 7963;0
1354;7128 7057;0
1355;8774 8703;0
1356;7891 7963;0
1357;10425 3044;0
1358;4646 7128;0
1359;11935 8774;0
1360;10425 3044;0
1361;4646 7128;0
1362;11935 8774;0
1363;10425 3044;0
1364;4646 7128;0
1365;11935 8774;0
1366;1755 1469;0
1367;9972 1469;0
1368;1755 9972;0
1369;1755 9972;0
1370;7963 11006;0
1371;11191 561;0
1372;2057 10223;0
1373;561 10223;0
1374;2057 11815;0
1375;209 2076;0
1376;561 10195;0
1377;2057 11935;0
1378;209 6173;0
1379;7891 4646;0
1380;8867 10195;0
1381;10195 11935;0
1382;10195 10223;0
1383;11935 11815;0
1384;2076 6173;0
1385;10195 10223;0
1386;11935 11815;0
1387;2076 6173;0
1388;7891 4646;0
1389;8867 10195;0
1390;10195 11935;0
1391;7891 4646;0
1392;8867 10195;0
1393;10195 11935;0
1394;7891 4646;0
1395;8867 10195;0
1396;10195 11935;0
1397;11613 8703;0
1398;3377 9506;0
1399;4930 7777;0
1400;3377 5184;0
1401;4930 481;0
1402;5254 2621;0
1403;3377 9233;0
1404;4930 4673;0
1405;4431 5254;0
1406;10208 8774;0
1407;10028 9233;0
1408;7737 4673;0
1409;5184 9233;0
1410;481 4673;0
1411;4431 2621;0
1412;5184 9233;0
1413;481 4673;0
1414;4431 2621;0
1415;10208 8774;0
1416;10028 9233;0
1417;7737 4673;0
1418;10208 8774;0
1419;10028 9233;0
1420;7737 4673;0
1421;10208 8774;0
1422;10028 9233;0
1423;7737 4673;0
1424;7337 9712;0
1425;4445 9605;0
1426;1438 3674;0
1427;12461 4445;0
1428;11689 3674;0
1429;5949 4141;0
1430;4445 6822;0
1431;9167 3674;0
1432;6941 4141;0
1433;9205 8117;0
1434;4981 6822;0
1435;9167 1989;0
1436;12461 6822;0
1437;9167 11689;0
1438;5949 6941;0
1439;12461 6822;0
1440;9167 11689;0
1441;5949 6941;0
1442;9205 8117;0
1443;4981 6822;0
1444;9167 1989;0
1445;9205 8117;0
1446;4981 6822;0
1447;9167 1989;0
1448;9205 8117;0
1449;4981 6822;0
1450;9167 1989;0
1451;11612 6796;0
1452;11612 11468;0
1453;11468 6796;0
1454;11468 6796;0
1455;5949 10833;0
1456;10756 830;0
1457;11689 2440;0
1458;2972 830;0
1459;10916 2440;0
1460;9506 11498;0
1461;830 9784;0
1462;2440 11530;0
1463;10028 11498;0
1464;26 6941;0
1465;4739 9784;0
1466;9167 11530;0
1467;2972 9784;0
1468;10916 11530;0
1469;10028 9506;0
1470;2972 9784;0
1471;10916 11530;0
1472;10028 9506;0
1473;26 6941;0
1474;4739 9784;0
1475;9167 11530;0
1476;26 6941;0
1477;4739 9784;0
1478;9167 11530;0
1479;26 6941;0
1480;4739 9784;0
1481;9167 11530;0
1482;10 2669;0
1483;6064 1957;0
1484;9925 2930;0
1485;6064 104;0
1486;1957 9925;0
1487;1438 5514;0
1488;6064 6243;0
1489;2240 9925;0
1490;5514 1989;0
1491;152 2674;0
1492;2240 6243;0
1493;2240 1139;0
1494;6243 104;0
1495;2240 1957;0
1496;1438 1989;0
1497;6243 104;0
1498;2240 1957;0
1499;1438 1989;0
1500;152 2674;0
1501;2240 6243;0
1502;2240 1139;0
1503;152 2674;0
1504;2240 6243;0
1505;2240 1139;0
1506;152 2674;0
1507;2240 6243;0
1508;2240 1139;0
1509;11463 3000;0
1510;4858 8950;0
1511;2972 4216;0
1512;4497 8950;0
1513;6176 4216;0
1514;4534 4858;0
1515;11251 8950;0
1516;6324 4216;0
1517;4534 4822;0
1518;8156 4697;0
1519;4822 11251;0
1520;6324 9784;0
1521;4497 11251;0
1522;6176 6324;0
1523;4822 4858;0
1524;4497 11251;0
1525;6176 6324;0
1526;4822 4858;0
1527;8156 4697;0
1528;4822 11251;0
1529;6324 9784;0
1530;8156 4697;0
1531;4822 11251;0
1532;6324 9784;0
1533;8156 4697;0
1534;4822 11251;0
1535;6324 9784;0
1536;4497 1093;0
1537;7131 1233;0
1538;11718 8706;0
1539;2805 7131;0
1540;8706 3297;0
1541;9119 7248;0
1542;7131 11729;0
1543;8706 7823;0
1544;9736 7248;0
1545;11251 1139;0
1546;1844 11729;0
1547;7823 9149;0
1548;2805 11729;0
1549;3297 7823;0
1550;9119 9736;0
1551;2805 11729;0
1552;3297 7823;0
1553;9119 9736;0
1554;11251 1139;0
1555;1844 11729;0
1556;7823 9149;0
1557;11251 1139;0
1558;1844 11729;0
1559;7823 9149;0
1560;11251 1139;0
1561;1844 11729;0
1562;7823 9149;0
1563;11876 1560;0
1564;4428 10439;0
1565;1174 11925;0
1566;11876 10439;0
1567;7166 11925;0
1568;1174 11898;0
1569;338 10439;0
1570;1934 11925;0
1571;11898 8181;0
1572;3148 338;0
1573;338 4682;0
1574;1934 8181;0
1575;11876 338;0
1576;7166 1934;0
1577;1174 8181;0
1578;11876 338;0
1579;7166 1934;0
1580;1174 8181;0
1581;3148 338;0
1582;338 4682;0
1583;1934 8181;0
1584;3148 338;0
1585;338 4682;0
1586;1934 8181;0
1587;3148 338;0
1588;338 4682;0
1589;1934 8181;0
1590;10711 5802;0
1591;9119 6737;0
1592;8491 10220;0
1593;4428 6737;0
1594;5934 10220;0
1595;4922 2588;0
1596;6737 4682;0
1597;10220 380;0
1598;5046 2588;0
1599;7280 5755;0
1600;9736 4682;0
1601;6455 380;0
1602;4428 4682;0
1603;5934 380;0
1604;5046 4922;0
1605;4428 4682;0
1606;5934 380;0
1607;5046 4922;0
1608;7280 5755;0
1609;9736 4682;0
1610;6455 380;0
1611;7280 5755;0
1612;9736 4682;0
1613;6455 380;0
1614;7280 5755;0
1615;9736 4682;0
1616;6455 380;0
1617;10693 11118;0
1618;8618 10693;0
1619;8618 11118;0
1620;8618 11118;0
1621;7365 9441;0
1622;2551 9441;0
1623;2551 7365;0
1624;2551 7365;0
1625;980 2491;0
1626;980 9403;0
1627;2491 9403;0
1628;2491 9403;0
1629;1317 1628;0
1630;1317 3821;0
1631;3821 1628;0
1632;3821 1628;0
1633;5695 1299;0
1634;5695 1569;0
1635;1299 1569;0
1636;1299 1569;0
1637;6034 60;0
1638;6034 8556;0
1639;8556 60;0
1640;8556 60;0
1641;4172 5965;0
1642;4172 22;0
1643;5965 22;0
1644;5965 22;0
1645;4321 4880;0
1646;4321 6885;0
1647;6885 4880;0
1648;6885 4880;0
1649;6752 11532;0
1650;4433 11532;0
1651;6752 4433;0
1652;6752 4433;0
1653;11393 9028;0
1654;11393 10779;0
1655;10779 9028;0
1656;10779 9028;0
1657;11516 9778;0
1658;9032 9778;0
1659;11516 9032;0
1660;11516 9032;0
1661;11516 10097;0
1662;9825 7503;0
1663;2960 7503;0
1664;9825 2960;0
1665;2960 7503;0
1666;10822 12226;0
1667;12226 1679;0
1668;10822 1679;0
1669;12226 1679;0
1670;4757 10590;0
1671;687 4757;0
1672;687 10590;0
1673;687 4757;0
1674;2921 10714;0
1675;2451 10714;0
1676;2921 2451;0
1677;2451 10714;0
1678;3440 2765;0
1679;5369 3440;0
1680;5369 2765;0
1681;5369 3440;0
1682;1360 2910;0
1683;901 2910;0
1684;1360 901;0
1685;901 2910;0
1686;8163 1207;0
1687;3747 8163;0
1688;3747 1207;0
1689;3747 8163;0
1690;8500 6111;0
1691;8500 5567;0
1692;6111 5567;0
1693;8500 5567;0
1694;12038 4043;0
1695;12038 6637;0
1696;4043 6637;0
1697;12038 6637;0
1698;6913 4036;0
1699;6382 4036;0
1700;6913 6382;0
1701;6382 4036;0
1702;10544 8645;0
1703;8645 11194;0
1704;10544 11194;0
1705;10544 11194;0
1706;11064 9770;0
1707;11064 11133;0
1708;11133 9770;0
1709;11133 9770;0
1710;5916 9653;1
1711;5139 11946;0
1712;2684 9653;0
1713;9379 1819;0
1714;1819 2347;0
1715;9379 2347;0
1716;9379 2347;0
1717;3601 1702;0
1718;1702 1125;0
1719;3601 1125;0
1720;3601 1125;0
1721;1736 264;0
1722;264 503;0
1723;1736 503;0
1724;1736 503;0
1725;8475 18;0
1726;18 5835;0
1727;8475 5835;0
1728;8475 5835;0
1729;4103 4952;0
1730;4952 5987;0
1731;4103 5987;0
1732;4103 5987;0
1733;6980 12463;0
1734;4127 12463;0
1735;6980 4127;0
1736;6980 4127;0
1737;6772 4199;0
1738;4199 4435;0
1739;6772 4435;0
1740;6772 4435;0
1741;4030 5056;0
1742;4030 7576;0
1743;7576 5056;0
1744;7576 5056;0
1745;3981 6695;0
1746;4992 6695;0
1747;3981 4992;0
1748;3981 4992;0
1749;8982 3411;0
1750;12246 3411;0
1751;8982 12246;0
1752;12246 3411;0
1753;7166 9939;0
1754;7409 5922;0
1755;5934 8909;0
1756;7409 10071;0
1757;8909 11410;0
1758;2614 10711;0
1759;7409 9838;0
1760;8909 11421;0
1761;2614 7280;0
1762;7873 1934;0
1763;8304 9838;0
1764;380 11421;0
1765;9838 10071;0
1766;11421 11410;0
1767;7280 10711;0
1768;9838 10071;0
1769;11421 11410;0
1770;7280 10711;0
1771;7873 1934;0
1772;8304 9838;0
1773;380 11421;0
1774;7873 1934;0
1775;8304 9838;0
1776;380 11421;0
1777;7873 1934;0
1778;8304 9838;0
1779;380 11421;0
1780;1270 11943;0
1781;1270 2883;0
1782;11943 2883;0
1783;1270 2883;0
1784;12090 2019;0
1785;12090 2286;0
1786;2019 2286;0
1787;12090 2286;0
1788;6121 10376;0
1789;6121 1176;0
1790;10376 1176;0
1791;6121 1176;0
1792;5862 643;0
1793;5862 698;0
1794;643 698;0
1795;5862 698;0
1796;6839 5417;0
1797;4041 6839;0
1798;4041 5417;0
1799;4041 6839;0
1800;8887 11163;0
1801;8887 4348;0
1802;4348 11163;0
1803;8887 4348;0
1804;467 11452;0
1805;467 10872;0
1806;11452 10872;0
1807;467 10872;0
1808;3064 9651;0
1809;10425 3064;0
1810;10425 9651;0
1811;10425 3064;0
1812;5154 3304;0
1813;5154 3044;0
1814;3044 3304;0
1815;5154 3044;0
1816;516 1469;0
1817;2110 4542;0
1818;1506 1514;0
1819;3585 5334;0
1820;12038 6199;0
1821;6053 4542;0
1822;2116 1514;0
1823;3585 1506;0
1824;1024 6199;0
1825;8396 6167;0
1826;6053 6991;0
1827;2116 1829;0
1828;1506 8018;0
1829;1024 289;0
1830;6167 6295;0
1831;6991 4542;0
1832;1514 1829;0
1833;3585 8018;0
1834;6199 289;0
1835;8396 6295;0
1836;4620 9972;0
1837;11286 6991;0
1838;8018 1829;0
1839;5295 8018;0
1840;6637 289;0
1841;6053 6991;0
1842;2116 1829;0
1843;1506 8018;0
1844;1024 289;0
1845;6167 6295;0
1846;4620 9972;0
1847;11286 6991;0
1848;8018 1829;0
1849;5295 8018;0
1850;6637 289;0
1851;6053 2725;0
1852;2116 894;0
1853;9806 1506;0
1854;1024 1704;0
1855;1445 6167;0
1856;4620 9972;0
1857;11286 6991;0
1858;8018 1829;0
1859;5295 8018;0
1860;6637 289;0
1861;4620 9972;0
1862;11286 6991;0
1863;8018 1829;0
1864;5295 8018;0
1865;6637 289;0
1866;7004 11006;0
1867;4646 11006;0
1868;7004 4646;0
1869;7004 4646;0
1870;11613 9251;0
1871;11613 10208;0
1872;10208 9251;0
1873;10208 9251;0
1874;11563 9712;0
1875;9205 9712;0
1876;11563 9205;0
1877;11563 9205;0
1878;2252 8228;0
1879;11243 12487;0
1880;12487 1888;0
1881;2361 7161;0
1882;10229 12487;0
1883;10016 7161;0
1884;8304 12156;0
1885;8855 10229;0
1886;10229 1888;0
1887;10016 2361;0
1888;10229 1888;0
1889;10016 2361;0
1890;8304 12156;0
1891;8855 10229;0
1892;8304 12156;0
1893;8855 10229;0
1894;8304 12156;0
1895;8855 10229;0
1896;5759 10833;0
1897;26 10833;0
1898;26 5759;0
1899;26 5759;0
1900;2669 10791;0
1901;2669 2674;0
1902;2674 10791;0
1903;2674 10791;0
1904;4412 3000;0
1905;4697 3000;0
1906;4697 4412;0
1907;4697 4412;0
1908;1093 2930;0
1909;1093 1139;0
1910;1139 2930;0
1911;1139 2930;0
1912;9151 1560;0
1913;3148 1560;0
1914;3148 9151;0
1915;3148 9151;0
1916;8131 5802;0
1917;5802 5755;0
1918;8131 5755;0
1919;8131 5755;0
1920;9939 7546;0
1921;7873 9939;0
1922;7873 7546;0
1923;7873 7546;0
1924;6610 4244;0
1925;4244 4262;0
1926;6610 4262;0
1927;6610 4262;0
1928;2133 12131;0
1929;6568 2133;0
1930;6568 12131;0
1931;6568 12131;0
1932;11191 10887;0
1933;8867 10887;0
1934;11191 8867;0
1935;11191 8867;0
1936;545 10657;0
1937;11328 545;0
1938;11328 10657;0
1939;11328 10657;0
1940;9605 3058;0
1941;4981 3058;0
1942;4981 9605;0
1943;4981 9605;0
1944;5218 2787;0
1945;9668 5218;0
1946;9668 2787;0
1947;9668 2787;0
1948;1764 1486;0
1949;3248 1486;0
1950;3248 1764;0
1951;3248 1764;0
1952;3537 1233;0
1953;1844 3537;0
1954;1844 1233;0
1955;1844 1233;0
1956;206 6170;0
1957;7965 6170;0
1958;7965 206;0
1959;7965 206;0
1960;8228 5922;0
1961;8228 8304;0
1962;8304 5922;0
1963;8304 5922;0
1964;11738 4671;0
1965;6443 11738;0
1966;6443 4671;0
1967;6443 11738;0
1968;1566 11738;0
1969;6715 4610;0
1970;6968 4610;0
1971;6715 6968;0
1972;6968 4610;0
1973;953 4610;0
1974;10353 9236;0
1975;10972 10353;0
1976;10972 9236;0
1977;10972 10353;0
1978;10353 12397;0
1979;9727 2611;0
1980;9727 11677;0
1981;11677 2611;0
1982;9727 11677;0
1983;9727 2300;0
1984;4337 8639;0
1985;4337 5385;0
1986;5385 8639;0
1987;4337 5385;0
1988;4337 12359;0
1989;3712 1044;0
1990;2239 3712;0
1991;2239 1044;0
1992;2239 3712;0
1993;2262 3712;0
1994;9331 7113;0
1995;9331 3881;0
1996;3881 7113;0
1997;9331 3881;0
1998;66 9331;0
1999;8551 5752;0
2000;8418 5752;0
2001;8551 8418;0
2002;8418 5752;0
2003;5636 5752;0
2004;8321 11781;0
2005;7784 11781;0
2006;8321 7784;0
2007;7784 11781;0
2008;10603 11781;0
2009;12327 6871;0
2010;12327 6837;0
2011;6871 6837;0
2012;12327 6837;0
2013;12327 602;0
2014;8131 11612;0
2015;2989 12367;0
2016;1066 10440;0
2017;12354 10820;0
2018;2989 9573;0
2019;12460 10440;0
2020;10820 11072;0
2021;10756 2638;0
2022;2989 1149;0
2023;23 10440;0
2024;10820 11435;0
2025;4739 2638;0
2026;11468 5755;0
2027;263 1149;0
2028;8600 23;0
2029;12474 11435;0
2030;9573 1149;0
2031;12460 23;0
2032;11435 11072;0
2033;10756 4739;0
2034;9573 1149;0
2035;12460 23;0
2036;11435 11072;0
2037;10756 4739;0
2038;11468 5755;0
2039;263 1149;0
2040;8600 23;0
2041;12474 11435;0
2042;11468 5755;0
2043;263 1149;0
2044;8600 23;0
2045;9426 11435;0
2046;11468 5755;0
2047;263 1149;0
2048;8600 23;0
2049;12474 11435;0
2050;4874 5844;0
2051;3929 5031;0
2052;5031 610;0
2053;3929 610;0
2054;5031 610;0
2055;745 5031;0
2056;3497 5353;0
2057;6800 5353;0
2058;3497 6800;0
2059;6800 5353;0
2060;4763 5353;0
2061;8894 3432;0
2062;3432 5275;0
2063;8894 5275;0
2064;3432 5275;0
2065;3432 4047;0
2066;8050 3759;0
2067;11347 3759;0
2068;8050 11347;0
2069;11347 3759;0
2070;6758 3759;0
2071;7332 8167;0
2072;7381 8167;0
2073;7332 7381;0
2074;7381 8167;0
2075;8167 5298;0
2076;3418 9877;0
2077;11960 6652;0
2078;2911 6652;0
2079;11960 2911;0
2080;2911 6652;0
2081;5418 6652;0
2082;3186 6569;0
2083;1352 1977;0
2084;12097 1977;0
2085;12097 1352;0
2086;12097 1977;0
2087;8686 1977;0
2088;10399 569;0
2089;10399 11211;0
2090;11211 569;0
2091;10399 11211;0
2092;10399 11510;0
2093;4115 5955;0
2094;5955 459;0
2095;4115 459;0
2096;5955 459;0
2097;5955 3719;0
2098;2559 5389;0
2099;2553 5389;0
2100;2559 2553;0
2101;2553 5389;0
2102;8190 5389;0
2103;5131 11522;0
2104;1015 3411;0
2105;1015 3828;0
2106;8785 4309;0
2107;3641 3828;0
2108;977 4309;0
2109;1015 3641;0
2110;8785 977;0
2111;5139 11992 777;1
2112;12246 3641;0
2113;3641 3828;0
2114;977 4309;0
2115;7943 3821;0
2116;12246 3641;0
2117;9426 12474;0
2118;12246 3641;0
2119;9775 2259;0
2120;12246 3641;0
2121;9825 6652;0
2122;9063 7727;0
2123;7727 8563;0
2124;7105 9063;0
2125;8514 8563;0
2126;5731 9063;0
2127;7727 8514;0
2128;7105 5731;0
2129;2960 2911;0
2130;5731 8514;0
2131;8514 8563;0
2132;5731 9063;0
2133;2960 2911;0
2134;5731 8514;0
2135;2960 2911;0
2136;5731 8514;0
2137;2960 2911;0
2138;5731 8514;0
2139;10822 6884;0
2140;7501 12500;0
2141;12500 6884;0
2142;11765 7501;0
2143;6996 6884;0
2144;7501 1692;0
2145;12500 6996;0
2146;11765 1692;0
2147;6996 1679;0
2148;1692 6996;0
2149;6996 6884;0
2150;7501 1692;0
2151;6996 1679;0
2152;1692 6996;0
2153;6996 1679;0
2154;1692 6996;0
2155;6996 1679;0
2156;1692 6996;0
2157;1977 10590;0
2158;3432 10778;0
2159;10778 11592;0
2160;10190 12418;0
2161;2657 11592;0
2162;12418 175;0
2163;2657 10778;0
2164;10190 175;0
2165;687 12097;0
2166;2657 5275;0
2167;2657 11592;0
2168;12418 175;0
2169;687 12097;0
2170;2657 5275;0
2171;687 12097;0
2172;2657 5275;0
2173;687 12097;0
2174;2657 5275;0
2175;6752 2921;0
2176;2961 3440;0
2177;3380 2961;0
2178;2428 10934;0
2179;962 3380;0
2180;10934 4847;0
2181;962 2961;0
2182;2428 4847;0
2183;4433 2451;0
2184;5369 962;0
2185;962 3380;0
2186;10934 4847;0
2187;4433 2451;0
2188;5369 962;0
2189;4433 2451;0
2190;5369 962;0
2191;4433 2451;0
2192;5369 962;0
2193;2765 4880;0
2194;9179 7365;0
2195;9179 9511;0
2196;9227 3371;0
2197;7671 9511;0
2198;11688 3371;0
2199;9179 7671;0
2200;11688 9227;0
2201;5369 6885;0
2202;2551 7671;0
2203;7671 9511;0
2204;11688 3371;0
2205;5369 6885;0
2206;2551 7671;0
2207;5369 6885;0
2208;2551 7671;0
2209;5369 6885;0
2210;2551 7671;0
2211;559 1360;0
2212;7582 2211;0
2213;7582 1687;0
2214;7631 9134;0
2215;11874 1687;0
2216;10012 9134;0
2217;7582 11874;0
2218;10012 7631;0
2219;901 3821;0
2220;2167 11874;0
2221;11874 1687;0
2222;10012 9134;0
2223;7943 901;0
2224;2167 11874;0
2225;901 3821;0
2226;2167 11874;0
2227;901 3821;0
2228;2167 11874;0
2229;1207 9134;0
2230;5505 9062;0
2231;5505 326;0
2232;2211 12371;0
2233;10366 326;0
2234;2167 2211;0
2235;5505 10366;0
2236;2167 12371;0
2237;3747 10012;0
2238;10366 9174;0
2239;10366 326;0
2240;2167 2211;0
2241;3747 10012;0
2242;10366 9174;0
2243;3747 10012;0
2244;10366 9174;0
2245;3747 10012;0
2246;10366 9174;0
2247;4036 6111;0
2248;6053 3917;0
2249;3917 5007;0
2250;640 10306;0
2251;2524 5007;0
2252;592 640;0
2253;3917 2524;0
2254;592 10306;0
2255;6382 5567;0
2256;6991 2524;0
2257;2524 5007;0
2258;592 640;0
2259;6382 5567;0
2260;6991 2524;0
2261;6382 5567;0
2262;6991 2524;0
2263;6382 5567;0
2264;6991 2524;0
2265;10544 4043;0
2266;5154 8934;0
2267;8934 3471;0
2268;5334 3485;0
2269;11352 3471;0
2270;5295 5334;0
2271;11352 8934;0
2272;5295 3485;0
2273;11194 6637;0
2274;11352 3044;0
2275;11352 3471;0
2276;5295 5334;0
2277;11194 6637;0
2278;11352 3044;0
2279;11194 6637;0
2280;11352 3044;0
2281;11194 6637;0
2282;11352 3044;0
2283;10262 6695;0
2284;353 6462;0
2285;8802 8037;0
2286;7945 6462;0
2287;3642 8037;0
2288;7412 8178;0
2289;7945 4496;0
2290;3778 3642;0
2291;9854 8178;0
2292;4496 6462;0
2293;3778 8037;0
2294;9854 7412;0
2295;10461 4992;0
2296;8244 4496;0
2297;9578 3778;0
2298;7945 4496;0
2299;3778 3642;0
2300;9854 8178;0
2301;10461 4992;0
2302;8244 4496;0
2303;9578 3778;0
2304;10461 4992;0
2305;8244 4496;0
2306;9578 3778;0
2307;10461 4992;0
2308;8244 4496;0
2309;9578 3778;0
2310;8982 8563;0
2311;9750 7945;0
2312;1917 11247;0
2313;9750 7253;0
2314;11247 8949;0
2315;7319 8802;0
2316;7253 2777;0
2317;8949 10575;0
2318;9578 8802;0
2319;9750 2777;0
2320;11247 10575;0
2321;9578 7319;0
2322;12246 8514;0
2323;2777 4496;0
2324;3683 10575;0
2325;7253 2777;0
2326;8949 10575;0
2327;9578 8802;0
2328;12246 8514;0
2329;2777 4496;0
2330;3683 10575;0
2331;12246 8514;0
2332;2777 4496;0
2333;3683 10575;0
2334;12246 8514;0
2335;2777 4496;0
2336;3683 10575;0
2337;1790 11955;0
2338;11955 11928;0
2339;1790 11928;0
2340;1790 11928;0
2341;11943 10463;0
2342;3642 5915;0
2343;2076 1235;0
2344;353 5915;0
2345;1917 1235;0
2346;228 10463;0
2347;353 8244;0
2348;1917 3683;0
2349;10463 6112;0
2350;8244 5915;0
2351;3683 1235;0
2352;228 6112;0
2353;2883 6112;0
2354;3778 8244;0
2355;3683 6173;0
2356;353 8244;0
2357;1917 3683;0
2358;10463 6112;0
2359;2883 6112;0
2360;3778 8244;0
2361;3683 6173;0
2362;2883 6112;0
2363;3778 8244;0
2364;3683 6173;0
2365;2883 6112;0
2366;3778 8244;0
2367;3683 6173;0
2368;4918 4611;0
2369;6373 4611;0
2370;6373 4918;0
2371;6373 4918;0
2372;8949 2019;0
2373;12327 9336;0
2374;6121 4438;0
2375;3328 9336;0
2376;5042 4438;0
2377;11046 3404;0
2378;3328 11654;0
2379;5042 6735;0
2380;11046 9327;0
2381;11654 9336;0
2382;6735 4438;0
2383;3404 9327;0
2384;10575 2286;0
2385;11654 6837;0
2386;1176 6735;0
2387;3328 11654;0
2388;5042 6735;0
2389;11046 9327;0
2390;10575 2286;0
2391;11654 6837;0
2392;1176 6735;0
2393;10575 2286;0
2394;11654 6837;0
2395;1176 6735;0
2396;10575 2286;0
2397;11654 6837;0
2398;1176 6735;0
2399;7995 9383 8961 8229 2136 9263 2812 10622 263;0
2400;9368 1402 537 9943 8600 2136 10569;0
2401;10144 1402 7314 12409 4620 7614 9149 4491 11806 5657;0
2402;3195 12110 10461 8855 2546 7885 6455 12156 5657 10103;0
2403;869 11468 9972 7885 141 9784;0
2404;6124 5046 1934 6324 1186 141 380 8181 11729 7823;0
2405;6124 6239 9032 124;0
2406;6090 124 6050;0
2407;10425 4072 6090 7280 4992 3044 9838 11421 4203;0
2408;5364 3148 10016 10229 1139 6385 8681 4203 6375;0
2409;7965 3248 1844 9668 7873 6385 8304 5755 4388 4864;0
2410;4564 4739 23 4864 11090 3136 1149;0
2411;4564 9369 8813;0
2412;11352 11448 4511 9306 8813;0
2413;11484 1029 2554 1017 9318 6960;0
2414;6478 9645;0
2415;1012 9645 723;0
2416;1012 7665;0
2417;376 1012 7889 10406 11164;0
2418;3993 324 6431;0
2419;1701 7752 6074 1835 7030;0
2420;2202 1895 2604 2848 11786;0
2421;3571 11519 12493 5124;0
2422;5067 5165 1271 11484 3288;0
2423;8166 12452 1112 9834 7030;0
2424;6650 4541 3708 4306 1098 11164;0
2425;7418 8034 2982 8114 1972 9504 1346 3783;0
2426;5641 2935 7463 2520 9504 82 4801 7725 7931;0
2427;11854 8965 8148 2935 4505 12244 11260 1106;0
2428;7289 2351 8721 9820 3177 7474 3309 1106;0
2429;12056 3177;0
2430;1701 5274 10949 4240 1414 2811 7205 1660;0
2431;12030 6650 1414 7150 4748 1901 6957 5818;0
2432;4270 3733 3898 1383 1250 11906 12493 5818;0
2433;1383 1635;0
2434;510 12334 5941 796 10213 7924 12423 5780;0
2435;2595 3124 7924 6745 5053 1371 4889 1760;0
2436;10925 8312 10802 4928 6009 11786;1
2437;8312 5768 8354 9959 6479 6891;0
2438;2554 194 6891 259 11377 4158;0
2439;6320 5067 5000 6870 10729 4158;0
2440;12471 6870 2427 4360 11527 4239;1
2441;5001 12003 12471 4250 10666 10233;0
2442;6801 2966 5833 4307 10443 10233;0
2443;6801 3923 6809 11145 12166 5376;0
2444;11055 10825 4454 11145 2742 9813;0
2445;3458 10825 5257 1800 11608 2872;0
2446;10769 6982 11608 8918 9257 9873;1
2447;3491 6593 10769 9061 8609 2673;0
2448;1400 352 4696 4111 9068 2673;0
2449;11369 4696 9575 6812 6178 3846;0
2450;9577 6617 11998 9575 11679 1962;0
2451;8034 12078 9470 1069 4639 8899 6617 3013 4933 3637 2832;0
2452;11014 12078 5784 9677 8375 7725 1967 6012 2915 11301 8164;0
2453;6634 8148 3890 9937 4217 3296 1353 1053 7465 10722 1967;0
2454;10977 10487 10077 512 1353 5992 11224 12488 7474 10954 6;0
2455;6867 280 10427 1872 2720 9834 7259 11224 10747 12377 1316;0
2456;1701 9761 10427 11029 11149 6251 5392 5384 645 6031 10744;0
2457;10165 1047 9960 6650 10543 3026 5078 11149 10384 8927 2736;0
2458;2097 2113 9700 5439 10543 2734 6962 265 1846 12493 463;0
2459;7402 8486 3488 4407 2202 6020 5745 11391 5331 2875 463;0
2460;11924 1648 11663 11730 5212 6020 9839 11699 12423 1279 12085;0
2461;163 9558 12262 1484 1777 10060 1821 1760;0
2462;3530 10368 3582 1727 1150 1484 6105 10819;0
2463;1671 3582 735 8676 10788 195 7979 262;0
2464;256 8262 122 11000 683 5846 10785 7979;0
2465;10672 256 989 672 6224 10904 2538 4951;0
2466;6224 10990;0
2467;4815 8064 5701 5748 6157 2622 4073 260;0
2468;8051 8231 9837 6157 7345 4038 7750 3001;0
2469;6527 8231 4134 4144 5422 2938 2187 6288;0
2470;6542 1593 9710 2343 5380 12432 2934 6288;0
2471;3697 6984 6740 4479;0
2472;924 6700 10422 4479;0
2473;10979 237 6700 5723;0
2474;10979 890 10383 10336;0
2475;372 10336 5672 9226;0
2476;8025 11704 6055 9226;0
2477;7744 8296 11704 9295;0
2478;5609 11627 1419 9295;0
2479;9469 4912 11627 8343;0
2480;9469 5612 2497 4580;0
2481;5058 6572 2497 4183;0
2482;10044 2560 10406 10751 11701;0
2483;1920 2560 232 1627 5400;0
2484;7600 9398 2698 10875 5400;0
2485;9398 2698 11930 11700 5160;0
2486;9398 10621 4333 5160 7549;0
2487;2501 9398 8757 4333 12407;0
2488;8757 2234 981 11664 4824;0
2489;981 11664 10004 284 3827;0
2490;12169 1108 3024 11664 3827;0
2491;1108 11664 10291 10123 3572;0
2492;665 9077 5952 9298 3572;0
2493;7191 2922 9077 10363 9298;0
2494;921 7191 594 5675 9298;0
2495;5057 5675 9298 5015 8587;0
2496;3355 5826 3919 4344 8587;0
2497;3355 5826 6731 2515 8539;0
2498;3355 5342 7487 4340 8539;0
2499;11934 3355 6677 7487 2480;0
2500;11934 5278 4174 3255 9350;0
2501;4174 2181 9350 3454 6894;0
2502;8891 12484 9296 9350 6894;0
2503;11661 12484 879 7016 9350;0
2504;3397 3775 1473 12453 7016;0
2505;5495 10189 3397 12453 8030;0
2506;10189 3397 1481 7338 170;0
2507;5625 9855 3397 170 11624;0
2508;11091 8016 10855 7976 11624;0
2509;11091 6539 10855 11565 6456;0
2510;1599 11091 8470 10932 11565;0
2511;11091 2390 6164 10932 6545;0
2512;3978 2390 6645 12108 4835;0
2513;5137 2020 6645 4835 10035;0
2514;6379 6645 2953 7190 10035;0
2515;841 6645 2953 5678 11140;0
2516;841 3103 8589 4347 9258;0
2517;791 7258 3103 3269 4347;0
2518;791 9767 8781 4347 3265;0
2519;7514 9124 4347 2737 3265;0
2520;8332 9124 232 1384 7200;0
2521;3826 5574 232 11723 1384;0
2522;5574 3718 10406 7890 9125;0
2523;5858 232 4139 8019 9125;0
2524;1733 10044 12219 3463 2158;0
2525;8956 302 3463 1096 1627;0
2526;7600 8956 3439 12486 2189;0
2527;8890 2233 337 3439 11930;0
2528;4 8890 11357 7549 11240;0
2529;7164 6718 10737 12407 11357;0
2530;10637 2234 10737 8023 10541;0
2531;469 7399 8023 2512 284;0
2532;12169 7399 11109 5047 10065;0
2533;3372 7339 10291 9654 10065;0
2534;3054 7339 665 2328 9965;0
2535;11894 9399 2908 10363 9965;0
2536;1358 594 9528 2908 873;0
2537;2783 1358 11982 1856 5015;0
2538;5932 11982 3919 2043 9991;0
2539;12116 1654 2515 957 2043;0
2540;809 12116 5342 3247 2025;0
2541;8041 1334 2480 5177 2025;0
2542;6044 5278 1745 1334 12325;0
2543;6044 1143 6525 10394 3454;0
2544;1464 10394 8891 12467 701;0
2545;10524 2271 879 5499 701;0
2546;1239 34 10524 3775 451;0
2547;5691 6019 4185 451 8030;0
2548;4031 203 1041 6019 7338;0
2549;4031 9855 3395 2578 5653;0
2550;2578 8016 8251 9283 5375;0
2551;7941 11390 4484 5375 6456;0
2552;8470 5465 4484 5683 5170;0
2553;6528 4303 5805 5170 6545;0
2554;8760 8540 4303 12108 6993;0
2555;6160 8760 2020 11065 7476;0
2556;6379 6951 11065 3847 5853;0
2557;8045 9284 3913 3847 11140;0
2558;8602 6282 9284 7745 9258;0
2559;8602 7258 10105 3949 9643;0
2560;3137 1653 6454 3056 9643;0
2561;12125 5087 6516 5264 3056;0
2562;3150 5087 9948 5661 11697;0
2563;1794 8077 9948 10381 8756;0
2564;1794 3718 1524 8942 7766;0
2565;11033 1524 8019 247;0
2566;4394 1083 10895 11040;0
2567;4394 1083 10343 11619 9270;0
2568;6000 324 10343 11552 9270 6786;0
2569;6000 324 10343 11552 7010 9200 6804;0
2570;2906 6000 324 8701 10343 7010 9200 6804;0
2571;6102 6384 9577 5476 804 2218 6440 4539 7607;1
2572;3217 8034 5245 4539 5294 3752 7912 11837 4958;0
2573;10659 4958;0
2574;9216 4657;0
2575;7342 6965;0
2576;7967 4401 4669;0
2577;11031 12086 3002;0
2578;9273 753 1088;0
2579;10710 11541 2957;0
2580;836 2580 9218;0
2581;3133 9574 8626;0
2582;3867 9181 2362;0
2583;7688 7099 1435;0
2584;8398 5767 10042;0
2585;4985 1391 7654;0
2586;5665 9999;0
2587;7866 5852;0
2588;8402 7581;0
2589;528 6076;0
2590;4281 6052;0
2591;4301 6572 4215 2604;0
2592;6306 4916 4215 6744;0
2593;4339 4263 6306 12159;0
2594;4263 2105 6827 12159;0
2595;4263 11042 2105 8814;0
2596;10760 11312 4916 8814;0
2597;9051 11312 4916 8943;0
2598;11264 342 8943 11412;0
2599;9013 11264 342 10612;0
2600;342 534 11381 10612;0
2601;9495 342 534 7292;0
2602;3008 5786 9596 7292;0
2603;7521 5786 9596 3053;0
2604;5786 9730 9846 3053;0
2605;5786 9730 1723 2813;0
2606;1070 5225 8248 2813;0
2607;3557 3565 5225 3562 8248;0
2608;3557 3565 1769 1605 8248;0
2609;1769 1605 8248 1495 1013;0
2610;1900 1738 7573 1495 1013;0
2611;1900 1738 7573 1263 271;0
2612;7573 3665 5816 1263 271;0
2613;7960 8427 7573 3665 5816;0
2614;7960 8427 205 37 1841;0
2615;205 37 1841 6177 5854;0
2616;351 1841 4145 6177 5854;0
2617;351 1841 4145 5942 4950;0
2618;8258 5062 4138 5942 4950;0
2619;6398 7007 8258 5062 4138;0
2620;6398 7007 4909 5062 12449;0
2621;4909 5062 12449 4667 4461;0
2622;4916 9645 4667 4461;0
2623;1875 6009 4401 3002;0
2624;1348 8354 1088 3002;0
2625;1647 2554 1088 2957;0
2626;1275 5067 836 2957;0
2627;3133 836 5742 4360;0
2628;5001 3133 8504 9181;0
2629;325 4307 9181 1435;0
2630;6021 6809 5767 1435;0
2631;11055 55 5767 1391;0
2632;6027 3458 5665 1391;0
2633;5093 7866 5665 6440 9257;0
2634;3491 7866 9388 5294 7581;0
2635;6868 4661 9068 7581 6076;0
2636;4990 11369 4281 10987 6076;0
2637;9577 10661 2982 4281 3266;0
2638;7575 6145 6440 8405 4360;0
2639;5001 6145 5294 1519 4258;0
2640;4661 5540 4307 5307 4258;0
2641;12186 6809 3445 10987 5307;0
2642;11055 1618 10661 5473 3445;0
2643;11663 9293;0
2644;163 3985 5627 1380 2349 9706;0
2645;7265 2349 7619 2217 6105 6300;0
2646;10040 1470 5099 7619 10788 5150;0
2647;5525 10040 683 4357 4528 7701;1
2648;8981 10068 10812 7701 7882 10904;0
2649;9763 10068 508 4645 102 1892;0
2650;4815 8923 6060 820 9535 1892;0
2651;4252 2836 820 11855 4038 11012;0
2652;5438 2225 10709 6494 11855 2938;0
2653;6675 2225 9472 5380 329;1
2654;2829 611 3137 10870 329;0
2655;5264 2534 1048 2779 10870;0
2656;3150 7395 4712 1837 2534;0
2657;4712 12072 3872 8756 4401;0
2658;5858 7232 8445;0
2659;5828 8445 5743;0
2660;8562 8276 5743;0
2661;12105 7639 8562;0
2662;7007 8427 3565 37 1605 4145 5854 1013 7721 1738 7715 5816 4138 271 4950 12449;0
2663;5055 4113 12482 10072 8545 10044;0
2664;11069 2288 4113 10072 1746 1627;0
2665;7600 8481 1746 5 7796 1793;0
2666;11930 5870 7796 12232 1793 200;0
2667;7796 7549 3190 2692 10851 200;0
2668;7796 2692 673 11767 12407 1310;0
2669;8074 10754 1180 2234 11767 2752;0
2670;741 8074 1882 7199 284 2752;0
2671;12169 8074 4762 9719 1248 7199;0
2672;1913 8074 4062 10291 1248 9043;0
2673;665 9043 2722 6002 8302 7724;0
2674;5003 5371 12312 10363 8302 7724;0
2675;11629 2977 11580 594 12312 7724;0
2676;9555 5452 11580 10865 7724 5015;0
2677;10081 3082 3219 8261 10865 3919;0
2678;8627 11310 3082 2515 8261 9915;0
2679;5342 11310 8261 1425 4475 7296;0
2680;9742 3729 8261 9268 2480 7296;0
2681;7148 9742 5278 10515 9058 8180;0
2682;3871 7148 5468 3660 3604 3454;0
2683;8162 298 5819 10515 8891 3604;0
2684;7101 879 4338 3116 5819;0
2685;3346 6646 3775 9920 3116;0
2686;6646 8030 8423 11428 11621;0
2687;7794 10025 12423 11621 6629;0
2688;8434 8898 10025 3124 7751;0
2689;5098 163 6598 8898 8770;0
2690;11970 4493 7241 8770 6105;0
2691;3556 10788 7241 2100 9773;0
2692;6262 683 6899 2890 9773;0
2693;6841 11877 6262 10904 11179;0
2694;10203 11877 9229 6681 508;0
2695;4815 10203 8865 7340 9195 3660;0
2696;2359 9609 8865 2476 3660 4038;0
2697;2359 2938 11262 3660 2903 9976;0
2698;5380 1589 10628 8993 9976 7684;0
2699;8798 11961 5255 3137 1589 10628;0
2700;1864 8798 11579 1589 2799 5264;0
2701;3150 12010 1589 2799 7410 12113;0
2702;11941 10072 524 12010 1747 8756;0
2703;10072 524 3718 8379 7504 1354;0
2704;10515 4690 7504 4324 8019 1365;0
2705;8701 7258 11384 7868;0
2706;9767 11384 3792 7560;0
2707;2737 3792 8043 6220;0
2708;4154 7200 8043 3730;0
2709;10346 8189 11723 3730;0
2710;7363 8189 3718 3994;0
2711;7363 9790 6278 8019;0
2712;9790 7819 1792 12281;0
2713;8880 11977 7819 6490;0
2714;1922 8979 12073 6490;0
2715;11273 1185 12073 6984;0
2716;3458 1618 3947 6881 984 132 9582 466 821 1152;1
2717;10390 9580 6485 1151 9257 6825 984 8797 10826 3852;0
2718;3852 9478;0
2719;2857 9324;0
2720;6102 11173 110 4570 11369 192 6883 3854 11351 7082;0
2721;7304 7625;0
2722;6445 12005 9135 8354 10020 6960;0
2723;12452 4541;0
2724;7657 6009;0
2725;773 8354;0
2726;2554 12048;0
2727;5067 3524;0
2728;4360 6390;0
2729;2892 5001;0
2730;2896 4307;0
2731;12361 6809;0
2732;11055 6221;0
2733;3458 6663;0
2734;4811 9257;0
2735;3491 3330;0
2736;8844 9068;0
2737;201 11369;0
2738;9577 4675;0
2739;8034 11409;0
2740;10595 7725;0
2741;6977 8148;0
2742;7264 7474;0
2743;8263 9834;0
2744;7377 1701;0
2745;6650 10063;0
2746;2774 12493;0
2747;2202 6504;0
2748;4944 12423;0
2749;3124 2266;0
2750;11963 163;0
2751;4920 6105;0
2752;10788 6356;0
2753;683 11024;0
2754;10420 10904;0
2755;4400 508;0
2756;10375 4815;0
2757;691 4038;0
2758;5871 2938;0
2759;5380 4078;0
2760;3137 9278;0
2761;1547 5264;0
2762;3150 5427;0
2763;4636 8756;0
2764;11225 3718;0
2765;10930 8019;0
2766;1792 8683;0
2767;11487 11977;0
2768;1922 10555;0
2769;1185 11445;0
2770;3697 9772;0
2771;3071 10422;0
2772;5269 237;0
2773;9807 10383;0
2774;372 2867;0
2775;6055 9962;0
2776;8296 2272;0
2777;1510 1419;0
2778;3801 4912;0
2779;2122 4580;0
2780;5058 1274;0
2781;817 4886;0
2782;10762 3777;0
2783;5496 11262;0
2784;12051 5297;0
2785;6606 3542;0
2786;8638 10490;0
2787;1993 6949;0
2788;3443 11833;0
2789;12462 1396;0
2790;8192 9673;0
2791;1098 5124;0
2792;1895 3571;0
2793;5580 6118;0
2794;3873 5101;0
2795;756 3894;0
2796;10479 3190;0
2797;1112 2552;0
2798;1835 4306;0
2799;8714 7798;0
2800;7156 9931;0
2801;6187 10207 4102;0
2802;7621 2962;0
2803;111 6711;0
2804;10347 377;0
2805;2484 4867;0
2806;928 4499;0
2807;11519 6003;0
2808;7097 5172;0
2809;8274 2199;0
2810;1536 2255;0
2811;5383 10801;0
2812;4729 7106;0
2813;3573 8449;0
2814;1610 7278;0
2815;11850 5534;0
2816;8937 9645;0
2817;3094 12340;0
2818;7853 8;0
2819;11705 4230;0
2820;8632 591;0
2821;4486 10011;0
2822;4061 8413;0
2823;8067 8960;0
2824;8993 12335;0
2825;9248 9917;0
2826;3282 2307;0
2827;1388 8260;0
2828;5647 3874 7971;0
2829;6319 11690;0
2830;5442 1367;0
2831;7625 10683;0
2832;11113 10020;0
2833;7575 5165;0
2834;8545 1593;0
2835;12219 1365;0
2836;4638 247 10751;0
2837;10915 11040;0
2838;4394 2394;0
2839;4837 9270;0
2840;11552 9967;0
2841;3722 12482;0
2842;1920 2288;0
2843;1193 5;0
2844;12232 1863;0
2845;10851 1332;0
2846;673 3649;0
2847;8478 10754;0
2848;374 741;0
2849;5874 4762;0
2850;4062 300;0
2851;2722 5952;0
2852;5371 8382;0
2853;6640 2977;0
2854;5057 5452;0
2855;4344 3219;0
2856;6731 8627;0
2857;1425 4340;0
2858;3729 6677;0
2859;11095 8180;0
2860;3871 10304;0
2861;9296 8162;0
2862;11661 7101;0
2863;9920 9193;0
2864;8423 11432;0
2865;9545 6629;0
2866;8434 2472;0
2867;7814 6598;0
2868;10075 11970;0
2869;1599 2100;0
2870;6899 1126;0
2871;3569 11179;0
2872;9072 9229;0
2873;7190 7340;0
2874;5678 9609;0
2875;8589 2903;0
2876;5820 7684;0
2877;8497 11961;0
2878;7514 1864;0
2879;11832 12113;0
2880;4168 1747;0
2881;6903 1354;0
2882;4690 4139;0
2883;10948 11240;0
2884;6718 7876;0
2885;10541 3840;0
2886;7840 469;0
2887;11109 7074;0
2888;9882 9654;0
2889;8535 2328;0
2890;6596 9399;0
2891;9528 9901;0
2892;2174 5683;0
2893;1476 5805;0
2894;5500 8540;0
2895;7476 2115;0
2896;636 5853;0
2897;6223 4185;0
2898;601 1041;0
2899;6163 3395;0
2900;3936 9283;0
2901;6302 11390;0
2902;5661 5368;0
2903;8077 4524;0
2904;5320 7766;0
2905;11025 8045;0
2906;3379 7745;0
2907;9256 10105;0
2908;1653 7374;0
2909;9213 6516;0
2910;7406 12325;0
2911;9716 6525;0
2912;2885 12467;0
2913;7425 2271;0
2914;34 11983;0
2915;7707 1856;0
2916;12084 9991;0
2917;1870 1654;0
2918;809 1340;0
2919;5177 11840;0
2920;2158 10377;0
2921;12422 302;0
2922;10455 2189;0
2923;299 337;0
2924;5507 8323 7857;0
2925;8898 7621;0
2926;7621 5616;0
2927;11310 12340;0
2928;7380 12340;0
2929;10628 2307;0
2930;2307 3275;0
2931;12462 8770;0
2932;12462 8014;0
2933;2255 7296;0
2934;2255 9688;0
2935;8798 8;0
2936;2214 8;0
2937;5580 7241;0
2938;6049 5580;0
2939;9742 10801;0
2940;2866 10801;0
2941;2799 591;0
2942;1497 591;0
2943;10762 7199;0
2944;10762 8951;0
2945;756 9773;0
2946;8399 756;0
2947;7148 4729;0
2948;7182 4729;0
2949;4061 12010;0
2950;4061 2153;0
2951;1895 2848;0
2952;1248 5297;0
2953;4619 5297;0
2954;3443 11767;0
2955;3443 12302;0
2956;5442 2752;0
2957;5442 4517;0
2958;3190 200;0
2959;3989 3190;0
2960;8638 2692;0
2961;8638 6268;0
2962;11519 5124;0
2963;4306 3748;0
2964;8192 1746;0
2965;8192 4231;0
2966;3873 1793;0
2967;3873 6215;0
2968;8166 1112;0
2969;7097 3604;0
2970;7097 11951;0
2971;9917 9043;0
2972;8916 9917;0
2973;524 8449;0
2974;1539 8449;0
2975;6606 6262;0
2976;6606 6611;0
2977;8545 9931;0
2978;234 9931;0
2979;5819 2199;0
2980;1842 2199;0
2981;1388 8302;0
2982;1388 11017;0
2983;7504 5534;0
2984;5484 5534;0
2985;1993 11877;0
2986;1993 12102;0
2987;4113 111;0
2988;6190 111;0
2989;6074 7030;0
2990;3116 377;0
2991;1364 377;0
2992;6152 6960;0
2993;12312 4230;0
2994;10646 4230;0
2995;10203 6319;0
2996;6319 4088;0
2997;6646 4867;0
2998;3713 4867;0
2999;4486 11580;0
3000;4486 9228;0
3001;8865 4886;0
3002;6362 4886;0
3003;4499 11621;0
3004;8202 4499;0
3005;10865 8960;0
3006;7275 8960;0
3007;2359 11262;0
3008;3080 11262;0
3009;11484 3288;0
3010;8714 10025;0
3011;8714 7355;0
3012;3082 7278;0
3013;7278 9260;0
3014;8993 9976;0
3015;787 8993;0
3016;12219 7239;0
3017;3463 9731;0
3018;2801 8956;0
3019;7201 3439;0
3020;8890 11479;0
3021;11357 7164;0
3022;10737 11966;0
3023;8023 1914;0
3024;1252 7399;0
3025;11879 10065;0
3026;7339 9387;0
3027;9965 11894;0
3028;2908 10437;0
3029;1358 340;0
3030;5932 11982;0
3031;10267 2043;0
3032;12116 379;0
3033;4917 2025;0
3034;1334 1745;0
3035;1143 6044;0
3036;3576 10394;0
3037;9009 701;0
3038;10524 288;0
3039;451 5691;0
3040;6019 203;0
3041;5850 4031;0
3042;8251 2578;0
3043;7493 5375;0
3044;4484 5465;0
3045;5170 4106;0
3046;4303 6993;0
3047;4276 8760;0
3048;11065 6951;0
3049;12221 3847;0
3050;10211 9284;0
3051;8602 7822;0
3052;9643 11551;0
3053;8878 3056;0
3054;11697 5087;0
3055;9948 10857;0
3056;1794 2540;0
3057;1524 11447;0
3058;10349 8815 5022;0
3059;1760 10060;0
3060;10368 1484;0
3061;9992 3582;0
3062;3027 7979;0
3063;256 814;0
3064;6224 9961;0
3065;260 2231;0
3066;6157 1530;0
3067;2187 8231;0
3068;1508 6288;0
3069;6102 5476;0
3070;4539 7912;0
3071;4958 678;0
3072;4657 6209;0
3073;623 6965;0
3074;9200 7857;0
3075;6174 11663;0
3076;3985 9706;0
3077;6300 2349;0
3078;7619 5150;0
3079;10040 4528;0
3080;8981 7701;0
3081;4645 10068;0
3082;8923 1892;0
3083;11012 820;0
3084;11855 10709;0
3085;2225 9182;0
3086;7293 329;0
3087;9220 10870;0
3088;2534 7395;0
3089;4712 9729;0
3090;4401 2879;0
3091;3002 7408;0
3092;11975 1088;0
3093;7704 2957;0
3094;836 12092;0
3095;3133 1886;0
3096;9181 1324;0
3097;1435 11932;0
3098;10412 5767;0
3099;1391 369;0
3100;5665 6108;0
3101;7866 8422;0
3102;7581 6628;0
3103;6076 12047;0
3104;4075 4281;0
3105;6453 6572;0
3106;4215 4040;0
3107;6306 6895;0
3108;12159 11180;0
3109;2105 10537;0
3110;8644 8814;0
3111;11114 11312;0
3112;8943 10430;0
3113;11264 11060;0
3114;10612 9663;0
3115;534 2688;0
3116;5161 7292;0
3117;9428 9596;0
3118;2002 3053;0
3119;9730 9557;0
3120;2813 1823;0
3121;5225 1122;0
3122;5125 3565;0
3123;1605 3243;0
3124;8984 1013;0
3125;7270 1738;0
3126;3584 271;0
3127;5816 7915;0
3128;8427 7209;0
3129;37 10111;0
3130;2740 5854;0
3131;4145 912;0
3132;3796 4950;0
3133;2325 4138;0
3134;7007 1240;0
3135;2264 12449;0
3136;1199 4461;0
3137;6740 5584;0
3138;924 4479;0
3139;6700 5723;0
3140;8206 890;0
3141;736 5672;0
3142;8025 5901;0
3143;7744 4051;0
3144;5609 5868;0
3145;8343 4082;0
3146;6359 5612;0
3147;2497 4183;0
3148;6470 7625;0
3149;12497 10020;0
3150;1618 3947;0
3151;984 6825;0
3152;6259 3852;0
3153;9324 6759;0
3154;11351 7082;0
3155;10802 11786;0
3156;8312 8667;0
3157;6891 11377;0
3158;10729 4158;0
3159;6870 11527;0
3160;12471 10666;0
3161;2966 10233;0
3162;6801 5376;0
3163;11145 9813;0
3164;10825 2872;0
3165;11608 9873;0
3166;10769 2925;0
3167;1400 2673;0
3168;4696 3846;0
3169;9575 1962;0
3170;2982 1346;0
3171;6133 9504;0
3172;10862 2935;0
3173;2351 1106;0
3174;4849 3177;0
3175;1660 3390;0
3176;1414 3069;0
3177;861 5818;0
3178;3034 1383;0
3179;796 5780;0
3180;3307 7924;0
3181;10412 11975 7704 4075 11715 1886 12092 8422 3964 1324 2879 12047 6108 11932 7408 6628 369;0
3182;7575 8405;0
3183;6145 1519;0
3184;5540 4258;0
3185;1518 5307;0
3186;3445 5473;0
3187;12497 3947 5540 11564 623 6825 5476 6259 11351 6470 8405 1519 6759;0
3188;7868 11214;0
3189;7560 4614;0
3190;8674 6220;0
3191;4154 4345;0
3192;6349 3730;0
3193;3994 8612;0
3194;6278 11102;0
3195;9790 12281;0
3196;7819 4279;0
3197;8979 10681;0
3198;11273 9351;0
3199;6617 8899;0
3200;12078 11014;0
3201;1967 10722;0
3202;1353 512;0
3203;7259 11224;0
3204;9761 10427;0
3205;11149 2736;0
3206;10543 9700;0
3207;463 2875;0
3208;6020 5212;0
3209;10632 5024 11644;0
3210;3722 10751;0
3211;1920 2560;0
3212;1193 5400;0
3213;2698 1863;0
3214;5160 1332;0
3215;4333 3649;0
3216;8478 8757;0
3217;374 981;0
3218;5874 3827;0
3219;1108 300;0
3220;3572 5952;0
3221;9077 8382;0
3222;6640 7191;0
3223;5057 5675;0
3224;4344 8587;0
3225;5826 6731;0
3226;8539 4340;0
3227;7487 6677;0
3228;11095 11934;0
3229;4174 10304;0
3230;9296 6894;0
3231;11661 12484;0
3232;7016 9193;0
3233;12453 11432;0
3234;9545 10189;0
3235;170 2472;0
3236;7814 11624;0
3237;10075 10855;0
3238;11565 1599;0
3239;10932 1126;0
3240;3569 2390;0
3241;9072 4835;0
3242;7190 10035;0
3243;5678 2953;0
3244;841 8589;0
3245;3103 5820;0
3246;8497 791;0
3247;7514 3265;0
3248;11832 9124;0
3249;4168 1384;0
3250;5574 6903;0
3251;9125 4139;0
3252;10490 7876 6268;0
3253;11850 5484 4638;0
3254;5320 3573 1539;0
3255;3989 10479 10948;0
3256;299 5101 6215;0
3257;12051 9882 4619;0
3258;9673 10455 4231;0
3259;12422 6190 6711;0
3260;8951 7074 3777;0
3261;7840 4517 1367;0
3262;7156 234 10377;0
3263;12302 11833 3840;0
3264;11095 6640 7514 5057 3922 8497 6731 9296 4344 8749 6677 8382 10304 4340;0
3265;10915 5507 4837 2394 9967 7857;0
3266;787 9256 12335;0
3267;11025 817 6362;0
3268;6163 7798 7355;0
3269;2484 3713 6223;0
3270;1870 1610 9260;0
3271;7707 9228 10011;0
3272;3282 3275 7374;0
3273;5496 3080 3379;0
3274;3936 2962 5616;0
3275;928 601 8202;0
3276;7380 3094 1340;0
3277;8067 12084 7275;0
3278;4524 2153 8413;0
3279;9213 7853 2214;0
3280;12102 6949 2115;0
3281;1476 8399 3894;0
3282;6302 1396 8014;0
3283;8274 1842 7425;0
3284;9716 7182 7106;0
3285;1536 11840 9688;0
3286;6596 8260 11017;0
3287;1497 8632 5368;0
3288;636 4088 11690;0
3289;5500 6611 3542;0
3290;2174 6049 6118;0
3291;10347 1364 11983;0
3292;2885 11951 5172;0
3293;2866 5383 7406;0
3294;10646 11705 9901;0
3295;9248 8916 8535;0
3296;6804 6786;0
3297;6000 11619;0
3298;10895 10343;0
3299;11564 630 8838 6003 11519;0
3300;9982 2962;0
3301;3094 781;0
3302;3282 2201;0
3303;1396 5538;0
3304;1536 5511;0
3305;7853 7545;0
3306;6118 4229;0
3307;5383 3181;0
3308;8632 11454;0
3309;8130 3777;0
3310;3894 7884;0
3311;7106 9941;0
3312;6627 8413;0
3313;12051 6587;0
3314;11833 2134;0
3315;11165 1367;0
3316;10479 11317;0
3317;10490 548;0
3318;2699 9673;0
3319;5101 2653;0
3320;4463 5172;0
3321;9248 1147;0
3322;3573 1067;0
3323;9127 3542;0
3324;7156 5848;0
3325;8274 5766;0
3326;7467 8260;0
3327;11850 4235;0
3328;12149 6949;0
3329;12183 6711;0
3330;10347 6003 189;0
3331;10861 11705;0
3332;10620 11690;0
3333;2484 4887;0
3334;3025 10011;0
3335;817 3021;0
3336;928 3240;0
3337;8067 1483;0
3338;5496 8081;0
3339;10085 7798;0
3340;1610 7037;0
3341;12335 6541;0
3342;3874 10406;0
3343;3874 9398;0
3344;11664 6909;0
3345;6909 9298;0
3346;3355 6909;0
3347;6909 9350;0
3348;4213 3397;0
3349;4213 11091;0
3350;6645 4213;0
3351;4347 4213;0
3352;12452 316;0
3353;12452 2604;0
3354;12452 5062;0
3355;12452 1841;0
3356;8937 10515;0
3357;8937 1589;0
3358;10072 8937;0
3359;7796 6733;0
3360;8074 6733;0
3361;6733 7724;0
3362;8261 6733;0
3363;10044 6009;0
3364;8354 1627;0
3365;7600 2554;0
3366;5067 11930;0
3367;4360 7549;0
3368;5001 12407;0
3369;2234 4307;0
3370;6809 284;0
3371;12169 11055;0
3372;3458 10291;0
3373;665 9257;0
3374;3491 10363;0
3375;594 9068;0
3376;11369 5015;0
3377;9577 3919;0
3378;8034 2515;0
3379;5342 7725;0
3380;8148 2480;0
3381;5278 7474;0
3382;9834 3454;0
3383;1701 8891;0
3384;6650 879;0
3385;3775 12493;0
3386;2202 8030;0
3387;7338 12423;0
3388;9855 3124;0
3389;163 8016;0
3390;6456 6105;0
3391;10788 8470;0
3392;683 6545;0
3393;12108 10904;0
3394;2020 508;0
3395;4815 6379;0
3396;11140 4038;0
3397;2938 9258;0
3398;5380 7258;0
3399;9767 3137;0
3400;2737 5264;0
3401;3150 7200;0
3402;11723 8756;0
3403;10915 10895;0
3404;2394 11619;0
3405;4837 6786;0
3406;7010 9967;0
3407;11164 6003;0
3408;324 1083;0
3409;9148 3660;0
3410;10515 9148;0
3411;5810 232;0
3412;5810 10406;0
3413;316 342;0
3414;316 5786;0
3415;316 8248;0
3416;7573 2604;0
3417;4916 2604;0
3418;316 4263;0
3419;3874 6909;0
3420;3874 4213;0
3421;12151 6733;0
3422;8937 12151;0
3423;10349 8878 4276 1252 2801 11879 7201 10857 12221 11697 11479 2540 10211 7822 4106 11894 7164 1914 9731 11551 10437 11966 7239;0
3424;5850 1143 5932 8815 10267 7493 203 9009 1745 4917 6951 8251 3576 379 9387 11447 5691 5465 288 340 6993;0
3425;10368 861 1508 3027 1346 3034 10862 2187 9992 11715 3307 4849 814 6133 9961 796 2351 1530 3390 3069 2231 10060;0
3426;6074 3288 1518 7912 8166 8838 6152 5473 6209 3748 678 2848;0
3427;9761 7293 8981 7259 4645 6174 2736 11012 6300 9700 11014 8923 3985 5212 512 8899 10709 9182 4528 2875 10722 11644 5150;0
3428;1400 2966 10802 8667 9220 2872 10729 9729 1962 9813 11377 7395 10632 2925 10666 3846 9873 5376 11527;0
3429;2525 9767 2020 9855 9514 6379 8016 7258 2737 7200 11140 6456 8470 3718 594 11723 12108 7338 2480 3919 10363 9258 8019;0
3430;12169 7600 7036 3775 5342 665 879 2515 10291 11930 8030 7549 5278 2234 10044 8891 12407 6545 3454 5015 284 1627;0
3431;5058 372 1922 8296 10383 3697 11977 6055 1185 10134 4912 237 1792 10422;0
3432;8916 2866 10646 7182 9228 7272 11951 7275 8951 6362 2810 9260 4619 4088 10112 11017;0
3433;3989 5484 787 12302 6190 1497 234 2214 4231 6215 1539 3080 10112 6268 2153 3275;0
3434;7380 8399 3713 12102 6049 7355 1364 4517 6611 8202 1842 8014 2810 5616 9688;0
3435;12169 7600 949 2020 3775 5342 665 2515 10291 11930 6456 7549 8470 5278 2234 7338 8891 12407 6545 3454 5015 284 1627;0
3436;3150 9855 10168 6379 8016 7258 5022 11140 3137 3718 594 10044 5264 12108 2480 3919 10363 8756 9258 8019;0
3437;4815 163 1701 6650 8034 3458 5380 2202 2938 9257 4360 2309 5001 3124 6809 8354 4038 10904 7474 4307 6009;0
3438;9577 11055 5067 683 2554 1356 10788 12493 7725 8148 3491 508 9834 11369 6105 12423 9068;0
3439;3150 4815 1701 6650 8034 3458 5067 5380 2202 2554 2938 12493 9257 4360 3137 5264 6809 5024 8756 4038 7474 2287;0
3440;163 9577 11055 10788 7725 3491 5001 3124 11369 8354 1232 10904 9068 4307 6009;0
3441;5647 1864 741 2288 11961 7101 8627 4062 10754 12482 8162 3219 5 1747 3729 673 4690 12113 7628 10851 1354 8180;0
3442;8434 3871 11970 9229 6598 4762 12232 9609 2100 9920 6899 8423 7340 1425 2903 7971 7684 11179 6629;0
3443;8434 5452 11970 7101 8627 2977 9229 6598 5 624 9609 2100 6899 8423 5371 7340 2903 11179 6629 8180;0
3444;1864 3871 2288 11961 12482 6187 8162 12232 9920 3729 4690 12113 1425 7684;0
3445;7600 5342 665 879 2515 10291 8030 7549 5278 594 2234 10044 8891 2480 3919 10363 12407 6105 12423 737 5015 284;0
3446;3150 4815 163 5380 683 2938 10788 7272 3137 3718 5264 508 3124 5912 8756 4038 10904 8019;0
3447;7840 3993 9213 4638 5507 9882 10948 11025 5320 8535 6596 7876 9256 4524 3840 3379 5368 636 7074 7374 9901;0
3448;12422 7707 299 1870 9716 10455 12084 7406 1340 2885 11840 6431 10377;0
3449;1701 9577 11055 6650 3458 5067 2202 2554 12493 7725 9257 5286 630 8148 3491 5001 9068 4307 6009;0
3450;9545 9072 3569 10075 11661 4665 624 10207 7190 7814 5678 1599 11432 8589 2472 9193 5820 1126;0
3451;8478 3722 374 1920 11832 5874 1193 4168 300 1863 8749 3649 6903 5952 1332 4139;0
3452;9767 2020 9855 3922 6379 8016 7258 2737 7200 11140 6456 8470 3718 594 4625 11723 12108 2480 3919 10363 9258 6545 8019;0
3453;12169 7600 8691 3775 5342 665 4665 879 2515 10291 11930 8030 7549 5278 2234 10044 7338 8891 12407 284 1627;0
3454;3499 9049 954 260 4711 9961 508 10990;0
3455;4661 10659 7725 4657 678 10885;0
3456;12109 10127 7000 9216 8148 6965 6209 10987 2023;0
3457;10661 6696 4346 623 2585 7342 2963 7474 2552;0
3458;6174 3124 9293 1820 9706 5054;1
3459;7304 11113 4001 6470 6009 808;0
3460;4135 2946 7277 7580 3491 6259 9324 9393 9478 1849;0
3461;813 2857 11811 10613 5774 9068 6759 7082 4664 1500;0
3462;11273 6349 7744 5609 924 8979 4154 7639 6740 8343 5723 6278 7868 890 7721 4279 3994 8025 12281 7560 6220 5672;0
3463;6163 1476 6302 601 2174 3936 5500 2115 12105 7425 6223 5612 11983 4183;0
3464;5161 9428 11114 6453 8644 4461 2002 10430 9557 11060 6895 7715 1122 2688 10537 4040 1823 9663 11180 11040;0
3465;7240 12056 1660 9583 4849 8869 9834 9734;0
3466;10446 2202 3290 3034 11918 345 1635 5780;0
3467;1657 4889 5204 7276 8088 8782;0
3468;2595 4877 1657 9828 5204 8088;0
3469;10178 1888;0
3470;480 2361;0
3471;3981 6934;0
3472;480 10178;0
3473;480 6934;0
3474;6934 8783;0
3475;10903 9861;0
3476;4147 2414;0
3477;6486 11491;0
3478;4264 9585;0
3479;2933 6699;0
3480;5178 12152;0
3481;4147 9861 10636;0
3482;2516 6486 4147 4748;0
3483;6486 4264 1916;0
3484;10592 4264 6699;0
3485;12152 3733 2450 6699;0
3486;11622 1058 12152;0
3487;12425 8215;0
3488;10217 176;0
3489;6763 4901;0
3490;1676 11588;0
3491;315 7320;0
3492;11553 5800;0
3493;12120 8215 176;0
3494;9583 10300 176 4901;0
3495;1676 1762 4901;0
3496;1676 593 315;0
3497;5800 315 5274 4988;0
3498;9517 5800 9861;0
3499;3378 11622;0
3500;9212 9764;0
3501;11716 10946;0
3502;11250 3667;0
3503;7018 9153;0
3504;11047 3630;0
3505;11622 5329 9764;0
3506;3290 9764 3492 10946;0
3507;11250 3670 10946;0
3508;11250 7018 2814;0
3509;11047 939 12334 7018;0
3510;11047 1668 3367;0
3511;9099 3367;0
3512;7668 8882;0
3513;10007 5815;0
3514;8882 3156 3367;0
3515;1371 914 5815 8882;0
3516;6641 5815 196;0
3517;12429 6914;0
3518;516 6615;0
3519;1764 10526;0
3520;11196 7709;0
3521;10902 11718;0
3522;282 1233;0
3523;12429 6615;0
3524;10526 6615;0
3525;11196 10526;0
3526;1852 3558;0
3527;7844 845;0
3528;3613 7197;0
3529;11196 10902;0
3530;282 10902;0
3531;282 4246;0
3532;3087 2671;0
3533;10824 5149;0
3534;9605 6082;0
3535;3273 2236;0
3536;2665 343;0
3537;6998 1479;0
3538;7844 3110 3558;0
3539;7844 308 12244 7197;0
3540;3273 5237 7197;0
3541;3809 6253;0
3542;2981 1542;0
3543;8572 2787;0
3544;5149 3087;0
3545;6082 5149;0
3546;3809 6082;0
3547;7770 392 3783 2078 5204 7276;0
3548;4877 7770 2078 5204 5798 8114;0
3549;3273 2665 12144;0
3550;10338 2665 1479 9820;0
3551;1479 8215 9556;0
3552;9695 11168;0
3553;2419 10866;0
3554;5272 465;0
3555;3809 1542;0
3556;8572 1542;0
3557;8572 12429;0
3558;5641 1576 4798 7276 6548;0
3559;2284 4547 392 1576 6091 6548 7931;0
3560;9771 12438;0
3561;1932 1969;0
3562;136 10022;0
3563;11168 7599 10866;0
3564;11883 465 1972 10866;0
3565;9691 465 12438;0
3566;4547 12304 3399 4798 7276 4505;0
3567;8965 4547 4565 12304 3399 126 10410;0
3568;7577 1969 12438;0
3569;136 82 12378 1969;0
3570;136 2651 3558;0
3571;11994 4246;0
3572;4969 10096;0
3573;206 1269;0
3574;6723 4877 2724 3309 9646 7720;0
3575;6723 8721 6091 2724 126 7720 568 7517;0
3576;10262 8195;0
3577;2252 7518;0
3578;12412 5922;0
3579;4969 4246;0
3580;1269 4969;0
3581;1269 8195;0
3582;6723 392 8801 9034 8590 8869;0
3583;6723 7240 4877 11733 9034 8590;0
3584;8195 7518;0
3585;12412 7518;0
3586;12412 10178;0
3587;9366 4547 2811 392 8801 10702;0
3588;9366 4547 7205 4565 6091 10702 2477;0
3589;10843 4547 9646 7150 3324 8782;0
3590;730 12030 10843 4547 4798 126 3324;0
3591;6723 8685 1250 8801 3648 8782;0
3592;6723 8685 11906 6091 3241 126 3648 1035;0
3593;11642 6723 2980 8801 11918 8782;0
3594;5428 11642 6723 10446 2980 11319 4798;0
3595;7777 6184;0
3596;8571 7052;0
3597;11191 6518;0
3598;10152 173 5941 2044 7571 3241;0
3599;10152 2044 10213 7571 11319 12410 568;0
3600;6234 10225;0
3601;12354 8519;0
3602;11795 10657;0
3603;8571 6184;0
3604;8571 6518;0
3605;6518 6234;0
3606;8519 6234;0
3607;11795 8519;0
3608;11795 3087;0
3609;6641 11964;0
3610;3668 11780;0
3611;6610 4354;0
3612;4503 8637;0
3613;4487 6882;0
3614;4530 12131;0
3615;6641 11780 9588;0
3616;3272 4354 11780;0
3617;4503 4354;0
3618;6882 4503;0
3619;4530 6882;0
3620;4530 6184;0
3621;4863 9573;0
3622;10691 12460;0
3623;3079 11072;0
3624;10756 9659;0
3625;4863 10691;0
3626;10691 3079;0
3627;3079 11071;0
3628;11406 9659;0
3629;11205 11406;0
3630;6453 9588;0
3631;7770 8535;0
3632;1576 6596;0
3633;3399 9901;0
3634;7707 7720;0
3635;12084 8590;0
3636;9366 1870;0
3637;1340 3324;0
3638;3648 11840;0
3639;11642 7406;0
3640;10152 9716;0
3641;2885 8088;0
3642;2078 7425;0
3643;6548 11983;0
3644;12304 6223;0
3645;601 2724;0
3646;6163 9034;0
3647;3936 10702;0
3648;10843 6302;0
3649;8685 2174;0
3650;1476 2980;0
3651;2044 5500;0
3652;1657 2115;0
3653;7868 5798;0
3654;2284 7560;0
3655;10410 6220;0
3656;4154 7517;0
3657;6349 11733;0
3658;3994 2477;0
3659;730 6278;0
3660;1035 12281;0
3661;5428 4279;0
3662;8979 12410;0
3663;11273 9828;0
3664;6740 1972;0
3665;924 82;0
3666;5723 12244;0
3667;890 9820;0
3668;9583 5672;0
3669;5274 8025;0
3670;7744 4748;0
3671;5609 3733;0
3672;3290 8343;0
3673;12334 5612;0
3674;1371 4183;0
3675;6864 11168;0
3676;8335 7311 8257;0
3677;4863 8783;0
3678;9659 11071;0
3679;10303 5533 11886;0
3680;1016 4863 11319;0
3681;1016 10691 126;0
3682;1016 3079 6091;0
3683;1016 9659;0
3684;2284 1576 4801;0
3685;6641 11196 3809 8715 4503 6184 5136 6234 3087;0
3686;3399 10410 11260;0
3687;730 3324 1901;0
3688;9366 10949 2477;0
3689;5428 11642 345;0
3690;3648 3898 1035;0
3691;11733 8590 9734;0
3692;7289 7720 7517;0
3693;9828 8088 5053;0
3694;7770 7418 5798;0
3695;10303 7571 8834;0
3696;10152 510 12410;0
3697;3783 5798 1972 7599;0
3698;11883 8114;0
3699;9691 2078 7418 1972;0
3700;2284 5641 7577 82 2520;0
3701;12378 7931;0
3702;2651 82 6548 4801;0
3703;3110 10410 4505 12244;0
3704;8965 308;0
3705;12304 5237 12244 11260;0
3706;3309 9820 12144 7517;0
3707;10338 8721;0
3708;2724 7289 9556 9820;0
3709;11733 12120 9583 8869;0
3710;7240 10300;0
3711;9034 9583 9734 1762;0
3712;2811 593 5274 2477;0
3713;7205 4988;0
3714;9517 10702 5274 10949;0
3715;730 4748 7150 10636;0
3716;12030 2516;0
3717;10843 4748 1916 1901;0
3718;1250 10592 3733 1035;0
3719;11906 2450;0
3720;8685 1058 3733 3898;0
3721;5428 3290 5329 11918;0
3722;10446 3492;0
3723;2980 3290 3670 345;0
3724;12334 5941 12410 2814;0
3725;939 10213;0
3726;12334 2044 510 1668;0
3727;9828 1371 4889 3156;0
3728;2595 914;0
3729;1657 1371 5053 196;0
3730;10303 4212 8257;0
3731;10303 568 8257;0
3732;7571 5204;0
3733;6723 7571;0
3734;4547 7571;0
3735;8834 8257;0
3736;173 5136 8257;0
3737;3272 9588;0
3738;4877 4212;0
3739;392 4212;0
3740;4798 4212;0
3741;4565 4212;0
3742;568 8782;0
3743;3241 568;0
3744;7850 8801;0
3745;7276 7220;0
3746;7972 9646;0
3747;173 7850;0
3748;173 7220;0
3749;173 7972;0
3750;3694 7255;0
3751;6435 3695 12057;0
3752;10071 9958;0
3753;11410 2220;0
3754;1517 10711;0
3755;6796 7210;0
3756;9958 2220;0
3757;1517 2220;0
3758;42 1517;0
3759;7210 11182;0
3760;8569 1821 1281 5263 3467;0
3761;10214 9558 5263 3467;0
3762;9121 11256 5263 3467 1777;0
3763;224 1782 10319 8022 1150;0
3764;1782 11199 3530 10319 3694;0
3765;1782 10319 1727 3695 10773;0
3766;10753 700 262 11092 8719;0
3767;5413 1671 11092 8719;0
3768;938 3065 11092 8719 195;0
3769;8569 2327 1281 5846 1557;0
3770;8262 6877 2327 1557;0
3771;9121 122 2327 4495 1557;0
3772;2495 8569 4951 9747 1281;0
3773;2495 11816 9747 2538;0
3774;9121 2495 989 9747 6323;0
3775;9621 10753 3499 700 5060;0
3776;9621 2602 9049 5060;0
3777;9621 938 954 5060 1378;0
3778;10753 700 9450 11120 5748;0
3779;3813 9450 8064 11120;0
3780;938 5701 9450 1456 11120;0
3781;8051 11602 8569 2517 1281;0
3782;11602 7750 2517 6901;0
3783;9121 11602 9837 2517 4567;0
3784;224 9971 10960 4144 5679;0
3785;9971 10960 11991 6527 3694;0
3786;9971 4134 10960 3695 6774;0
3787;10753 6542 700 9498 2543;0
3788;12432 2831 9498 2543;0
3789;938 2343 3159 9498 2543;0
3790;8730 5561;0
3791;2092 11021;0
3792;135 3768;0
3793;2114 9272;0
3794;7382 3083;0
3795;9230 852;0
3796;9852 7341;0
3797;2091 9515;0
3798;2092 8731 4714 10314 2937 5561;0
3799;2092 11123 135;0
3800;10403 135 10671;0
3801;313 4073 2114;0
3802;6191 7906 3083 8768 6080 852;0
3803;9852 11043 852;0
3804;9852 5885 8506;0
3805;8360 2091 3001;0
3806;626 3853;0
3807;8120 6151;0
3808;11442 3933;0
3809;6389 10048;0
3810;5373 5357;0
3811;3139 4582;0
3812;5292 8595;0
3813;4656 1460;0
3814;8120 6191 7906 4288 3853 6080;0
3815;8120 11442 6835;0
3816;1196 11442 8506;0
3817;672 11878 10048;0
3818;5373 4714 3139 10314 2937 11239;0
3819;8595 3139 10470;0
3820;8595 10671 10358;0
3821;4711 348 1460;0
3822;12207 2905;0
3823;7672 6260;0
3824;11993 8858;0
3825;2893 11623;0
3826;8283 1448;0
3827;7434 3832;0
3828;4971 8109;0
3829;1339 4130;0
3830;12207 903 6260 9595;0
3831;8858 7969 2718 6260;0
3832;8858 1751 2594;0
3833;5043 5422 11623;0
3834;7434 7046 10910 8283 4714 2937;0
3835;9543 7434 4971;0
3836;2562 10671 4971;0
3837;5065 2934 4130;0
3838;12022 4497;0
3839;6176 7622;0
3840;4858 11984;0
3841;6277 2930;0
3842;2805 11076;0
3843;3297 9607;0
3844;2683 9119;0
3845;9151 11777;0
3846;12022 7622;0
3847;7622 11984;0
3848;7726 11984;0
3849;6277 10098;0
3850;1868 2172;0
3851;10169 1209;0
3852;11917 2297;0
3853;1478 10360;0
3854;9607 11076;0
3855;2683 9607;0
3856;2683 1717;0
3857;6502 11777;0
3858;5117 2972;0
3859;9552 10916;0
3860;9506 1807;0
3861;1940 10791;0
3862;5566 7330;0
3863;2063 9743;0
3864;8005 663;0
3865;7155 6233;0
3866;1209 10910 4714 1868 2937 6574;0
3867;5923 1209 11917;0
3868;11917 10671 11938;0
3869;10360 735 7693;0
3870;104 9493;0
3871;1957 1784;0
3872;1091 1438;0
3873;4412 4536;0
3874;5117 9552;0
3875;9552 1807;0
3876;9456 1807;0
3877;1940 8099;0
3878;4018 6191 1056 9743 6080 7330;0
3879;6497 8005 9743;0
3880;11981 8005 8506;0
3881;1853 7155 10785;0
3882;2366 4540;0
3883;10947 8973;0
3884;11291 9975;0
3885;7328 3233;0
3886;1784 9493;0
3887;1091 1784;0
3888;1091 7781;0
3889;8066 4536;0
3890;10113 574;0
3891;3051 6222;0
3892;932 3968;0
3893;405 9890;0
3894;6075 6191 1056 4540 6080 8973;0
3895;1333 11291 8973;0
3896;7378 8506 11291;0
3897;9696 3233 12262;0
3898;903 6222 6128 574;0
3899;8428 6222 7969 3968;0
3900;2786 1751 3968;0
3901;405 7167 10819;0
3902;4792 11876;0
3903;4563 7166;0
3904;1174 5337;0
3905;8131 11926;0
3906;4428 8732;0
3907;5934 3313;0
3908;4922 9253;0
3909;1911 7546;0
3910;4563 4792;0
3911;4563 5337;0
3912;5337 12352;0
3913;6474 11926;0
3914;8732 3313;0
3915;9253 3313;0
3916;12485 9253;0
3917;3125 1911;0
3918;5184 3545;0
3919;481 1729;0
3920;2621 257;0
3921;11563 8917;0
3922;12461 5814;0
3923;11689 231;0
3924;5770 5949;0
3925;11081 5759;0
3926;3545 1729;0
3927;1729 257;0
3928;257 9334;0
3929;3473 8917;0
3930;231 5814;0
3931;5770 231;0
3932;5770 9238;0
3933;11081 11411;0
3934;4915 7057;0
3935;4273 8703;0
3936;7963 6910;0
3937;7004 10652;0
3938;8896 10223;0
3939;11721 11815;0
3940;2076 10845;0
3941;9088 9251;0
3942;4273 4915;0
3943;4273 6910;0
3944;4370 6910;0
3945;6664 10652;0
3946;8896 11721;0
3947;10845 11721;0
3948;10845 1028;0
3949;9088 3343;0
3950;5263 10377;0
3951;12422 1782;0
3952;10455 8719;0
3953;299 2327;0
3954;10948 9747;0
3955;9621 7876;0
3956;3840 11120;0
3957;7840 11602;0
3958;9971 7074;0
3959;9882 9498;0
3960;8283 5043;0
3961;10753 2343 2562 4130;0
3962;5065 4915;0
3963;10652 4370;0
3964;4540 9280;0
3965;8569 7378 3233 1777;0
3966;8896 6664;0
3967;9088 1028;0
3968;9696 574;0
3969;405 224 1727 2786;0
3970;3545 3343;0
3971;8917 9334;0
3972;7167 1868;0
3973;10753 10360 11938 195;0
3974;3473 5814;0
3975;11081 9238;0
3976;7330 7693;0
3977;122 7155 8569 11981;0
3978;11411 5117;0
3979;1940 9456;0
3980;1853 3853;0
3981;8569 989 1196 10048;0
3982;8099 9493;0
3983;4536 7781;0
3984;5373 11878;0
3985;10753 954 10358 1460;0
3986;8066 12022;0
3987;6277 7726;0
3988;348 5561;0
3989;10753 5701 10403 2114;0
3990;10098 11076;0
3991;1717 11777;0
3992;313 3083;0
3993;8569 9837 2091 5885;0
3994;4792 6502;0
3995;11926 12352;0
3996;12207 8360;0
3997;224 4134 2594 11623;0
3998;11081 6277 8917 1940 7285 6369 4536;0
3999;6474 8732;0
4000;12485 1911;0
4001;3125 9958;0
4002;7210 42;0
4003;8896 4915 3545 5117 12022 5814 11860 3841 9493;0
4004;4273 231 1784 11721 1729 9552 7622 10400 7837;0
4005;5770 1091 3599 10845 6910 257 1807 309 11984;0
4006;8250 7760 1910 11860 7676 7255 12057;0
4007;8250 888 7676 309 1751 12057;0
4008;224 5735 12057;0
4009;5320 10960;0
4010;10319 11025;0
4011;3379 11092;0
4012;4638 2543;0
4013;9213 5060;0
4014;9450 5368;0
4015;2495 7374;0
4016;4524 2517;0
4017;9256 1557;0
4018;636 3467;0
4019;11885 903 6774;0
4020;903 11991 1751;0
4021;11885 903 10773;0
4022;11199 903 1751;0
4023;10910 3065 4714;0
4024;5413 10910 10671 2937;0
4025;10910 4714 3159;0
4026;10910 10671 2831 2937;0
4027;4714 10314 1378;0
4028;2602 10314 10671 2937;0
4029;1456 4714 10314;0
4030;3813 10314 10671 2937;0
4031;7906 6323 6080;0
4032;6191 11816 7906 8506;0
4033;7906 6080 4567;0
4034;6191 7906 8506 6901;0
4035;4495 1056 6080;0
4036;6877 6191 1056 8506;0
4037;1056 11256 6080;0
4038;6191 10214 1056 8506;0
4039;12262 5263;0
4040;1782 10819;0
4041;735 8719;0
4042;2327 10785;0
4043;672 9747;0
4044;9621 4711;0
4045;4073 11120;0
4046;11602 3001;0
4047;9971 5422;0
4048;2934 9498;0
4049;11860 6369 7255;0
4050;7676 309 6369;0
4051;11860 6369 10400 12057;0
4052;8250 10400;0
4053;6435 11860 309 10400;0
4054;6075 1821;0
4055;1333 1281 9558;0
4056;3695 3694 1150 6128;0
4057;3530 8428;0
4058;262 6574;0
4059;5923 700 1671;0
4060;4018 5846;0
4061;8262 6497 1281;0
4062;4951 4288;0
4063;1281 6835 2538;0
4064;3499 11239;0
4065;700 9049 10470;0
4066;8731 5748;0
4067;11123 700 8064;0
4068;8051 8768;0
4069;7750 1281 11043;0
4070;3695 3694 4144 9595;0
4071;6527 2718;0
4072;6542 7046;0
4073;9543 700 12432;0
4074;903 1910;0
4075;1910 10314;0
4076;10910 1910;0
4077;1056 6469;0
4078;7906 6469;0
4079;9121 11885;0
4080;11885 938;0
4081;8250 6435 7969;0
4082;5735 7676;0
4083;6435 888;0
4084;11885 6435;0
4085;7969 5679;0
4086;7969 8022;0
4087;7760 309;0
4088;6191 3694;0
4089;3694 2937;0
4090;5587 8506;0
4091;10671 4184;0
4092;5631 8569;0
4093;10753 8346;0
4094;3695 6080;0
4095;3695 4714;0
4096;1281 7969;0
4097;700 7969;0
4098;224 5631;0
4099;224 8346;0
4100;5587 1751;0
4101;1751 4184;0
4102;12501 6469;0
4103;12501 1910;0
4104;3922 3941 8084 4665 5022 630 7272 3964 5024;0
4105;9529 1734 2796 10663 6791;1
4106;11963 10595 10420 8844 11547 11731 3330 5196 5969;0
4107;7306 723 7532;0
4108;12269 8213 6791;0
4109;1759 4245 1490 6747 10150 4227 12187 9973 6669 1531;1
4110;5950 4529;0
4111;3806 520 8084 12269;1
4112;11989 1291 6846 2082 9914 12295 588;1
4113;2318 5986;0
4114;3983 526 9006;0
4115;526 9006 5279;0
4116;579 9006 5279;0
4117;579 5448 9006;0
4118;4599 5448 9755;0
4119;4599 8658 9755;0
4120;8658 5190 9755;0
4121;5190 9755 3731;0
4122;4519 11620 3731;0
4123;4519 3738 11620;0
4124;9335 3738 11620;0
4125;9335 11620 7358;0
4126;6093 7358 3621;0
4127;10496 4531 4464 6972 3621 9244 11274 8457;0
4128;6927 8727 4531 6972 9244 7689 4451 8457;0
4129;9523 3941 8727 4531 4464 7689 11274 4451;0
4130;2525 7036 398 4531 10883 10134 5969;0
4131;12169 3775 8727 11930 10806 5912 737 3454 1627;0
4132;398 1356 10883 2309 3964 5969 4451;0
4133;6864 9914;0
4134;11989 10683;0
4135;723 426;1
4136;6836 12295;1
4137;683 10806 8148 1232 508 9834 2287 6105 12423 11274;0
4138;8691 398 10883 4625 9244 5969 3454 5015;0
4139;1291 2845;0
4140;8034 10806 5286 4360 6972 9834 11369 6809 8354 7474;0
4141;6846 9280;0
4142;949 10168 879 10806 4464 8030;0
4143;3589 7657;0
4144;773 1455;0
4145;12048 3528;0
4146;7997 1641;0
4147;7138 6390;0
4148;6193 12391;0
4149;8393 6898;0
4150;12361 6283;0
4151;4685 8259;0
4152;6421 6663;0
4153;4811 11916;0
4154;10359 3330;0
4155;7019 8844;0
4156;3406 11004;0
4157;9056 8971;0
4158;7062 11409;0
4159;9565 10595;0
4160;1774 8100;0
4161;7736 7264;0
4162;8071 11810;0
4163;7624 7377;0
4164;11785 10063;0
4165;1709 2774;0
4166;254 6504;0
4167;12472 12017;0
4168;10226 2266;0
4169;11963 27;0
4170;10196 2200;0
4171;165 1184;0
4172;4956 5606;0
4173;4193 10420;0
4174;2672 734;0
4175;10375 12224;0
4176;691 10835;0
4177;5871 748;0
4178;11399 4078;0
4179;2087 10585;0
4180;11362 5426;0
4181;4098 10727;0
4182;8615 2987;0
4183;11225 5391;0
4184;10104 10930;0
4185;8683 2769;0
4186;11487 968;0
4187;2913 10555;0
4188;11445 1423;0
4189;9772 3737;0
4190;3071 8153;0
4191;5269 1205;0
4192;9807 5596;0
4193;1335 2867;0
4194;9962 6045;0
4195;2272 8416;0
4196;1510 6633;0
4197;3801 5897;0
4198;2122 4019;0
4199;6631 1274;0
4200;2424 5950 1291 2318 9650 8508;0
4201;6444 4978 5950 8165 11683;0
4202;7306 2082;0
4203;10150 7532;0
4204;10435 5950 2318 588;0
4205;8084 2796;0
4206;4015 8213;0
4207;7157 6093;0
4208;5950 6208;0
4209;2318 8576;0
4210;5950 2318 6338;0
4211;7157 11620;0
4212;7157 9755;0
4213;7157 9006;0
4214;9523 6972 9244;0
4215;4531 4464 9244 12362 4451;0
4216;6927 4464 11274;0
4217;8727 7157 6972 12362 11274;0
4218;10496 8727 4451;0
4219;76 2082;0
4220;11063 2082;0
4221;398 10883 10806 5969;0
4222;11082 2844 1947 4957;0
4223;5191 12096 10793 1621;0
4224;1980 2690 3996 5537;0
4225;4778 8031 1155 1130;0
4226;3525 9546 10534 1328;0
4227;2379 6011 2487 694;0
4228;5169 2360 1113 7894;0
4229;3276 1674 8741 2994;0
4230;1109 6575 12338 197;0
4231;3189 1468 2316 2280;0
4232;4954 6750 9017 5506;0
4233;92 10748 1265 11589;0
4234;4927 5821 10935 10807;0
4235;10699 3331 8474 1434;0
4236;5806 7843 10687 10732;0
4237;2869 8119 4684 3650;0
4238;6986 7436 12046 8122;0
4239;10482 5982 9356 6129;0
4240;9482 7551 4133 9114;0
4241;7646 7811 11 6043;0
4242;11049 4249 5579 8238;0
4243;6595 8371 8282 802;0
4244;2358 12196 9907 6727;0
4245;4978 11050 4017 12279;0
4246;1061 11077 9914 8851 7005;1
4247;11989 2531 11182 2431 5813;1
4248;8846 8751 5270 12295 4848;0
4249;11205 483 6846 5116 9589;1
4250;9807 11487 10883 2272 9772 3801 9962 5269 11445 1510 8683 4635 2867 10555;0
4251;10375 2122 5871 2774 398 691 773 11225 7978 4078 12048 3071 10930 2266 1274;0
4252;7377 12361 7657 2796 10063 11409 6663 4811 7264 6504 11731 6390;0
4253;2318 1628 9639;1
4254;76 8670 7889 1428 8643;1
4255;7377 9591 12361 10063 11409 6663 4811 7264 3983 6504 6390;0
4256;2122 5871 2774 691 3061 773 2272 11225 4078 10554 3801 9962 5269 12048 1510 1274 2867;0
4257;9591 10375 9807 11487 5080 6185 3061 9772 241 11445 720 3071 10930 8683 10555;0
4258;10271 12415 8840 10614 7612 9973;0
4259;11213 11649 1822 1978 12176;1
4260;97 5532 10568 11480 8361 1531;0
4261;1759 441 10926 8616 10882;0
4262;100 5080 1490 1822;0
4263;3524 1641;0
4264;4685 1184 8071 3406 1641 7978;0
4265;1184 8071 3406 2200 1641 12017 241;0
4266;4685 6221;0
4267;201 3406;0
4268;8971 4685 6185 5606 8100 734;0
4269;8071 8263;0
4270;1184 6356;0
4271;12017 4944;0
4272;8971 2200 5606 12017 8100 734 4635;0
4273;4920 2200;0
4274;8971 4675;0
4275;6977 8100;0
4276;5606 11024;0
4277;4400 734;0
4278;2087 9278;0
4279;4098 8615 2087 11547 5426;0
4280;4098 6898 8615 2087 10554 12391 5426;0
4281;1547 5426;0
4282;4098 5427;0
4283;8615 4636;0
4284;2892 12391;0
4285;6898 12391 5196;0
4286;6898 2896;0
4287;3493 11142 4956 8203 1191 7453;1
4288;4790 721 7998 12258 7489 11378 8342 11736;0
4289;1313 1591;0
4290;8940 1709 11673 1282 7192;1
4291;2062 254 8912 11414 1236;1
4292;7624 3895 7878 9816 6691;1
4293;10305 11785 2947 10943 12299;1
4294;2270 8886 4196 4572 4700;0
4295;9565 149 11465 6480 10051;1
4296;8020 4881 11859;0
4297;6232 3178 4299 2668;0
4298;7448 5648 1774 3104 12380;1
4299;4232 1865;0
4300;9056 9096 10129 3183 7221;1
4301;11534 8203;0
4302;4789 7062 9180 11524 10642;1
4303;11204 3749 7736 1865 9922;1
4304;7111 8911;0
4305;8903 4232 10181 6716 11810;1
4306;11220 443 5072;0
4307;12227 5978 11728 10736 10116 2409 4735 4895;0
4308;7019 7195 5517 5666 8390;1
4309;12393 11004 11292 7531 5588;1
4310;7394 10599 823;0
4311;7841 331 5528 9130 11916;1
4312;1264 3617;0
4313;996 5640 10359 8394 3074;1
4314;8393 1591 2032 11838 4278;1
4315;2344 10069;0
4316;1313 1712 94 6283 7473;1
4317;5968 6792 17;0
4318;9932 1866 7309;0
4319;9548 7041 1363 7138 2789;1
4320;5968 17 11427;0
4321;1110 6193 1818 11389 5332;1
4322;704 243 8526 9208 8259;1
4323;8487 3368;0
4324;9007 5698 4274 3830;0
4325;6421 3258 525 795 3905 7453;1
4326;9313 11600 12200;0
4327;5622 9473;0
4328;795 8526;0
4329;9254 6213 9564 621 11743 10627 9015 4387 1695 11322 10093 3931 3680 11295 10587;0
4330;4708 6032 4429 3528 12000;1
4331;7997 5081 8994 11531 5953;1
4332;2433 8630 2204 692;0
4333;3589 4124 7024 6066 7073;1
4334;9254 9564 11743 10627 4387 12308 6967 11322 3680 11295;0
4335;505 12044 11698 12305 3480 4233 8245;0
4336;4998 12494 3516;0
4337;4476 4759 5265 1301 1455;1
4338;902 10997 9737 7414 9010 6710 641;0
4339;2537 10295;0
4340;2807 4424;0
4341;2631 11481 1381;0
4342;2878 7565 3717 4782 4424 3011 1404 5338 692;0
4343;2807 11573;0
4344;85 1961;0
4345;1677 9424 7834 3653 3298 4871 10108 11662 7294 5446 7566;0
4346;85 5699 1065 4738;0
4347;7888 286 7445;0
4348;7763 9891 12446 7570 11714 3690 387;0
4349;7041 11531;0
4350;1450 5613 1172 9522 7732 9679 11220 6461 8171 3437 5151 11446 440 7813 4121 5765 3086 10929 12456 7480 9084 10086 4053 5576 885 2847 10664 11739 9871 11526 6797 4170 5681;0
4351;121 7453;0
4352;5613 9679 11220 6461 5151 11446 440 7813 4121 3086 10929 12456 7480 10086 4053 2847 10664 11739 9812 9871 11526 6797 4170;0
4353;4795 10899 11420;0
4354;443 10929 3901;0
4355;2702 2654;0
4356;9467 2758;0
4357;902 11098 8356 872 4754 2535 11481 8991 6940 5420 5501 10715 3480 907 3428 12358 641;0
4358;4895 4776;0
4359;5875 1559;0
4360;8994 4429;0
4361;9876 9638 2059;1
4362;1568 10679;0
4363;8983 12044 5076 4365;0
4364;7763 6581 12213 6531 10679 9903;0
4365;9329 6710;0
4366;11098 5515 420;0
4367;1159 2014;0
4368;6603 4895;0
4369;6603 10252;0
4370;4726 1311 3430 7158 12044 5077 2998 3251 6792 1690 2064 3954 6487 7883 5502 8453 2956 4995;0
4371;729 6284 3532 7226 9266 3972 1491 9215 2793 12298 7999 9581 9623 6307 2498 3580 7336 10418 12014 2901 12257 4091;0
4372;4736 12305;0
4373;147 9491;0
4374;4009 872;0
4375;7238 8687 10658 6566 4626 10994;0
4376;3099 10809 12503 11616 6880 10928 12437 7486 1802 4765 11545 181 7017 8511 2667 2411 10161 11776 4167 5687;0
4377;8687 10658 6566 10087 4626 10994;0
4378;1110 11838;0
4379;3666 4359 1092 2548;0
4380;863 8319 2840;0
4381;9752 2099 7243 8847 5790 11207 12145 5168 2873 4872;0
4382;3398 6214 6051 1812 2310 8273 10950 2435 514 10043 3803 4284 5740 8341 7034 653 9913 8958 10273 1770 5694 9938 3563 4512 620 10816 12445 272 7597 1974 961 2088 5049 9423;0
4383;9759 5005 2096;0
4384;1191 5617;0
4385;9139 3717;0
4386;5536 4453 9681 4888;0
4387;1009 10507 1748 11219 3848 457 10978 2605 10662 2572 4312 9898 5198 1038 2864 6380 11931;0
4388;9130 3905;0
4389;5536 9681 5420;0
4390;6716 3895;0
4391;10841 14 7652;0
4392;10649 1005;0
4393;7782 11166;0
4394;11508 6791;1
4395;971 3178;0
4396;748 8380 10585 2991 11399;0
4397;11948 4365;0
4398;12415 4245 97 6747 4227 12187 6669 7118 10271 8840 5836 10614 11649 8253 5532 10568 7612 11480 8361;1
4399;9056 7997 6994 8393 7062 6193 6283 10775 7019 3589 11004 3528 7138 1455;0
4400;100 12415 11213 4245 97 10926 6747 4227 12187 5102 6669 10271 8840 10614 11649 5532 6045 10568 7612 11480 8361;1
4401;9056 7997 8393 6193 6952 6283 6235 10359 7019 3589 11004 3528 7138 1455;0
4402;9056 7997 4224 8393 7062 6193 6283 7019 3589 434 11004 3528 7138 1455;0
4403;1137 9048 3352 11666 5750 9315 1288 9404 8601 8547 5696 7659 7768 2647 8566 11753 4143 6851;0
4404;204 7909;0
4405;2473 2776 10156 8678 2746 3761 10088 899 2241 1300 3126 5642 1198 7918 5361;0
4406;3773 9048 5750 1288 8601 8547 5696 7659 7768 8566 10908 11753 4143 6851;0
4407;9548 1818;0
4408;3891 3550;0
4409;10188 1781;0
4410;3529 2473 7147 6473 5990 8008 12019 5079 8521 3970 11763 5888 6372 4080 11197 4601 8660;0
4411;86 1961;0
4412;2291 12402 9995 2247 5630 12369 30 619 10813 8107 763 10083 10797 7809 8695 4770 1573 7564;0
4413;240 2991 2441;1
4414;9065 8217;0
4415;8377 6275 572 2758;0
4416;8377 8800 11100;0
4417;8487 1699 6810 8091 2006 6879 2330 8141 7666;0
4418;1699 6810 5875 8091 2006 6879 2330 8141 7666;0
4419;1667 11698 4740;0
4420;2702 3991 7803 3816 8746;0
4421;1172 10279 1097;0
4422;684 3991 7803 7852;0
4423;492 5515;0
4424;4448 1689 8053 7852;0
4425;7454 6120 6604 4198 1117 6603 3015 6562 3197 4195 1087 9025 1156 5838 1441 8110 5812;0
4426;913 8053 10345 9221;0
4427;4452 1111 1832 3581 1533;0
4428;2190 10323;0
4429;2190 2886 7013 7333;0
4430;12067 9824;0
4431;7865 2372 11419 4067 8367 5423 81 10254 6815 2142 5586 11339 45 6845 10920 11625;0
4432;4124 5076;0
4433;10817 11100 4214;0
4434;11089 3866;0
4435;10817 7690 3816;0
4436;1677 11375 167 2998 10198 9489 3298 2956 7740 7294 3131 9968 4974 1951 826 10130 7834 9891 7570 3653 5348 8811 5446 7566 3388;0
4437;9044 2537 4291;0
4438;5880 5118 11419 6399 8723 4055 3287 11232 7288 4606 3842 8693 4376 1197 9791 11117 8464 8641 10528 5930 5315 722 4048;0
4439;7104 7763 12091 9903;0
4440;121 5076;0
4441;8356 5076;0
4442;142 9221 10194;0
4443;8394 5517;0
4444;142 8319 6304 2951;0
4445;10305 8940;0
4446;2190 7734 4509 246 2548;0
4447;7366 2840 4780 3610;0
4448;9054 4359 9759 6576;0
4449;7366 1103 2756 8586;0
4450;1862 6524 2352;0
4451;8483 4365;1
4452;6161 6594 7531 7538;0
4453;5583 2207 10679;0
4454;2675 1373 5005 11635;0
4455;2675 7207 5253 7218 8391 9893 4101 2758;0
4456;10912 11635 9893;0
4457;7454 6120 6604 4198 1117 3015 6562 3197 4195 1087 9025 1156 4009 5838 1441 8110 5812;0
4458;5765 3673 9081;0
4459;9826 3435 5370 3167 8522 11787 11511 3714 9891 8183 3877 7133 8140;0
4460;9522 4152;0
4461;3673 5792;0
4462;118 10882 10973;1
4463;442 2751 3117 12498 4296 6852 629 4819;0
4464;4754 4701 9812 10121;0
4465;11728 4701 9812 10121;0
4466;4954 2358 5579 3996 8031 11 2360 1468 8282 4957 8643 3276 1734 6575 10517 5813 1328;1
4467;2535 10108 2018 10781;0
4468;4954 2358 5579 3996 8031 11 2360 1468 694 8282 850 8643 11050 2732 6575 5813 1621;1
4469;9798 4256 10886 7437 4940 1905 2080 9640 6614 10041 2751 829 12442 1876 6573 3168 3691 1950 2083 11505 1085 5757 12193 9037 318 9751 133 11162 8194 11599 5825 5523 2326 10859 7513 7605 363 9722 11241 8121 8392 5213;0
4470;2535 3885 772;0
4471;1338 6169;0
4472;10108 7933 9364;0
4473;11789 2179 6201;0
4474;8489 907 661;0
4475;5640 331;0
4476;8450 11403 2878;0
4477;12299 6691;0
4478;907 2878 3617;0
4479;11567 6439 2157;0
4480;3629 4621 1165 12255 6736 11016;0
4481;3629 1165 757 11016;0
4482;3147 9275;0
4483;4489 2623 11969 10154 1303 2926 780 1815 10530 341 3521 9636 177 8373 1290 428 5236 2129 1945 436;0
4484;2459 1713 1165 11016;0
4485;9353 7856;0
4486;7308 5673 2547 11875 8711 11606 2833 11382 6513 6420 6757 5261 1049 14 9590 3779 11861 11600 7290 12028 972 777 8830 6509 4602 9864 10224 4293 8735 7391 6530 3319 1851 11045 5360;0
4487;6776 7390 3564;0
4488;7061 1713 3010 11016;0
4489;7061 10365 1713 1447;0
4490;7061 8488 10365;0
4491;8553 4919 7111 8356 10715 11166;0
4492;4476 4708;0
4493;7994 2331 12001 4481 10731 6448 5451 2246 6285 5205 4222 2899 12266 8204 7124 3724 3237 1018 10450 7247 9370 5459 12259 8095 3868 760 10084 7951 7103 494 10720 7424;0
4494;6328 2991 6728;0
4495;8983 5076 4365;0
4496;1766 11207;0
4497;9447 5693 7111 11931;1
4498;11789 8769 3293 1696 8699 454 3229 4450 758 4201 1050;0
4499;2290 9447 2047 8763;0
4500;9139 6647;0
4501;3183 12393;0
4502;1241 8763 12160;0
4503;9201 11161 2014;0
4504;11414 10018;0
4505;3710 4919;0
4506;2242 7566;0
4507;5502 11483;0
4508;902 2270 10069 12044 8356;0
4509;7865 9152 10034;0
4510;8738 1160;0
4511;964 10790 9177;0
4512;5536 11089 58 4701 9681 6603 5875 17 9812 5749 7124 10121 2433 5968 3717 2807 10089 10087 9082 8630 2204;0
4513;7024 4759;0
4514;3114 12363 7817 3741 1032 10385 12349 9303 5876 15 6893 3884 715 10498 7121 4085 3707 511 10808 7642 11052 8414 5429 2685 2617 7806 4290 11483 1595 8436 5421 11863 7818;0
4515;7994 2331 12001 4481 10731 6448 8738 5451 2246 6285 5205 4222 2899 12266 8204 3724 3237 1018 10450 7247 9370 5459 12259 8095 3868 760 10084 7951 7103 3903 494 10720 7424;0
4516;3114 12363 7817 3741 1032 10385 12349 9303 5876 15 6893 3884 715 10498 7121 4085 3707 511 10808 7642 11052 8414 5429 9082 2617 7806 4290 1595 8436 5421 11863 7818;0
4517;10645 7595 4425 5319 2156 8277 5252 2521 11829 9264 1558 3466 12175 6712 3506 831 5968 12164 9168 668 6713 3654 10281 7682 5764 10615 7459 11680 8225 5233 2500 2406;0
4518;4365 11503;0
4519;7531 8390;0
4520;11673 8912;0
4521;3764 1850 1246 10279 1554 8611;0
4522;4782 10089 9082;0
4523;4474 2616 5306 6838 7583 909 4576 3885 661 12200 11403 6785 7933 10794 5195 10781 4775 2661;0
4524;3764 1850 11089 1246 10279 1554;0
4525;9266 7772 2498;0
4526;10719 5063 4361 10846 6838 11130 3354 2410 12228 9309 3456 909 12200 607 11403 11398 9188 1503 85 6785 5050 10295 6692;0
4527;5077 10089 9082;0
4528;6749 8161 8020 8356 9566;0
4529;5758 3954;0
4530;1568 1617;0
4531;4960 11503;0
4532;1999 5782 11166;0
4533;10645 7595 4425 5319 2156 8277 5252 5758 2521 11829 9264 1558 3466 2726 12175 6712 3506 831 12164 9168 668 6713 3654 10281 7682 5764 10615 7459 11680 8225 5233 2500 2406;0
4534;4242 11503;0
4535;1572 3090 4450;0
4536;5103 3672 10345 9885;0
4537;11465 9180;0
4538;10284 297 11159;0
4539;2248 3744;0
4540;6729 2679 297;0
4541;6213 3655 9829;0
4542;2679 5794 9186;0
4543;2975 86;0
4544;2629 9186 1866 7950;0
4545;10899 2807;0
4546;11392 8439 443 9488 3771 12213 7389 886 1159 2207 5072 8593 10325 7056 10679 9934;0
4547;8652 995 9740 10116 8906;0
4548;3200 7207 9198 3772 9566 1107;0
4549;11392 8439 443 9488 3771 3717 12213 7389 886 2207 5072 8593 10325 7056 10679 9934;0
4550;750 492 11714 3016 1602 6013 1928 11272;0
4551;6861 12191;0
4552;7067 12070 1107;0
4553;1991 8713 6072 2970 9619 3306 191 7291 4271 1079 9681 400 9863 7077 4097 7829 4842 1665 10171 9783 7216 4546 1408 11285 4828 1750 8806 5762 2034 8754 3213 184;0
4554;1173 8940 2248 8912 4742 4232 12039 8203 4869 3895 12299 10018;0
4555;482 12070 11159 1866;0
4556;6935 2344;0
4557;4314 1458;0
4558;554 7187 7950;0
4559;3022 6472 7187;0
4560;9325 3795 3022;0
4561;11524 9096;0
4562;625 10334 7348;0
4563;1173 2927;0
4564;6655 2916 3547 10334;0
4565;2916 5560 7909 8452;0
4566;11794 12076 4314 9262 5527 8452;0
4567;8170 3311 9010;0
4568;2870 2498;0
4569;1381 10899;0
4570;5736 159 2103 2498 12074 6997;0
4571;9325 9910 8408;0
4572;1991 8713 6072 2970 9619 3306 191 2631 7291 4271 1079 400 9863 7077 4097 7829 4842 1665 10171 9783 7216 4546 1408 11285 4828 1750 11550 8806 5762 2034 8754 3213 184;0
4573;792 8408 7348;0
4574;8614 6069;0
4575;4272 10429 8614;0
4576;4810 7567 1175 8907 10817 7747 4359 6458 3359 9667 4710 1966 11682 3502 2190 7791 3062 9406 9261 2840 11851 11068 7695 7803 8053 5005 1732 3939 3816 4813 7053 572 2984 9221 8712;0
4577;12076 9432 7909 4881 1772 11451;0
4578;9850 7050 1772 5527 11603;0
4579;11882 8777 1602 221 12074;0
4580;6749 9111 8065 9850;0
4581;8170 7445;0
4582;9111 2464 10429;0
4583;7448 9922;0
4584;10087 10736;0
4585;6768 4449;0
4586;9756 2702 3672 2654;0
4587;167 10198 1682 8811 3388;0
4588;8489 5273;0
4589;5273 8450;0
4590;772 3837;0
4591;9364 3837;0
4592;6213 9015 10587 1695 10093 7611;0
4593;12366 9406 6931 2294;0
4594;8170 3340 5501 7196;0
4595;7048 6069;0
4596;2668 7158;0
4597;8772 6896 5152 9427 2339 7507;0
4598;4272 7048 8692 8614;0
4599;8772 6588 5309 10664;0
4600;946 5309 11512 4910;0
4601;3104 10051;0
4602;5629 7325 4910;0
4603;4233 9044 11761 7343;0
4604;4335 4742;0
4605;5629 305 7456;0
4606;11085 7782 6315 1999 1077 6181;0
4607;57 4478 6850 1503 3391;0
4608;11424 10401;0
4609;2526 12228 5393 1503 8191;0
4610;9862 11424 9044 85;0
4611;4124 6066;0
4612;7445 2870 5999;0
4613;11848 9314 7283 1592 7207 296 7218 49 4510 7716 3772 4651 8622;0
4614;1712 243;0
4615;5501 5999;0
4616;8502 4411 3791 910 8044 283 2279 766 8205 5720 6932;0
4617;1331 8093 6602 5730 12433 6565 6988 5406 3420 8748 10838 5393 9454 10593 3316 485 1020 2842 988 2853 8954 7059 3503 10055 6821 5884 3856 1810 7904 9921 5659;0
4618;1592 1280 10549 641;0
4619;1331 8093 6602 5730 12433 6988 5406 3420 8748 10838 5393 9454 3316 485 1020 2842 2433 988 2853 8954 7059 3503 10055 6821 5884 3856 1810 7904 9921 5659;0
4620;1338 3077 3875 4193 5617 7453;1
4621;11478 1280 10500 10215 7896;1
4622;12228 607 85 10295;0
4623;6935 6169 4042 10056 8991 10158 7453;0
4624;8582 9616 12388 8341 131 9913 2527 9501 283 3563 10125 7663 1442 1691 5970 5049;0
4625;12228 10401;0
4626;2248 4335 12490 27 5777;1
4627;2143 4163;0
4628;2103 10549;0
4629;3478 11741;0
4630;10196 4742 4449 1226 1619;1
4631;10901 6392;0
4632;1311 58 7124;0
4633;3478 607;0
4634;7071 5340 12472 2927 10018;1
4635;58 7124 6551;0
4636;1173 11640 10226 3744 10651;1
4637;2145 7527 12290 616 10584 9903;0
4638;165 10421 6768 11534 5185;1
4639;1117 3015 11105 8107;0
4640;3015 11137 1087 10278 7809;0
4641;3197 1087 449 2564 10083;0
4642;3197 9025 5961 11652 1573;0
4643;9025 1156 2678 9486 7564;0
4644;11601 5471 12402 1156 5838;0
4645;2291 9416 5838 1441 6008;0
4646;2481 8881 12369 1441 5812;0
4647;1006 2247 10639 8110 5812;0
4648;7454 10143 30 3060 8110;0
4649;3253 7454 6120 5630 1633;0
4650;6120 4198 1234 10079 10813;0
4651;6604 4198 7930 619 1609;0
4652;6604 4195 875 249 10797;0
4653;6562 4195 5674 763 8222;0
4654;6562 12494 10166 5674 6452 8222 4770;0
4655;8784 8334 12119;0
4656;9599 2031 8334;0
4657;12188 9599 3052;0
4658;3052 7090 1975;0
4659;9918 5448 7090;0
4660;9918 4599 1806;0
4661;8658 867 1806;0
4662;3236 5190 867;0
4663;137 3236 8116;0
4664;6063 7279 8116;0
4665;5488 10927 7279;0
4666;7914 5488 478;0
4667;7914 5568 10868;0
4668;7987 5568 417;0
4669;7987 6505 8457;0
4670;6505 4857 4399;0
4671;7732 3435 10086;0
4672;7732 5370 3437;0
4673;3167 3437 9084;0
4674;8675 9084 885;0
4675;11511 885 5681;0
4676;1172 3714 5681;0
4677;1172 5765 4060;0
4678;8171 2609 5765;0
4679;8171 7480 8183;0
4680;7480 5576 3877;0
4681;5576 4170 8140;0
4682;4170 5613 7133;0
4683;9826 5613 4121;0
4684;8485 6461 4121;0
4685;6607 6461 12456;0
4686;5311 12456 4053;0
4687;8433 4053 6797;0
4688;6563 11739 6797;0
4689;7813 12059 11739;0
4690;11220 7813 2039;0
4691;11220 10929 6643;0
4692;440 10929 11158;0
4693;440 11526 10545;0
4694;10664 11526 11278;0
4695;10664 11446 10474;0
4696;395 9679 11446;0
4697;9679 3086 5472;0
4698;9652 5151 3086;0
4699;2680 5151 9871;0
4700;9586 2847 9871;0
4701;1450 2716 2847;0
4702;4795 1450 5092 1554;0
4703;9048 10385 715;0
4704;5876 715 1288;0
4705;5876 5750 4085;0
4706;4085 8547 511;0
4707;511 5696 5429;0
4708;5429 8566 2617;0
4709;7768 2617 5421;0
4710;11753 4290 5421;0
4711;4290 4143 7818;0
4712;3114 7818 6851;0
4713;3114 3741 3352;0
4714;3741 1032 9315;0
4715;1032 11666 3884;0
4716;9303 3884 9404;0
4717;9303 7121 8601;0
4718;7121 3707 7659;0
4719;3707 8414 8107;0
4720;7642 8414 7809;0
4721;7642 10083 8436;0
4722;7806 8436 1573;0
4723;7806 11863 7564;0
4724;12402 1595 11863;0
4725;2291 7817 1595;0
4726;12363 7817 12369;0
4727;12363 2247 6893;0
4728;12349 6893 30;0
4729;12349 5630 10498;0
4730;15 10498 10813;0
4731;15 619 11052;0
4732;10808 11052 10797;0
4733;10808 2685 763;0
4734;6534 3988 2685 4770;0
4735;2473 10802 12482 2879 6470 7239 5848 1776 7896 1416 2126;1
4736;2288 8667 2839 12183 7408 9731 12497 1416 11756 5361;1
4737;1551 10156 5 11377 6152 2699 11975 2801 8739 11756;1
4738;1551 11905 2776 10729 3288 12232 4579 7201 7704 2653;1
4739;11905 8314 11317 10851 10088 8405 11527 5645 11479 12092;1
4740;230 8314 673 2746 10666 548 5704 1519 1886 7164;1
4741;230 6134 899 10909 2966 10754 5540 1324 2134 11966;1
4742;12430 11165 6134 10256 3761 5376 741 1518 11932 1914;1
4743;10412 1252 8130 10290 10256 527 3126 4762 9813 5473;1
4744;11879 527 10202 3947 1300 4062 9530 2872 6587 369;1
4745;1147 9387 10202 1276 513 6825 5642 2722 6108 9873;1
4746;9814 11894 4907 513 5371 6259 8422 1198 7467 2925;1
4747;5569 1400 2977 10437 10861 4467 4907 4598 6759 6628;1
4748;5452 3025 6041 340 4598 2403 11351 12047 7918 3846;1
4749;5192 6473 4075 3219 1962 5932 1483 77 5476 2403;1
4750;5192 5990 8627 1346 916 10267 7912 7037 8899 3959;1
4751;4681 3970 6133 1425 7318 781 379 11014 3959 678;1
4752;3407 5511 4681 3729 5888 4917 10862 6477 6209 10722;1
4753;1745 3407 623 9252 11331 8180 4080 3181 512 2351;1
4754;1143 7259 11722 9252 6372 9941 3871 7186 4849 8166;1
4755;9761 6074 3576 11722 3817 3679 11197 8162 4463 3390;1
4756;3072 9009 2736 3748 9126 3679 4601 7101 5766 3069;1
4757;861 9700 288 9126 189 6948 3638 8660 9920;1
4758;3529 3034 5691 2875 8710 3638 8423 4887 8588 2848;1
4759;8008 5212 796 8039 3240 203 8710 7653 6629;1
4760;8434 7147 6174 3307 1720 10085 5850 10114 7653;1
4761;8350 6598 12019 3985 4076 9982 8251 10114 10060;1
4762;8350 10368 11970 6300 8521 7493 7609 4107 5538;1
4763;12286 9992 6656 2100 6354 4229 5150 5465 7609;1
4764;12286 3027 6899 11763 7884 11478 4528 9071 1656 4106;1
4765;814 9127 11179 10500 1522 8981 6419 1656 1286 6993;1
4766;11929 4276 12149 9961 11899 4645 9229 10215 10158 1286;1
4767;11929 12224 2118 6951 394 2231 8923 7340 10620;0
4768;12221 2118 11825 10835 3021 1530 4832 11012 9609;0
4769;748 11825 10211 4533 2081 8081 2187 10709 2903;0
4770;7822 251 2081 11399 3108 3135 9182 7684 6541;0
4771;7293 11961 251 10585 11551 6236 5173 2201;0
4772;1864 9220 7545 6236 10499 8878 11362 3043;0
4773;7395 12113 10499 10727 411 11697 5096 11454;0
4774;3303 9729 1747 6627 10857 411 10244 2987;0
4775;1067 1354 5391 10244 2540 8720 553;0
4776;10104 4235 1532 4690 11447 5203 553;0
4777;3907 3766 5203 9154;0
4778;3907 2528 7855 11443;0
4779;2528 5113 3592 10052;0
4780;5113 2682 7986 8124;0
4781;7435 2682 7219 5242;0
4782;9805 4402 5242 12002;0
4783;4402 7593 9279 8529;0
4784;9963 9279 1101 6334;0
4785;2227 1101 3535 8328;0
4786;6312 1512 9029 3535;0
4787;9029 12211 11893 3664;0
4788;10454 2041 9162 3664;0
4789;7617 7006 9162 12313;0
4790;7617 11184 2130 10159;0
4791;8306 6970 10159 646;0
4792;7432 8306 11048 6200;0
4793;7432 10876 10209 8247;0
4794;401 7594 8247 776;0
4795;4875 7594 11873 11548;0
4796;533 2219 11873 9705;0
4797;2219 5367 2397 6840;0
4798;12128 4521 6840 5639;1
4799;5690 7944 4513 5639;0
4800;6536 1375 10501 7944;0
4801;6536 7956 3886 44;0
4802;7956 6550 7922 5967;0
4803;11956 6550 7125 68;0
4804;11956 2049 6142 5201;0
4805;2049 6417 8410 4194;0
4806;6417 12241 6059 7002;0
4807;12241 6366 8503 4774;0
4808;4458 6366 11209 6583;0
4809;4783 10402 11209 11910;0
4810;3975 4413 10402 726;0
4811;6896 7816 726 10966;0
4812;10685 11178 11542 10966;0
4813;10685 11036 6866 3174;0
4814;11036 11284 8784 9036;1
4815;1708 6198;0
4816;6537 244;0
4817;5793 12374;0
4818;6795 10503;0
4819;12245 12;0
4820;12320 10230;0
4821;129 10767;0
4822;4949 11408;0
4823;4112 10706;0
4824;10701 2667;0
4825;2996 4765;0
4826;4466 3188;0
4827;4720 2884;0
4828;4398 2837;0
4829;1443 5687;0
4830;8558 8150;0
4831;5761 1327;0
4832;1309 8511;0
4833;6094 7486;0
4834;6559 11776;0
4835;6006 4167;0
4836;6906 6880;0
4837;12503 4551;0
4838;11297 7017;0
4839;10466 12437;0
4840;11058 10161;0
4841;5559 181;0
4842;11616 7561;0
4843;10809 9780;0
4844;11545 6515;0
4845;10928 12135;0
4846;12280 2411;0
4847;5393 9197 1215 12145 8224 12270;0
4848;2505 9197 9454 8224 12270;0
4849;5863 1215 4612 2842 10438 11647 679;0
4850;10976 5863 3252 4179 12285 9269 11766 4612 1020 12145;0
4851;8300 11376 1215 3047 10438 6357 12256 9372 2853 1840 4642;0
4852;5863 11766 10417 9587 4612 3327 988 12145;0
4853;1453 8300 5863 12285 6876 6357 1039 4637 3856 1840;0
4854;10976 1453 8300 3252 11376 3514 10438 10241 12256 2856 9247;0
4855;1331 2505 8224 11320 12270;0
4856;2505 6269 8224 11320 5659;0
4857;2505 6269 7904 11320 5914;0
4858;2125 7059 6269 11320 5914;0
4859;2125 6269 679 5914 9921;0
4860;9269 5210 4612 2125 679 1810 5914;0
4861;10976 8300 6565 6748 4179 6876 10438 10241 2856 4637 4642;0
4862;8093 1766;0
4863;2024 12433 11997 360 9697 10268 1190 7469 8079;0
4864;2024 11997 9697 10952 10268 8954 7315 7469;0
4865;3420 11997 11922 9697 790 10268 1190 7315 7469;0
4866;1766 8748 10141 11997 790 7315;0
4867;1766 10141 2305 790 3503 7315;0
4868;5522 1766 10141 485 2305 790;0
4869;5522 1766 10141 8837 2305 12505;0
4870;5522 8837 1636 2305 2780 11101 1190 10055 11672;0
4871;5522 1766 3316 8837 1636 6271 2780 11101 11672;0
4872;6619 6988 8837 1636 6271 2780 11101 1190 11672;0
4873;8358 2780 5884;0
4874;4049 10838 12306 11062 881 10601;0
4875;5730 9697 75;0
4876;6602 7352 2311;0
4877;8567 5406 1890 3202 327 6147 12296 6698 12168 12322 1190 11801 2561 881 2028 2544;0
4878;4049 8652 5734 12204 12296 6649 6698 6821 2561 1725 6756;0
4879;10818 9405 5393 2135;0
4880;9405 9454 2842 12214 1179 2135 10423;0
4881;11818 8926 4477 6705 1020 1166 2842 10073 3686 7699;0
4882;4021 5018 4369 2606 4379 1020 11986 3686 6523 5228 758 8421 2853 2931 12477 9320 5899 674;0
4883;2332 2636 4692 2853 2321 3878;0
4884;11818 2606 5711 6705 1166 10073 988 1640 3864 9375 10565 3608 2589 3878;0
4885;10565 3856 4972 2321 12251 9320;0
4886;11078 5069 5454 11986 9247 3162 9320 502 674;0
4887;1331 689 9405 2135;0
4888;11630 2983 28 5659;0
4889;11630 5433 28 7904;0
4890;11630 5378 7059 28;0
4891;11630 4079 28 9921;0
4892;2599 732 6565 11818 6705 3577 1166 10073 7699 5228 10206 1810;0
4893;6565 6657 11986 5377 8974 3864 5899 10176;0
4894;8093 12433 8210;0
4895;7438 5610 12433 8279 7066 7587 11027 6875 8246 2375 1081 11882 9246 8954 9178 11322 426 10057 1440 7623;0
4896;5902 12436 3420 11027 2375 5388 8856 9246 8954;0
4897;9564 1550 11836 3420 8748 11027 2375 2060 9246;0
4898;9475 7771 368 146 8748 11027 3321 11295 884 3503 5623;0
4899;9475 7771 368 1971 485 10741 3321 884 4387 3503 5623;0
4900;5902 9658 7438 4797 485 145 12505 11407 744 5676;0
4901;5902 4797 8246 6137 10741 12505 5940 11407 10055 5676;0
4902;10335 368 7587 4797 3316 10741 4253 884 11407 10055;0
4903;9658 8279 6988 3316 2375 675 10321 2179 9246 5676;0
4904;9475 7771 9254 6988 5873 10741 3321 884 4717 12308 5884 5623;0
4905;2775 269 3036 1262 10838 4797 3462 5430 3278 11407 6833 5884 11322;0
4906;10850 8997 10838 1225 3321 9845 314 3278 8550 5906 2819 8106;0
4907;9475 7771 1898 5730 3036;0
4908;10850 6602 11957 1700 1225 8642 5430 12212 5904;0
4909;5406 11957 8642 5430 6842 8550 2819 8106;0
4910;5449 654 2221 5565 8289 314 8642 11643 2819 6821 9178 7177 8106 7802;0
4911;2793 9623 5779;0
4912;9623 5779 2901;0
4913;9266 5779 2901;0
4914;5063 10846 471 2324;0
4915;10846 2410 2324 65 2550;0
4916;5979 2410 9165 4287 5050;0
4917;4361 16 11504 4287 5050;0
4918;4361 5983 10026 471 6692;0
4919;11130 4155 3046 471 6692;0
4920;11130 3354 6937 7442 2550;0
4921;3354 9309 4745 9821 2550;0
4922;9309 3456 4444 1953 6023;0
4923;3456 6803 9188 9942 6023;0
4924;11398 9188 6023 4430 2137;0
4925;11398 9521 6742 6023 1407;0
4926;9521 8104 11605 4287 5530;0
4927;8104 10906 4287 7805 1988;0
4928;2425 1503 10906 7805 2550 1988;0
4929;5314 8635 6551 12213 4662;0
4930;5314 2383 10325 2184;0
4931;11392 8635 9944;0
4932;5314 9488 2383 6873 4662;0
4933;12213 10325 3230;0
4934;11392 10325 3230;0
4935;2140 11392 9488;0
4936;2140 9488 7056;0
4937;2008 3340;0
4938;11708 4192;0
4939;8623 1075;0
4940;286 10617;0
4941;9394 9977;0
4942;2058 7520;0
4943;7610 9869;0
4944;11226 11645;0
4945;3224 3644;0
4946;10964 5947 2182;0
4947;4816 1535;0
4948;2463 5475;0
4949;3227 8976;0
4950;6150 7856;0
4951;1350 10560;0
4952;1493 9367;0
4953;5600 7718;0
4954;8002 4578;0
4955;6512 4892;0
4956;286 927;0
4957;12317 6212;0
4958;6014 3980;0
4959;9443 3635 10426 6192 8704 10660;0
4960;6057 7778 9112 3932 3257 78;0
4961;4442 6422;0
4962;11259 12264;0
4963;2458 4648;0
4964;11252 8901;0
4965;4663 8029;0
4966;8698 4963;0
4967;2141 11009;0
4968;10738 727;0
4969;9271 10382;0
4970;7403 9141;0
4971;6051 9692;0
4972;4512 7356;0
4973;9570 5358;0
4974;2898 8817;0
4975;1026 961;0
4976;8273 6246;0
4977;11958 1867;0
4978;11289 10478;0
4979;10240 2380;0
4980;509 12310;0
4981;514 4968;0
4982;4066 9724;0
4983;2659 4713;0
4984;1585 5235;0
4985;2404 2088;0
4986;10273 5180;0
4987;1421 4094;0
4988;9199 12336;0
4989;1100 46;0
4990;3681 6676;0
4991;1169 98;0
4992;3657 6492;0
4993;6113 9117;0
4994;1812 7697;0
4995;1770 5796;0
4996;2310 8221;0
4997;1203 5524;0
4998;11087 8607;0
4999;3326 7596;0
5000;12376 10839;0
5001;4255 4284;0
5002;6849 4086;0
5003;12139 4855;0
5004;6667 5694;0
5005;10950 12172;0
5006;10270 620;0
5007;2013 657;0
5008;11648 6687;0
5009;1023 10626;0
5010;12235 11488;0
5011;6214 10570;0
5012;2460 6447;0
5013;4027 5350;0
5014;10146 5740;0
5015;2788 272;0
5016;960 10816;0
5017;2912 2749;0
5018;887 6932;0
5019;3760 3818;0
5020;8049 2279;0
5021;10043 1314;0
5022;3791 5651;0
5023;1187 1691;0
5024;5572 11819;0
5025;9616 7952;0
5026;6488 148 2315 7663;0
5027;5980 9501;0
5028;3969 5720;0
5029;5889 11302;0
5030;12025 3911 12199 4083;0
5031;9500 6367;0
5032;3398 11198;0
5033;4595 2416;0
5034;8668 9460;0
5035;9474 10958;0
5036;8620 7034;0
5037;11572 11108;0
5038;10704 11824;0
5039;2541 2795;0
5040;7357 5049;0
5041;9445 1442;0
5042;3076 10125;0
5043;5409 851;0
5044;3164 2568;0
5045;10148 1642;0
5046;2806 8044;0
5047;4411 10090;0
5048;8502 2753;0
5049;7825 906;0
5050;3774 10312;0
5051;2306 9801;0
5052;8860 1245;0
5053;11539 2260;0
5054;11136 1192;0
5055;978 5570;0
5056;910 8591;0
5057;740 7181;0
5058;5878 6926;0
5059;4006 11990;0
5060;5869 2527;0
5061;131 4092;0
5062;12388 6363;0
5063;11139 1974;0
5064;3803 4600;0
5065;8582 8679;0
5066;8205 3520;0
5067;8003 3563;0
5068;7136 8341;0
5069;11972 9913;0
5070;2435 8534;0
5071;6273 2022;0
5072;8305 7597;0
5073;9938 6414;0
5074;11920 9423;0
5075;10442 1162;0
5076;766 7029;0
5077;4294 11010;0
5078;5958 10175;0
5079;11011 8958;0
5080;10330 9170;0
5081;2335 653;0
5082;2008 9885 3516;0
5083;10997 11708 2008;0
5084;11708 1075;0
5085;9313 1075 8092;0
5086;5792 8092 3815;0
5087;5132 3815 7902;0
5088;3200 7064 10617 7902;0
5089;2706 10617 4825;0
5090;2519 987 4825;0
5091;5344 2519;0
5092;5344 3476 9414 1237;0
5093;8913 3476 1237 2398 7674 4332;0
5094;8913 942 976 7674 2171;0
5095;3264 942 3824 7674 2171;0
5096;12267 9394 3264 1237 1634 2171;0
5097;3171 2058 9394;0
5098;2058 11482;0
5099;11482 9869;0
5100;8417 9869;0
5101;11226 3763 8417;0
5102;1260 11799 5703 11226 8220 4896 3644 501;0
5103;8737 1871 1325 5947 3644;0
5104;1368 4816 5947;0
5105;3892 4816 10678 2463 11104;0
5106;1587 10740 9378 8220 2463;0
5107;974 10740 633;0
5108;974 2838 5431 10514 12138;0
5109;5431 9701 8217;0
5110;9701 3227 11497 9467;0
5111;11422 6150 1260 7539 3227;0
5112;6150 6392 5718;0
5113;8426 5977 5478 5718;0
5114;8426 301 311 2759;0
5115;301 6025 2103;0
5116;6025 1350 11503;0
5117;10677 1350;0
5118;2570 10677;0
5119;2570 204 9367;0
5120;10151 3812 7718 9367 501;0
5121;4578 7718 7893;0
5122;4578 7042 4892;0
5123;11115 4892 9919;0
5124;11115 10708 5917;0
5125;10708 11020;0
5126;11020 927;0
5127;227 844 927;0
5128;227 12317 6632;0
5129;6014 12317 8454;0
5130;6014 8704 6586;0
5131;8574 7778 8704;0
5132;7778 6316 4442;0
5133;11813 3966 4442 7698 11259 2513 12309;0
5134;307 2458 7783 2072 11259 2603 7100;0
5135;8435 307 2458 6855 11252;0
5136;11304 11252 8029;0
5137;4963 6890 8029;0
5138;2141 4963 11248;0
5139;2141 10236 727;0
5140;10382 519 727;0
5141;10382 9141 11202;0
5142;6051 9141 9610;0
5143;6051 4512 2656;0
5144;9760 4512 5358;0
5145;2457 5358 8817;0
5146;5258 961 8817;0
5147;8273 4427 961;0
5148;8273 11958 1780;0
5149;11958 1068 10478;0
5150;2380 1921 10478;0
5151;2380 874 12310;0
5152;514 3682 12310;0
5153;4066 514 9159;0
5154;4066 4713 220;0
5155;1585 4713 5771;0
5156;8256 1585 2088;0
5157;4741 10273 2088;0
5158;1421 4443 10273;0
5159;1421 6779 12336;0
5160;46 11533 12336;0
5161;46 3422 6676;0
5162;9083 6676 98;0
5163;3312 6492 98;0
5164;6113 9018 6492;0
5165;1812 6113 11499;0
5166;9512 1812 1770;0
5167;8182 2310 1770;0
5168;2310 7484 1203;0
5169;11087 8133 1203;0
5170;11087 7452 3326;0
5171;10839 9810 3326;0
5172;10839 4284 1785;0
5173;4284 4086 6510;0
5174;4086 12444 4855;0
5175;5694 2004 4855;0
5176;10950 5694 12198;0
5177;10950 620 2000;0
5178;113 2013 620;0
5179;2013 6061 6687;0
5180;10921 1023 6687;0
5181;12235 445 1023;0
5182;12235 6214 10890;0
5183;6447 6214 410;0
5184;6447 4830 4027;0
5185;5740 4577 4027;0
5186;5740 3106 272;0
5187;5134 10816 272;0
5188;2912 10816 3238;0
5189;2912 5104 6932;0
5190;3283 3818 6932;0
5191;3818 2279 8724;0
5192;7316 10043 2279;0
5193;3788 10043 3791;0
5194;7860 3791 1691;0
5195;11819 3594 1691;0
5196;9616 11819 7985;0
5197;9616 7222 7663 5717 1305;0
5198;9501 11987 7663;0
5199;9501 8520 5720;0
5200;11302 6321 5720;0
5201;7360 12199 11302 10094 8389;0
5202;6286 9500 12199;0
5203;3398 9500 11888;0
5204;3398 9384 2416;0
5205;12401 6987 2416 9460 10521;0
5206;9474 9439 11171 9067 9460;0
5207;9474 5407 10234 9442 7034;0
5208;11572 7034 11032;0
5209;11824 11572 10218;0
5210;2795 11824 774;0
5211;9291 2795 6371 4925 11212 5049;0
5212;6424 12223 9715 1442 5049;0
5213;10125 2405 1442;0
5214;9709 851 10125;0
5215;851 2568 2348;0
5216;5293 2568 1642;0
5217;8044 5801 1642;0
5218;4411 8044 1979;0
5219;8502 4411 12324;0
5220;7825 8502 12324;0
5221;7825 12324 10312;0
5222;9801 12324 10312;0
5223;8860 96 9801;0
5224;11539 8860 12324;0
5225;11539 11136 12324;0
5226;978 11136 12324;0
5227;910 978 2016;0
5228;910 7181 103;0
5229;2263 6926 7181;0
5230;6926 11990 6100;0
5231;2527 11990 12324;0
5232;131 2527 12324;0
5233;12388 131 4241;0
5234;438 12388 1974;0
5235;4841 3803 1974;0
5236;8582 4007 3803;0
5237;8582 4796 8205;0
5238;4569 3563 8205;0
5239;8341 8839 3563;0
5240;8341 9913 11311;0
5241;2435 9913 3291;0
5242;2435 8778 2022;0
5243;7597 3245 2022;0
5244;9938 7597 8736;0
5245;9938 9423 7307;0
5246;9630 1162 9423;0
5247;7859 766 1162;0
5248;7063 4294 766;0
5249;4294 5958;0
5250;8958 5958;0
5251;8958 9170;0
5252;653 9170;0
5253;7169 653;0
5254;7169 6227;0
5255;8528 6227;0
5256;8528 6272;0
5257;6272 8264;0
5258;8264 6353;0
5259;11904 6353;0
5260;11904 10408;0
5261;10408 7025;0
5262;7025 11018;0
5263;6983 11018;0
5264;6983 11026;0
5265;10282 11026;0
5266;10282 2337;0
5267;2337 11577;0
5268;11577 9683;0
5269;9683 11695;0
5270;9201 11695 9481;0
5271;2378 9481;0
5272;2378 2030;0
5273;11969 2030 10049;0
5274;1303 10049 1847;0
5275;10530 811 1847;0
5276;1644 428 811;0
5277;805 2926 1644;0
5278;805 4259 1290;0
5279;439 10831 4259;0
5280;10831 2708 2129;0
5281;2708 11388 11326;0
5282;11388 9534 9636;0
5283;2478 9534 5236;0
5284;1815 2478 9547;0
5285;3521 2995 9547;0
5286;2995 6155 1135;0
5287;7947 3318 1135;0
5288;6179 3318 1741;0
5289;11866 1030 1741;0
5290;10337 1658 1030;0
5291;1357 1658 993;0
5292;1357 947 5809;0
5293;8127 5809 779;0
5294;8127 139 5002;0
5295;4747 5738 139;0
5296;6761 5738 4140;0
5297;11144 4140 6144;0
5298;6144 5175 4251;0
5299;780 6623 4251;0
5300;341 6623 12194;0
5301;8373 12194 4012;0
5302;8852 4489 4012;0
5303;8852 4228 436;0
5304;2623 4228 8873;0
5305;11192 6263 8873;0
5306;11192 2565 10888;0
5307;11865 10888 8634;0
5308;12478 8634 11472;0
5309;11472 177 11741;0
5310;2073 2793 7056 9934;0
5311;8439 2301 649 9623 9934;0
5312;8439 11974 2301 649 3580 2901;0
5313;3764 4053 1554 50;0
5314;3764 1850 827 5637 6797;0
5315;1850 7 1246 783 11739;0
5316;7813 7 1246 5072 783 11440;0
5317;3622 1355 3166;0
5318;12018 4351 1355 1455;0
5319;1902 4351 8409 3528;0
5320;7997 7630 8409 5133;0
5321;7630 5892 7138 3754;0
5322;3295 8307 5892;0
5323;8709 5259 8307;0
5324;4423 5259 7313;0
5325;4423 9225 3831 8259;0
5326;11562 9225 7833 6421;0
5327;11562 3559 3602;0
5328;9156 3559 10359 7993;0
5329;9156 7231 7176 7019;0
5330;7231 9176 10942 11004;0
5331;9056 9176 7691 8584;0
5332;7062 9996 7691 6344;0
5333;9565 9996 1877 8404;0
5334;6301 1774 1877 7458;0
5335;11908 7736 7458 11846;0
5336;7602 7953 11810 11846;0
5337;7602 11864 6954 7624;0
5338;2170 11864 11263 11785;0
5339;2170 294 10246 1709;0
5340;294 12163 254 7055;0
5341;12163 10356 9483 12472;0
5342;10356 12161 1803 10226;0
5343;12161 10320 1019 27;0
5344;12008 664 10320;0
5345;165 664 5032 1565;0
5346;4956 11823 5032 10655;0
5347;1710 10655 2496;0
5348;250 12160 2496;0
5349;2109 12215 5176;0
5350;2109 2364 8876;0
5351;11150 8876 3900;0
5352;11150 3383 8819;0
5353;11254 9342 8819;0
5354;10745 11254 853;0
5355;10745 3634 424;0
5356;815 11334 424;0
5357;9667 11334 3513;0
5358;9667 8033 3062;0
5359;4810 3062 7722;0
5360;4810 3359 5553;0
5361;8907 3359 8362;0
5362;8907 11682 7541;0
5363;11682 3502 8317;0
5364;10188 3502 5989 12494 7048;0
5365;7223 12146;0
5366;1369 1937;0
5367;10365 10633 6068;0
5368;11175 8809;0
5369;544 11300;0
5370;7061 5330 9633;0
5371;4024 8945;0
5372;5394 11246;0
5373;2760 1251 1713;0
5374;8290 10574;0
5375;4609 564;0
5376;10365 1228 9457 11016;0
5377;7329 5739;0
5378;6318 3860;0
5379;7061 1165 8463 3961;0
5380;7903 8939;0
5381;7091 10656;0
5382;1713 7847 3720;0
5383;7068 5931;0
5384;9909 12370;0
5385;1798 4608;0
5386;4576 5195;0
5387;7583 4576;0
5388;7583 10781;0
5389;3885 10781;0
5390;3885 7933;0
5391;661 7933;0
5392;661 11403;0
5393;6838 11403;0
5394;6838 12200;0
5395;909 12200;0
5396;909 6785;0
5397;6785 10794;0
5398;10794 2661;0
5399;4775 2661;0
5400;4474 4775;0
5401;4474 2616;0
5402;2616 6940;0
5403;11137 6446;0
5404;449 11803;0
5405;5961 6343;0
5406;11749 2678;0
5407;5471 1938;0
5408;385 6008;0
5409;11298 8881;0
5410;10309 10639;0
5411;532 3060;0
5412;3253 10250;0
5413;523 1234;0
5414;4961 7930;0
5415;4643 249;0
5416;8441 617 5195;0
5417;4576 4437;0
5418;7583 9699;0
5419;8508 121;0
5420;7024 5270;0
5421;4476 7005;0
5422;483 4429;0
5423;2531 11531;0
5424;9548 8670;0
5425;1110 10663;0
5426;2844 1591;0
5427;1712 12096;0
5428;8526 1980;0
5429;1155 3905;0
5430;331 10534;0
5431;6011 8394;0
5432;8390 5169;0
5433;12393 8741;0
5434;12338 9096;0
5435;2280 9180;0
5436;6750 10051;0
5437;7448 10748;0
5438;1865 10807;0
5439;10699 6716;0
5440;10732 6691;0
5441;10305 2869;0
5442;11673 8122;0
5443;6129 11414;0
5444;2927 9114;0
5445;7646 3744;0
5446;4335 8238;0
5447;4449 8371;0
5448;11534 6727;0
5449;1191 12279;0
5450;1338 11683;0
5451;118 5998 8966 4513;0
5452;8407 1375 5998 5085;0
5453;3886 8407 6922 3225;0
5454;7922 6922 5006 5231;0
5455;7125 5006 4305 3338;0
5456;6142 4305 4876 9249;0
5457;7430 8410 4876 4322;0
5458;3534 6799 6059 4322;0
5459;11044 8001 8503 6799;0
5460;11044 3495 3671 6583;0
5461;3495 9047 7948 11910;0
5462;11426 3975 9047 7428;0
5463;6896 11426 9078 11971;0
5464;11178 11439 9078 8268;0
5465;6866 11439 9497 6352;0
5466;11284 9497 10568 1289;0
5467;2849 3516 9473;0
5468;1036 2849 2008;0
5469;1036 11708 12103;0
5470;1683 12103 1075;0
5471;1683 12045 8092;0
5472;1744 12045 3815;0
5473;1744 1284 7902;0
5474;5747 1284 10617;0
5475;5747 10516 4825;0
5476;2519 1561 10516;0
5477;5344 1561 6004;0
5478;3476 6004 56;0
5479;6010 8913 56;0
5480;9386 6010 942;0
5481;9386 6865 3264;0
5482;6865 5008 9394;0
5483;2058 5008 4298;0
5484;4298 4750 11482;0
5485;4750 4440 9869;0
5486;6814 8417 4440;0
5487;11226 6814 11341;0
5488;11341 3468 3644;0
5489;3468 5947 9074;0
5490;4816 9074 3441;0
5491;9004 2463 3441;0
5492;11372 9004 10740;0
5493;11372 9526 974;0
5494;9526 8186 5431;0
5495;8186 7525 9701;0
5496;9856 7525 3227;0
5497;6150 9856 7478;0
5498;9791 7478 5718;0
5499;8426 9791 1686;0
5500;301 1431 1686;0
5501;6025 1431 12417;0
5502;1350 2035 12417;0
5503;12153 10677 2035;0
5504;1954 12153 2570;0
5505;1954 108 9367;0
5506;6079 108 7718;0
5507;6079 4578 10922;0
5508;456 10922 4892;0
5509;11115 456 4844;0
5510;10708 4844 452;0
5511;11020 452 4850;0
5512;4549 927 4850;0
5513;227 4549 8807;0
5514;12317 8807 5315;0
5515;6014 5315 3145;0
5516;5118 8704 3145;0
5517;5118 7778 3287;0
5518;8723 3287 4442;0
5519;8723 7288 11259;0
5520;2458 7288 3842;0
5521;3842 7835 11252;0
5522;7321 7835 8029;0
5523;7321 4963 10135;0
5524;2141 2929 10135;0
5525;2929 951 727;0
5526;10382 951 9906;0
5527;9906 2166 9141;0
5528;6051 1474 2166;0
5529;1474 4512 2323;0
5530;1420 2323 5358;0
5531;1420 5628 8817;0
5532;7935 961 5628;0
5533;595 8273 7935;0
5534;6158 595 11958;0
5535;6158 725 10478;0
5536;6131 725 2380;0
5537;6131 3927 12310;0
5538;514 6408 3927;0
5539;4066 6408 5321;0
5540;4632 5321 4713;0
5541;1585 4632 8938;0
5542;8938 4631 2088;0
5543;10273 4631 8657;0
5544;1421 10963 8657;0
5545;12336 10963 10690;0
5546;9207 46 10690;0
5547;9207 7405 6676;0
5548;7405 9287 98;0
5549;9287 7372 6492;0
5550;6113 9449 7372;0
5551;1812 9449 2846;0
5552;2846 7703 1770;0
5553;2310 7703 12095;0
5554;1203 12095 7651;0
5555;11087 7651 12043;0
5556;3326 1632 12043;0
5557;10839 1632 1312;0
5558;12489 4284 1312;0
5559;12489 10532 4086;0
5560;6240 10532 4855;0
5561;6240 5694 9674;0
5562;10950 2423 9674;0
5563;2423 620 5179;0
5564;2013 3415 5179;0
5565;3415 1931 6687;0
5566;1023 967 1931;0
5567;12235 1857 967;0
5568;1857 6214 856;0
5569;6447 3626 856;0
5570;9108 3626 4027;0
5571;9108 5740 346;0
5572;5791 346 272;0
5573;5791 8242 10816;0
5574;2912 8242 5555;0
5575;5555 8364 6932;0
5576;3818 7550 8364;0
5577;7550 2279 12379;0
5578;10043 12379 4202;0
5579;3791 4202 6738;0
5580;1691 6738 4003;0
5581;11819 6665 4003;0
5582;9616 12271 6665;0
5583;12271 10307 7663;0
5584;10307 8821 9501;0
5585;8821 11657 5720;0
5586;11657 8968 11302;0
5587;12199 8968 11402;0
5588;9500 10596 11402;0
5589;3398 10596 2447;0
5590;2447 7244 2416;0
5591;7244 10139 9460;0
5592;9474 2820 10139;0
5593;10095 7034 2820;0
5594;2773 10095 11572;0
5595;2773 908 11824;0
5596;3784 2795 908;0
5597;3784 2257 5049;0
5598;1244 2257 1442;0
5599;1244 10125 2205;0
5600;851 1197 2205;0
5601;2568 1197 5603;0
5602;1642 8464 5603;0
5603;8044 8464 722;0
5604;4411 5930 722;0
5605;8502 5930 4048;0
5606;5880 7825 4048;0
5607;5880 4055 10312;0
5608;6399 4055 9801;0
5609;6399 11232 8860;0
5610;11539 11232 4606;0
5611;4606 11136 8693;0
5612;978 8693 4376;0
5613;910 4376 8641;0
5614;11117 7181 8641;0
5615;6926 11117 10528;0
5616;11990 10528 9337;0
5617;2527 9337 7180;0
5618;9328 131 7180;0
5619;9328 12388 7108;0
5620;9407 7108 1974;0
5621;9407 3803 2079;0
5622;8582 2079 7761;0
5623;7761 12061 8205;0
5624;1639 12061 3563;0
5625;8341 1501 1639;0
5626;3833 1501 9913;0
5627;2435 3833 7828;0
5628;7075 7828 2022;0
5629;7075 6098 7597;0
5630;8548 9938 6098;0
5631;8548 6207 9423;0
5632;8570 6207 1162;0
5633;766 8570 6341;0
5634;4294 11751 6341;0
5635;4535 5958 11751;0
5636;6944 4535 8958;0
5637;6944 11309 9170;0
5638;11309 6981 653;0
5639;7169 6981 11236;0
5640;10247 6227 11236;0
5641;8528 10247 541;0
5642;6272 541 11330;0
5643;11330 8264 9751;0
5644;9751 6353 11599;0
5645;11904 11599 9722;0
5646;10408 2326 9722;0
5647;7025 2326 5213;0
5648;9516 11018 5213;0
5649;9516 6983 1905;0
5650;1905 11026 10041;0
5651;10282 10041 1876;0
5652;2337 829 1876;0
5653;11577 829 3691;0
5654;9683 3691 1950;0
5655;1950 11695 318;0
5656;5757 318 9481;0
5657;5757 2378 363;0
5658;2030 5523 363;0
5659;10049 5523 8392;0
5660;7605 1847 8392;0
5661;4940 811 7605;0
5662;4256 4940 1644;0
5663;4256 805 1085;0
5664;4259 3168 1085;0
5665;10831 3168 9037;0
5666;2708 11505 9037;0
5667;11388 11505 5825;0
5668;9534 8194 5825;0
5669;2478 8194 7513;0
5670;9547 7513 8121;0
5671;7437 2995 8121;0
5672;9798 7437 1135;0
5673;9798 2080 3318;0
5674;2080 6614 1741;0
5675;6614 12442 1030;0
5676;1658 12442 6573;0
5677;1357 6573 12193;0
5678;5809 2083 12193;0
5679;8127 2083 133;0
5680;139 133 11162;0
5681;5738 11162 10859;0
5682;4140 10859 11241;0
5683;10886 6144 11241;0
5684;397 10886 4251;0
5685;397 4788 6623;0
5686;4788 9640 12194;0
5687;9640 3088 4012;0
5688;8852 5146 3088;0
5689;4228 5146 3055;0
5690;8873 5084 3055;0
5691;11192 5084 3231;0
5692;10888 8726 3231;0
5693;8634 8726 1537;0
5694;4998 11472 1537;0
5695;7263 5033 1189 10037 10680;0
5696;7537 1123 3543 7826 10680;0
5697;7537 2342 11778 1121 7937;0
5698;11051 7791 2342 7165 9035;0
5699;7858 7812 7791 2984 7515;0
5700;3598 11901 11802 4813 2984;0
5701;6458 7989 4813 6923 11253;0
5702;6458 6439 5234 5719 7053;0
5703;4710 8243 3937 7053 8902;0
5704;11847 4710 2157 3721 1597 12129;0
5705;2157 7981 138 5652 11944 1597;0
5706;6854 4375 1805 3937 5652 8255;0
5707;3844 1805 3937 8771 2858 6292;0
5708;8232 1966 3937 5374 9349 2858;0
5709;7567 5153 1966 11038 12419;0
5710;7567 5153 1781 8126 11038 12215;0
5711;3797 4452 4485 12301 6307 1308 12257 7648;0
5712;1321 3797 9981 123 1832 3089 1308 10418 12257;0
5713;729 9185 2042 11467 6284 1111 10418;0
5714;729 8075 1321 9185 2042 12014 5171 12301 3581;0
5715;10810 12014 11169 3972;0
5716;10810 6284 3972 10860;0
5717;7785 6284 10734 922 12298;0
5718;7785 10734 10860 2793 12298;0
5719;1491 4176 9215 3580;0
5720;3532 1491 4176 7336;0
5721;3532 6464 7999 9581;0
5722;7226 6464 7999 9215;0
5723;4176 4452 9215 7336;0
5724;4176 1832 9581 7336;0
5725;7226 6464 1111 9581;0
5726;7226 6464 6307 3581;0
5727;8796 2732;0
5728;2424 3588;0
5729;4848 3540;0
5730;8492 1061;0
5731;7440 5116;0
5732;12439 5813;0
5733;8643 112;0
5734;1734 10852;0
5735;5304 4957;0
5736;3417 1621;0
5737;3996 5419;0
5738;8031 3184;0
5739;11493 1328;0
5740;2001 694;0
5741;2360 5382;0
5742;4302 3276;0
5743;9649 6575;0
5744;1468 7088;0
5745;4954 10462;0
5746;11589 5985;0
5747;10935 2721;0
5748;8474 4350;0
5749;3662 10687;0
5750;7686 3650;0
5751;8236 12046;0
5752;6724 10482;0
5753;2508 9482;0
5754;11 1577;0
5755;5579 2176;0
5756;12140 8282;0
5757;2358 8369;0
5758;4989 11050;0
5759;8483 4187 7284 1071 476 1786 1923 10445;1
5760;11336 9487 476 4826 4935 320;1
5761;9997 4044 4826 4136 11013;0
5762;2486 4044 8879 7023 10177 219;1
5763;4242 11034 8879 12450 5386 212 10673;1
5764;11702 10313 4242 2941 5386 3173 4432;1
5765;2003 3553 3173 6777 8808 5403;1
5766;3160 4426 4984 1721 9629 5403;1
5767;3160 8998 4242 9689 5843 11674 8759;1
5768;11338 4960 11569 2412 433 1923 11156 8759;1
5769;11338 4242 10924 3880 10495 5206 2643;1
5770;3880 7877 9089 2384 2186 5776;1
5771;8254 7115 7877 11515 925 2185;1
5772;7115 10067 7846 11053 1923 3335 9612;1
5773;7072 7846 11464 9886 9358;1
5774;5126 7072 1923 925 9888 9994 793;1
5775;3618 1834 9888 3107 2186 2643;1
5776;5126 800 4242 10495 1834 786 6567;1
5777;4242 5074 9886 11800 11156 6567 9935;1
5778;6342 8082 433 11800 2138;1
5779;6342 9916 7755 9629 219 11760;1
5780;2144 2161 5554 10122 9612 11760;1
5781;277 2144 1538 8387 10122 8808;1
5782;277 5521 11324 5509 212 11674;1
5783;8254 10494 11324 3123 11053 8316;1
5784;10494 9487 543 125 7040 5776;1
5785;11702 543 10261 2070 5843 12343;1
5786;4242 10261 1721 551 650 3962 10673;1
5787;6690 11336 3553 4941 551 6237;1
5788;2486 4960 1786 4941 4653 3955 12289;1
5789;4960 6817 9997 1071 2941 4653 2676 423;1
5790;4242 5304 4960 7284 10973 2676 4817;1
5791;2303 2145;0
5792;8816 616;0
5793;1511 10584;0
5794;5673 5611 5261 2701;0
5795;5673 6420 8355;0
5796;6420 2421 5360;0
5797;10222 3319 5360;0
5798;6509 6293 3319;0
5799;11085 6553 11526 6509 10864;0
5800;10289 6557 6449 10864;0
5801;2833 6449 11890;0
5802;2833 1081 12028 8789 3437;0
5803;6346 10137 12028 8056;0
5804;2547 8056;0
5805;4123 2547 8406 10224;0
5806;4026 662 10224 1851;0
5807;7391 1851;0
5808;777 7391;0
5809;8711 777;0
5810;7732 8711 4316 7290 426;0
5811;11476 6757 7290 3268;0
5812;6757 7538 8217 4010 8735;0
5813;3165 8537 9864 8735;0
5814;4955 1049 10975 9864;0
5815;3625 1049 1208 987 11045;0
5816;11875 5598 987 7601 11045;0
5817;11875 12282 6513 8467 987;0
5818;6513 4602 3829 9084 557;0
5819;3779 4602;0
5820;9590 3779;0
5821;5123 3673 10792 9590 11600;0
5822;7308 11600;0
5823;7308 6530;0
5824;9738 972 6530;0
5825;9103 11606 972;0
5826;11606 11861 12384;0
5827;11861 8560 8830;0
5828;2628 8830 10579 4293;0
5829;2741 11382 5266 4293;0
5830;11382 10378 2701 4166 639 4057;0
5831;10694 12191;0
5832;3763 12191;0
5833;10694 2143 3763;0
5834;2143 3763 5195;0
5835;10137 2383;0
5836;1617 3268;0
5837;8171 2006 8141;0
5838;1699 7480 8141;0
5839;1699 6810 5576;0
5840;6810 4170 2330;0
5841;8091 5613 2330;0
5842;8091 4121 7666;0
5843;6461 6879 7666;0
5844;1667 6879 12456;0
5845;4026 8441 2701;0
5846;4026 6557 4437;0
5847;10137 12243 6557;0
5848;3710 1708 10137 5793 244 12238 3976 12 10503 10795 11356 10975 129 4112 10230 4949 1802 2667;0
5849;10975 3268;0
5850;4123 12091 3268;0
5851;4123 3165 9699;0
5852;3165 5622 10734;0
5853;11808 2396;0
5854;5181 10243;0
5855;240 2991 3988 9492 239;1
5856;4755 9492 7456;0
5857;2970 8603 1079;0
5858;8603 1079 9863;0
5859;2258 9863 1665;0
5860;2258 1665 9783;0
5861;9783 6820 1750;0
5862;1408 6820 1750;0
5863;1408 570 5762;0
5864;570 5762 2034;0
5865;2034 184 2533;0
5866;1991 184 2533;0
5867;1991 5458 191;0
5868;6072 5458 191;0
5869;6072 4271 1341;0
5870;4271 400 1341;0
5871;400 4842 3859;0
5872;4097 4842 3859;0
5873;4097 4828 6107;0
5874;4546 4828 6107;0
5875;8425 4546 8806;0
5876;8425 11285 8806;0
5877;4039 11285 3213;0
5878;4039 8754 3213;0
5879;3306 6917 8754;0
5880;8713 3306 6917;0
5881;8713 7291 8766;0
5882;9619 7291 8766;0
5883;9619 7829 7831;0
5884;7077 7829 7831;0
5885;7077 10171 4220;0
5886;10171 7216 4220;0
5887;7216 11550 6336;0
5888;12403 7782 11550 6336;0
5889;827 4164;0
5890;11728 5461 5993 10119 886 692 4777;0
5891;6755 11728 3045 3771 1404 692;0
5892;6755 8443 11728 5461 5993 637 3866 8593;0
5893;8443 5461 7389 6929 692 4777;0
5894;3006 12265 9832 3771 12213 9777 886 12083 5354 3580 9090;0
5895;2303 10723 1491 9832 7364 2876 3771 558 8593 12083 10325 5354 3658;0
5896;11392 3532 10723 3006 7415 6503 3787 810 558 7389 1462 8593 12083 9410;0
5897;9488 7999 3006 7415 2377 2269 9832 6146 3182 7364 2876 9777 558 7389 1462 12083 5354 9410 499;0
5898;1708 6198 5233 2406;0
5899;6537 5252 244 2406;0
5900;4425 5252 5793 12374;0
5901;4425 9264 6795 10503;0
5902;9264 1558 12245 12;0
5903;1558 3506 12320 10230;0
5904;3506 831 129 10767;0
5905;831 3654 4949 11408;0
5906;9168 3654 4112 10706;0
5907;10701 4919 9168 7682 2667;0
5908;2996 7682 5764 4765;0
5909;4466 3188 5764 8225;0
5910;4720 2884 7459 8225;0
5911;8277 4398 2837 7459;0
5912;7595 8277 1443 5687;0
5913;7595 8558 11829 8150;0
5914;2156 11829 5761 1327;0
5915;1309 2156 8511 6712;0
5916;6094 7486 12175 6712;0
5917;6559 12175 11776 6713;0
5918;6006 4167 12164 6713;0
5919;6906 12164 6880 10281;0
5920;12503 668 10281 4551;0
5921;668 11297 7017 11680;0
5922;10466 12437 10615 11680;0
5923;10615 11058 10161 2500;0
5924;10645 5559 181 2500;0
5925;10645 11616 2521 7561;0
5926;10809 5319 2521 9780;0
5927;5319 3466 11545 4919 6515;0
5928;3466 10928 2726 4919 12135;0
5929;12280 8553 2726 4919 2411;0
5930;1175 10374 4274 11755;0
5931;7509 10389 5698 11068 6358;0
5932;824 4617 8610 6140 7462;0
5933;4153 923 797 233 7462;0
5934;1924 6368 8096 797 6886;0
5935;6368 4827 12496 3239 5474;0
5936;5633 4827 9868 8527 12416;0
5937;3222 6522 8527 4556 183;0
5938;162 8885 3939 3633 4556;0
5939;10799 7547 3977 9874 3939 9390;0
5940;9875 7547 8554 11546 3948 9390;0
5941;9875 7547 4906 6290 12260 12330;0
5942;7547 10192 2632 12330 3121 10456;0
5943;10567 7848 2735 7966 2632 10339;0
5944;2735 7966 9704 5036 11746 9533;0
5945;1498 9448 7966 2352 12466 9533;0
5946;1498 7966 4839 6708 6524 1732;0
5947;2482 1033 7695 6517 6524 1732 5882;0
5948;3356 1843 7695 12203 6517 6524 8712;0
5949;3356 7263 12203 6517 6524 8712 12100;0
5950;11385 5248 3786 9261 7404 7163 11299 572 3410;0
5951;7747 11385 5248 7207 3786 5103 9261 7218 311 7404 708 10961;0
5952;8666 7747 11385 5248 3786 11764 11851 6265 10411 10961 11299;0
5953;9756 8666 11385 5248 11851 6265 311 10411 4101 4585;0
5954;2473 2066 3496 926 5186;0
5955;7223 3496 597 9050 7175 5361;0
5956;10156 11321 11434 9050 1369 12357;0
5957;2776 11434 10633 9538 6068 2304;0
5958;2005 6674 9538 10088 8078 11282;0
5959;2005 12272 11175 2746 8078 7764 10597;0
5960;2005 6805 544 899 555 7764 8054;0
5961;2005 12240 3761 8054 5330 9633 7749;0
5962;8488 10821 3126 9690 9974 7749;0
5963;8488 642 4024 1300 9974 2809 1740;0
5964;8488 11405 5394 5642 1740 6533 9753;0
5965;8488 12479 2760 1251 10589 1198 6533;0
5966;5569 2276 5232 12479 2444 1447;0
5967;2276 3781 8290 12481 10716 1447 7918;0
5968;6473 1909 2015 12481 4609 1447 2868;0
5969;5990 2015 1228 151 9457 3113 1447;0
5970;3461 3970 3656 5729 3010 151;0
5971;2771 5739 5729 5888 3010 10758 1178;0
5972;970 6318 3010 4080 749 3677 10758;0
5973;2897 3010 6372 749 8463 3961 10840;0
5974;2459 10978 11197 7710 713 10840;0
5975;2459 1409 4601 713 5911 4728 8939;0
5976;2459 10656 3742 8660 6249 4029 4728;0
5977;3529 2971 5864 2459 8193 4029 3720;0
5978;5444 8378 2971 8008 1204 757;0
5979;5444 7147 3210 6388 5931 5604 757;0
5980;12123 3210 12019 5398 8142 12370 757;0
5981;5398 8521 4621 3140 7439 757 6736;0
5982;6701 8682 3140 6354 9787 12255;0
5983;8682 11763 10984 4608 11475 1675 12255;0
5984;10355 11475 3879 6661 6500 6419 12255;0
5985;2766 3622 3848 10355 3879 6661 11899 12255;0
5986;6566 4626 613 10436;0
5987;2296 4626 11808 8687 1323;0
5988;10994 613 8687 1488 10243;0
5989;5638 10221 10994 613 10658;0
5990;5638 5803 10221 2111 10658 1323;0
5991;8603 9048 6198 8204 3237;0
5992;6537 8603 1288 3237 8095;0
5993;2258 12374 5750 7247 8095;0
5994;2258 6795 8547 7247 10084;0
5995;12245 5696 6820 10084 7951;0
5996;12320 6820 8566 7951 7424;0
5997;7994 570 7768 10767 7424;0
5998;7994 6448 570 11753 11408;0
5999;12001 6448 10706 4143 2533;0
6000;10701 12001 2246 2533 6851;0
6001;5458 2996 3352 2246 6285;0
6002;5458 6285 3188 9315 12266;0
6003;11666 2884 4222 12266 1341;0
6004;4222 9404 1341 2837 12259;0
6005;8601 10450 3859 12259 1443;0
6006;10450 3859 7659 760 8150;0
6007;4702 5459 760 1327 6107;0
6008;1309 2387 5459 10720 6107;0
6009;8425 6094 4806 494 10720;0
6010;8425 10731 6559 3508 494;0
6011;2331 10731 6006 4039 8883;0
6012;2331 5451 6906 4039 1094;0
6013;4481 5451 6917 4551 3170;0
6014;9136 4481 2899 6917 11297;0
6015;3158 5205 2899 10466 8766;0
6016;9109 5205 3724 11058 8766;0
6017;11469 7831 3724 5559 1018;0
6018;9988 7831 1018 7561 3868;0
6019;7925 9780 9370 3868 4220;0
6020;7548 9370 6515 4220 7103;0
6021;7827 7103 3903 12135 6336;0
6022;12280 6534 6566 7569 3903 6336;0
6023;3251 8978 5917;0
6024;5986 8886 8576 5051;0
6025;3351 5351;0
6026;5064 59;0
6027;5440 10204;0
6028;12220 9977;0
6029;2429 12323;0
6030;7681 1899 3171 1260 11799 11353 5703 8220 4896 501;0
6031;2870 2919;0
6032;286 2449;0
6033;6861 5425;0
6034;5736 10329;0
6035;7584 2103;0
6036;2270 6029;0
6037;8792 4706;0
6038;12124 4462;0
6039;1005 4722;0
6040;10292 6232;0
6041;633 3863;0
6042;4453 2575;0
6043;8824 7610;0
6044;9297 11512;0
6045;4986 4700;0
6046;2635 2696;0
6047;10272 7520;0
6048;49 3998 8777 639;0
6049;6117 6816;0
6050;7398 6816;0
6051;8199 4758;0
6052;8688 4105;0
6053;12401 1899 5986 11799 4529 1613 4163 6338 588;0
6054;7361 4755;0
6055;8623 6659;0
6056;5610 4794;0
6057;8342 9980;0
6058;3030 2060;0
6059;9201 12324;0
6060;4196 11694;0
6061;9304 8886;0
6062;11668 2668;0
6063;9396 3178;0
6064;9639 7111;0
6065;2424 1291;0
6066;4848 12295;0
6067;9914 1061;0
6068;5116 6846;0
6069;11989 5813;0
6070;8643 11063;0
6071;11082 1734;0
6072;4957 10793;0
6073;2690 1621;0
6074;4778 3996;0
6075;8031 9546;0
6076;2487 1328;0
6077;694 1113;0
6078;2360 2994;0
6079;1109 3276;0
6080;3189 6575;0
6081;1468 9017;0
6082;4954 1265;0
6083;11589 5821;0
6084;10935 1434;0
6085;5806 8474;0
6086;8119 10687;0
6087;7436 3650;0
6088;5982 12046;0
6089;4133 10482;0
6090;6043 9482;0
6091;11 4249;0
6092;5579 6595;0
6093;8282 12196;0
6094;2358 4017;0
6095;5950 11050;0
6096;10128 12258;0
6097;3050 11736;0
6098;11378 943;0
6099;6263 10794;0
6100;2565 2661;0
6101;11865 4775;0
6102;4474 12478;0
6103;2616 177;0
6104;11969 9327 11654 9400 7120 2728 9172;1
6105;4980 1303;0
6106;9685 10530;0
6107;2402 428;0
6108;2926 9550;0
6109;2392 1290;0
6110;439 1021;0
6111;3337 2129;0
6112;11326 1859;0
6113;9636 803;0
6114;5236 3507;0
6115;848 1815;0
6116;5073 3521;0
6117;8212 6155;0
6118;7947 7780;0
6119;5513 6179;0
6120;8383 11866;0
6121;10337 5519;0
6122;9389 993;0
6123;947 6648;0
6124;779 12337;0
6125;3953 5002;0
6126;4747 6693;0
6127;3926 6761;0
6128;11144 6808;0
6129;12230 5175;0
6130;10829 780;0
6131;8932 341;0
6132;11400 8373;0
6133;4489 10578;0
6134;11364 436;0
6135;2623 10742;0
6136;8320 2498;0
6137;2269 2207;0
6138;7871 7589 10258 10279 3901;0
6139;1241 7123;0
6140;9392 2047;0
6141;12403 10899;0
6142;6588 5309;0
6143;8772 5102 9106 7118 7485 11889;1
6144;4742 1619;0
6145;9008 2863 9421 1011 2107 3843 1606 1272 1623 2104 1503 5699 2566 1164 9465 7225;0
6146;10421 6768;0
6147;6328 4399;0
6148;3493 8203;0
6149;3077 5617;0
6150;6169 10056;0
6151;6256 3988;0
6152;3104 12380;0
6153;4274 7923;0
6154;11204 9922;0
6155;520 7456;0
6156;8903 4232;0
6157;9816 3895;0
6158;6444 7394;0
6159;5443 278 7325;0
6160;10943 12299;0
6161;8940 1282;0
6162;8912 1236;0
6163;7071 10018;0
6164;1173 10651;0
6165;2248 5777;0
6166;2334 2758;0
6167;1313 94;0
6168;243 704;0
6169;3258 795;0
6170;5528 9130;0
6171;996 5640;0
6172;5517 5666;0
6173;7531 5588;0
6174;3183 7221;0
6175;4789 11524;0
6176;149 11465;0
6177;2702 8868;0
6178;1301 4759;0
6179;4708 6032;0
6180;8994 5953;0
6181;7041 1363;0
6182;5332 1818;0
6183;2756 7472;0
6184;4278 11838;0
6185;8764 4780 4881 7557;0
6186;7087 7705 11827;0
6187;11821 2756;0
6188;7998 964 3782 900 8177 8441 9699 1971 6137 4437;0
6189;6560 3547 2889;0
6190;11861 8777;0
6191;886 6940;0
6192;159 10086;0
6193;5957 6708;0
6194;7066 972;0
6195;3622 5186;0
6196;12018 1355;0
6197;1902 4351;0
6198;1242 8409;0
6199;7630 3754;0
6200;8159 5892;0
6201;7351 8307;0
6202;5259 9865;0
6203;4423 7954;0
6204;9225 6468;0
6205;11562 8456;0
6206;3559 6489;0
6207;9156 12112;0
6208;7231 2033;0
6209;9176 6403;0
6210;7691 11492;0
6211;9996 6380;0
6212;11219 1877;0
6213;10507 7458;0
6214;457 11846;0
6215;7602 10978;0
6216;11864 10662;0
6217;2170 2605;0
6218;294 9898;0
6219;12163 2572;0
6220;10356 5198;0
6221;12161 4312;0
6222;10320 2864;0
6223;664 1038;0
6224;1748 5032;0
6225;1009 10655;0
6226;3848 2496;0
6227;11606 6875;0
6228;11643 2006;0
6229;2970 1667;0
6230;10385 8919;0
6231;1776 2732;1
6232;367 3633;0
6233;5063 8577;0
6234;10846 2566;0
6235;2410 7225;0
6236;9465 5050;0
6237;2863 4361;0
6238;9421 6692;0
6239;11130 2107;0
6240;1011 3354;0
6241;3843 9309;0
6242;1606 3456;0
6243;1272 9188;0
6244;11398 1623;0
6245;9521 1164;0
6246;5699 8104;0
6247;9008 7805;0
6248;6513 3214;0
6249;4838 926;0
6250;3496 9872;0
6251;9050 2969;0
6252;11434 895;0
6253;9538 3102;0
6254;8078 843;0
6255;7764 3128;0
6256;9118 8054;0
6257;1394 7749;0
6258;5795 9974;0
6259;1509 1740;0
6260;5550 6533;0
6261;12479 7832;0
6262;2276 7543;0
6263;12481 6096;0
6264;2015 3896;0
6265;151 6219;0
6266;5729 4004;0
6267;10758 6339;0
6268;12274 749;0
6269;4537 10840;0
6270;8810 713;0
6271;11325 4728;0
6272;8970 4029;0
6273;2971 11269;0
6274;5444 10580;0
6275;3210 538;0
6276;5398 7246;0
6277;3140 9725;0
6278;8682 7373;0
6279;11475 9744;0
6280;2766 3879;0
6281;5063 1097;0
6282;10694 7154;0
6283;2059 926 6728;0
6284;1208 8969;0
6285;9183 5598;0
6286;9694 8467;0
6287;2731 4452;0
6288;7669 1832;0
6289;12036 1111;0
6290;1646 3581;0
6291;5123 10391;0
6292;744 11937;0
6293;5940 1854;0
6294;10378 4057;0
6295;11356 5233;0
6296;8553 8204;0
6297;1117 2111;0
6298;11929 12224;0
6299;2118 10835;0
6300;748 11825;0
6301;2081 11399;0
6302;251 10585;0
6303;6236 11362;0
6304;10499 10727;0
6305;411 2987;0
6306;5391 10244;0
6307;10104 553;0
6308;5203 2769;0
6309;3907 968;0
6310;2528 2913;0
6311;5113 1423;0
6312;3737 2682;0
6313;8153 5242;0
6314;4402 1205;0
6315;9279 5596;0
6316;1101 1335;0
6317;3535 6045;0
6318;9029 8416;0
6319;6633 3664;0
6320;9162 5897;0
6321;7617 4019;0
6322;6631 10159;0
6323;8306 12176;0
6324;7432 1978;0
6325;100 8247;0
6326;11213 7594;0
6327;10926 11873;0
6328;441 2219;0
6329;10882 6840;0
6330;5261 6452;0
6331;6757 4010;0
6332;97 5639;0
6333;5532 7944;0
6334;6536 8361;0
6335;7956 7612;0
6336;12415 6550;0
6337;4245 11956;0
6338;6747 2049;0
6339;4227 6417;0
6340;6669 12241;0
6341;12187 6366;0
6342;10271 11209;0
6343;8840 10402;0
6344;11649 726;0
6345;10614 10966;0
6346;10685 11480;0
6347;11036 10568;0
6348;3589 1776;0
6349;1416 1455;0
6350;11756 3528;0
6351;1551 7997;0
6352;11905 7138;0
6353;6193 8314;0
6354;8393 230;0
6355;6283 6134;0
6356;10256 8259;0
6357;527 6421;0
6358;11916 10202;0
6359;10359 513;0
6360;7019 4907;0
6361;11004 4598;0
6362;9056 2403;0
6363;5192 7062;0
6364;9565 3959;0
6365;4681 1774;0
6366;3407 7736;0
6367;9252 11810;0
6368;11722 7624;0
6369;3679 11785;0
6370;9126 1709;0
6371;3638 254;0
6372;8710 12472;0
6373;7653 10226;0
6374;10114 27;0
6375;8350 10196;0
6376;165 7609;0
6377;12286 4956;0
6378;4193 1656;0
6379;2672 1286;0
6380;8666 5103 7163 708;0
6381;3786 5103 11764 4585;0
6382;8711 426;0
6383;8784 1440;1
6384;12436 8334;1
6385;1550 9599;1
6386;146 3052;1
6387;1971 7090;1
6388;9918 145;1
6389;6137 1806;1
6390;4253 867;1
6391;675 3236;1
6392;4717 8116;1
6393;2775 7279;1
6394;5488 900;1
6395;7914 3782;1
6396;8177 5568;1
6397;7987 1258;1
6398;6505 5565;1
6399;2833 1081;0
6400;11085 3550;0
6401;4187 394;0
6402;4832 4935;0
6403;4533 4136;0
6404;3108 7023;0
6405;5173 12450;0
6406;4432 3043;0
6407;6777 5096;0
6408;3303 4426;0
6409;8998 8720;0
6410;1532 11569;0
6411;3766 10924;0
6412;7855 9089;0
6413;11515 3592;0
6414;10067 7986;0
6415;7219 11464;0
6416;12002 9994;0
6417;8529 3107;0
6418;6334 786;0
6419;9935 8328;0
6420;6312 2138;0
6421;9916 11893;0
6422;10454 2161;0
6423;7006 1538;0
6424;11184 5521;0
6425;3123 6970;0
6426;125 11048;0
6427;10209 2070;0
6428;776 650;0
6429;11548 6237;0
6430;9705 3955;0
6431;2397 423;0
6432;12128 4817;0
6433;9491 10864;0
6434;7524 2324;0
6435;4472 9165;0
6436;6754 11504;0
6437;11586 10026;0
6438;10834 3046;0
6439;9012 7442;0
6440;11355 9821;0
6441;1953 9026;0
6442;11521 9942;0
6443;9678 2137;0
6444;2967 1407;0
6445;7502 5530;0
6446;1175 2886;0
6447;6126 11068;0
6448;7509 6140;0
6449;1208 9178;0
6450;5598 7623;0
6451;8467 10057;0
6452;5123 8279;0
6453;5382 10495;0
6454;10599 6459 716 9539 4166;0
6455;4302 433;0
6456;11053 9649;0
6457;9629 7088;0
6458;9054 7064;0
6459;9559 2103 12494 3016;0
6460;8751 7398 8168 9799 10472 12181;0
6461;11858 7398 1681;0
6462;3517 7734 4509;0
6463;8020 12323 246 8199 12469 7333 5351;0
6464;8320 29;0
6465;4700 2400;0
6466;7865 8652 10755 2644;0
6467;2099 10755;0
6468;9152 286;0
6469;750 5643 79 6007 11272;0
6470;3014 79;0
6471;9859 3336 3997;0
6472;2099 6764 2909;0
6473;9977 7888 7520 1961 7610;0
6474;1411 8895 3336;0
6475;2873 11359 2909;0
6476;11156 2176;0
6477;8670 6597;0
6478;12140 9612;0
6479;10663 5477;0
6480;2643 8369;0
6481;4050 2844;0
6482;5126 4989;0
6483;3974 12096;0
6484;12263 1980;0
6485;3460 1155;0
6486;7331 10534;0
6487;750 7414 12206 1529 7538 1951 9177 8217 6007;0
6488;6011 9841;0
6489;2261 5174 11207;0
6490;5169 1292;0
6491;12088 8741;0
6492;10462 9487;0
6493;5985 1786;0
6494;9015 7208 12494 6997 11272;0
6495;1071 2721;0
6496;9490 12494 9177 1695;0
6497;3553 4350;0
6498;1302 5790 2909;0
6499;3662 1721;0
6500;7686 212;0
6501;12094 5711 7957 5029;0
6502;8508 5929;0
6503;8236 5843;0
6504;5270 10970;0
6505;6724 219;0
6506;9240 7735 166 4108;0
6507;9461 7005;0
6508;2508 5776;0
6509;12094 5324 7957 10176 386;0
6510;10147 483;0
6511;8254 1577;0
6512;9240 10941 2093;0
6513;2531 287;0
6514;12227 9684 6255;0
6515;4754 11573 5420 4299 3428 6521;0
6516;1311 1102 4453 6792 2064 10649 10252 971 7158 5077 6521 11111;0
6517;7865 11089 12124 3428 2433 10087 8630 2204 4895;0
6518;8689 9114;0
6519;7646 10665;0
6520;842 5664 4099;0
6521;8238 2940;0
6522;9862 7343;0
6523;5324 7589 6556 5545 1696;0
6524;9817 8371;0
6525;5324 7589 6556 11169 12315 36;0
6526;416 6684 4800 12114 8816 810 70 7620 1511;0
6527;1998 6727;0
6528;10514 12279;0
6529;11683 12138;0
6530;11789 6818 10635 7957 3897 6225;0
6531;9240 11395 4201;0
6532;5736 750 4166 10587 2465 6013;0
6533;9559 2822 10093;0
6534;6506 4099 4872;0
6535;4672 12338;0
6536;2280 6714;0
6537;6750 9222;0
6538;8498 10748;0
6539;6902 10807;0
6540;10699 12451;0
6541;10732 10914;0
6542;10896 2869;0
6543;4856 8122;0
6544;5978 6081;0
6545;3386 6129;0
6546;4424 2975 5338 11427 10736 4888;0
6547;4553 4800 10259;0
6548;5515 3336;0
6549;11713 6818 12094 7589 9375;0
6550;3368 11122 4450 11741 1559 11234;0
6551;492 5285;0
6552;842 3620;0
6553;8083 5464;0
6554;4448 2702 3991 2759 2654;0
6555;1257 8386 8320;0
6556;2042 8320;0
6557;8245 11166;0
6558;6553 5132;0
6559;12296 8906;0
6560;9876 7489 9010;0
6561;9756 717;0
6562;5443 3171 11512 2991 5565 4755 633 721;1
6563;520 7066 6875 1081 3998 4736 426 8596 9611;0
6564;8666 7218 10411 10961 3410;0
6565;5168 5174 4637;0
6566;5249 3702;0
6567;8161 3547 1504;0
6568;7678 8073;0
6569;6438 3293 4649;0
6570;8796 11674;0
6571;3588 8808;0
6572;11702 3540;0
6573;8492 10673;0
6574;2486 7440;0
6575;2143 3517 7013;0
6576;11336 12439;0
6577;12191 10323;0
6578;9997 112;0
6579;7284 10852;0
6580;9240 8769 10316;0
6581;4367 2475;0
6582;1034 3336 3229;0
6583;2504 2873 5174;0
6584;3472 9191;0
6585;8446 6556 659;0
6586;7243 4099 8021;0
6587;10997 8623 3340 1581;0
6588;9266 7785 1382 621;0
6589;6289 10130 3690 747 3408 10832;0
6590;8196 8139;0
6591;4772 6258;0
6592;2469 4236;0
6593;3417 10122;0
6594;5419 2941;0
6595;3184 925;0
6596;2745 10599 2413 6054;0
6597;11493 9886;0
6598;2001 2186;0
6599;6534 4131;0
6600;4733 3653;0
6601;1214 11105;0
6602;10278 5585;0
6603;8468 2564;0
6604;6501 11652;0
6605;5939 9486;0
6606;11601 4059;0
6607;9416 6436;0
6608;2481 4071;0
6609;6377 1006;0
6610;11223 10143;0
6611;10453 1633;0
6612;8684 10079;0
6613;10980 1609;0
6614;875 8647;0
6615;11127 5674;0
6616;2324 8577;0
6617;471 4738 8577;0
6618;3200 11650 8622;0
6619;5610 1550 5064 12436 1258 9638 2060 505 1440;0
6620;5736 8688 12469 10037 6997;0
6621;12224 10445;0
6622;10835 320;0
6623;748 11013;0
6624;10177 3192;0
6625;11034 10585;0
6626;10313 11362;0
6627;2003 10727;0
6628;4984 2987;0
6629;9689 5391;0
6630;10104 2412;0
6631;5206 2769;0
6632;968 2384;0
6633;2913 2185;0
6634;1423 3335;0
6635;3737 9358;0
6636;8153 793;0
6637;3618 1205;0
6638;800 5596;0
6639;5074 1335;0
6640;8082 6045;0
6641;7755 8416;0
6642;5554 6633;0
6643;8387 5897;0
6644;4019 5509;0
6645;8316 6631;0
6646;7040 12176;0
6647;12343 1978;0
6648;100 3962;0
6649;6690 11213;0
6650;10926 12289;0
6651;441 6817;0
6652;9267 3408;0
6653;7153 12494;0
6654;529 12015 716;0
6655;9048 11469 10733 1906 529 9988 7925 7548 6181 7827 8883 5614 7569 3508 3170 1094;0
6656;1999 9737 8400 12060;0
6657;4726 442 3163 3251 10841 5502 4233 49 5956 11744 6931 5051;0
6658;2702 5253;0
6659;6202 654 6264 9027 2542;0
6660;11957 2221 12058 10419 5623;0
6661;10700 10850 269 9829 12495 12058 8289 5598 6842 7177 7713 2689;0
6662;11831 2052 12495 3462 8467 8826 12212 3278 4883 8550 2819 7713;0
6663;5123 10321 8210;0
6664;7834 12158;0
6665;9313 1581 11177 3311 638;0
6666;7791 4319;0
6667;4314 12070;0
6668;8740 8408;0
6669;11085 6509;0
6670;9390 6834;0
6671;10198 6810;0
6672;6950 11068;0
6673;9652 10838;0
6674;9631 2984;0
6675;9198 1107;0
6676;3319 5483;0
6677;167 1699;0
6678;1175 7923;0
6679;4959 10279;0
6680;515 5005;0
6681;7085 4813;0
6682;6203 5360;0
6683;3493 9071;0
6684;8903 7186;0
6685;3258 9530;0
6686;107 8091;0
6687;6072 2970 4271 1079 400 9863 4097 4842 1665 4974 9783 4546 1408 11285 4828 1750 8806 5762 2034 3213 7900 9754;0
6688;654 9864;0
6689;6202 6530;0
6690;1799 7950;0
6691;6458 7743;0
6692;11794 12076;0
6693;6420 3979;0
6694;11851 6265;0
6695;6656 10421;0
6696;11331 11204;0
6697;10290 704;0
6698;6581 10679;0
6699;4282 2330;0
6700;2547 2555;0
6701;5406 2716;0
6702;4359 11650;0
6703;2840 4510;0
6704;1049 8969;0
6705;3816 4651;0
6706;9186 9432;0
6707;2506 7053;0
6708;9409 8452;0
6709;5673 11019;0
6710;7747 11764;0
6711;6719 6879;0
6712;12505 10545;0
6713;10224 2455;0
6714;5092 6821;0
6715;9183 11045;0
6716;10817 7283;0
6717;2679 997;0
6718;4710 3500;0
6719;9262 2916;0
6720;1574 5261;0
6721;9261 7404;0
6722;4831 7666;0
6723;10055 11278;0
6724;11875 9694;0
6725;956 297;0
6726;2889 10334;0
6727;7163 572;0
6728;7207 7404 7163;0
6729;1720 10651;0
6730;4789 916;0
6731;5332 5704;0
6732;6643 3503;0
6733;8830 11937;0
6734;7677 10429;0
6735;8712 12100;0
6736;7071 8039;0
6737;7221 77;0
6738;5645 1363;0
6739;485 11158;0
6740;3401 6785 2979;0
6741;4293 1854;0
6742;1287 9221;0
6743;9325 4151;0
6744;9111 5595;0
6745;1843 7695;0
6746;1619 4107;0
6747;6477 12380;0
6748;7567 10188;0
6749;12430 94;0
6750;6720 3939;0
6751;3420 12059;0
6752;11858 3401 909;0
6753;11848 8053;0
6754;11382 10378;0
6755;3995 3022;0
6756;9850 7050;0
6757;1033 1732;0
6758;4076 5777;0
6759;149 7318;0
6760;1966 11227;0
6761;4278 10909;0
6762;367 4556;0
6763;3316 10474;0
6764;8748 2039;0
6765;7290 9027;0
6766;9590 10391;0
6767;5123 1208 8467 5598 3120 4057;0
6768;296 7852;0
6769;10985 7048;0
6770;3830 9893;0
6771;7187 8617;0
6772;1772 11451;0
6773;1498 5957;0
6774;10056 10158;0
6775;5072 3653;0
6776;3072 10943;0
6777;7376 2858;0
6778;996 9814;0
6779;2839 1301;0
6780;12348 8527;0
6781;2334 4101;0
6782;395 6988;0
6783;12433 8433;0
6784;7803 2619;0
6785;5034 11635;0
6786;10899 4871;0
6787;9448 9533;0
6788;3077 1522;0
6789;9816 3817;0
6790;1805 1996;0
6791;1276 5528;0
6792;6066 2126;0
6793;8344 4827;0
6794;6563 8954;0
6795;8735 2542;0
6796;7263 1189;0
6797;4349 9759;0
6798;6213 12028;0
6799;2735 9708;0
6800;1236 8588;0
6801;404 5652;0
6802;6041 5588;0
6803;4579 5953;0
6804;8365 6368;0
6805;11100 6689;0
6806;5994 10680;0
6807;4509 2548;0
6808;7366 1057;0
6809;2632 2733;0
6810;6948 1282;0
6811;11265 1597;0
6812;4467 5666;0
6813;6032 8739;0
6814;10061 12430 9814 6656 916 1720 11331 2992 6948 5704 3226 5645 9071 9530 1000 10158 2126;0
6815;3072 12430 4076 916 8039 1720 2992 7318 5704 10909 5645 9071 77 7186 10158 6477 4107;0
6816;797 7797;0
6817;5730 2680;0
6818;8093 5311;0
6819;3358 8377;0
6820;7537 4460;0
6821;9316 8319;0
6822;9254 6449;0
6823;10957 12330;0
6824;8141 3388;0
6825;5725 7462;0
6826;6602 9586;0
6827;2342 3915;0
6828;3317 142;0
6829;3746 3830 7368 8391 11650 8155 9052 4509 7111 7716;0
6830;11159 11603;0
6831;9765 7348;0
6832;8020 11915 5556;0
6833;9875 10782;0
6834;2006 8811;0
6835;3631 6140;0
6836;5884 5472;0
6837;443 12265 3787 6146 10441 5446 10317;0
6838;443 5446;0
6839;4123 3163 10137 3165 4026 6557 2701 10975 3268;0
6840;7083 12243 9491 10086;0
6841;440 10258;0
6842;1450 1172 7732 11220 8171 440 7813 5765 10929 7480 9105 5576 11526 4170 11267 3437 4121 7804 885 9871 6797 5681;0
6843;9048 10385;0
6844;715 1288;0
6845;5876 5750;0
6846;4085 8547;0
6847;511 5696;0
6848;5429 8566;0
6849;7768 2617;0
6850;11753 5421;0
6851;4290 4143;0
6852;7818 6851;0
6853;3114 3352;0
6854;3741 9315;0
6855;1032 11666;0
6856;3884 9404;0
6857;9303 8601;0
6858;7121 7659;0
6859;4702 3707;0
6860;8414 2387;0
6861;7642 4806;0
6862;3508 8436;0
6863;8883 7806;0
6864;1094 11863;0
6865;3170 1595;0
6866;9136 7817;0
6867;12363 3158;0
6868;9109 6893;0
6869;11469 12349;0
6870;9988 10498;0
6871;7925 15;0
6872;7548 11052;0
6873;10808 7827;0
6874;2685 7569;0
6875;3114 3741 1032 10385 9303 5876 3298 3884 715 10245 7121 4085 3707 511 7642 8414 7806 1596 1595 8436 11863 7818;0
6876;4474 2616 6838 7583 909 4576 3885 661 12200 11403 6785 9824 7933 10794 5195 10781 4775 2661;0
6877;1117 1214;0
6878;3015 5585;0
6879;1087 8468;0
6880;3197 6501;0
6881;9025 5939;0
6882;1156 4059;0
6883;5838 6436;0
6884;4071 1441;0
6885;6377 5812;0
6886;11223 8110;0
6887;7454 10453;0
6888;6120 8684;0
6889;4198 10980;0
6890;6604 8647;0
6891;4195 11127;0
6892;6562 10166;0
6893;7454 6120 6604 4198 1117 3015 6562 3197 4195 1087 8331 9025 1156 5838 1441 8110 5812;0
6894;11401 12215;0
6895;2109 9541;0
6896;8094 8876;0
6897;11150 7807;0
6898;8024 8819;0
6899;7746 11254;0
6900;10745 10133;0
6901;1711 424;0
6902;6535 11334;0
6903;9667 12345;0
6904;3062 1735;0
6905;4810 274;0
6906;5824 3359;0
6907;8907 8525;0
6908;11682 2;0
6909;3502 5989;0
6910;2121 3590;0
6911;1708 8204;0
6912;244 3237;0
6913;5793 8095;0
6914;10503 7247;0
6915;12 10084;0
6916;10230 7951;0
6917;129 7424;0
6918;7994 4949;0
6919;6448 4112;0
6920;12001 2667;0
6921;2246 4765;0
6922;4466 6285;0
6923;4720 12266;0
6924;4398 4222;0
6925;12259 5687;0
6926;8558 10450;0
6927;5761 760;0
6928;8511 5459;0
6929;7486 10720;0
6930;11776 494;0
6931;10731 4167;0
6932;2331 6880;0
6933;5451 12503;0
6934;4481 7017;0
6935;2899 12437;0
6936;5205 10161;0
6937;3724 181;0
6938;11616 1018;0
6939;10809 3868;0
6940;11545 9370;0
6941;10928 7103;0
6942;2411 3903;0
6943;7994 2331 12001 10731 6448 2244 5451 4222 7294 12266 8204 3237 10450 7247 5459 12259 8095 11007 760 7951 494 10720;0
6944;8483 4187;0
6945;3226 7507;0
6946;476 4935;0
6947;4826 4136;0
6948;4044 7023;0
6949;8879 12450;0
6950;5386 4432;0
6951;3173 6777;0
6952;4426 5403;0
6953;3160 8998;0
6954;11569 8759;0
6955;11338 10924;0
6956;3880 9089;0
6957;7877 11515;0
6958;7115 10067;0
6959;7846 11464;0
6960;7072 9994;0
6961;9888 3107;0
6962;1834 786;0
6963;6567 9935;0
6964;11800 2138;0
6965;6342 9916;0
6966;2161 11760;0
6967;2144 1538;0
6968;277 5521;0
6969;11324 3123;0
6970;10494 125;0
6971;543 2070;0
6972;10261 650;0
6973;551 6237;0
6974;4941 3955;0
6975;4653 423;0
6976;2676 4817;0
6977;7595 4425 2156 8277 5252 11829 9264 1558 5589 12175 6712 3506 831 12164 10130 6713 3654 10210 10281 7459 5233 2406;0
6978;8523 7056;0
6979;9934 7142;0
6980;8439 11974;0
6981;8439 7834 7056 9934;0
6982;6566 1144;0
6983;3612 4626;0
6984;8687 9002;0
6985;7173 10994;0
6986;5803 10658;0
6987;6566 4626 10994 8687 10658 7570;0
6988;397 10886 7437 4788 2080 9640 6614 5146 6408 3088 12442 3927 1418 133 11162 8194 517 9830 10859 7513 11241 8121;0
6989;1554 50;0
6990;3764 5637;0
6991;1850 7;0
6992;1246 11440;0
6993;3764 1850 1246 9891 1554;0
6994;2145 886;0
6995;12290 3771;0
6996;616 8593;0
6997;7389 10584;0
6998;3435 5393;0
6999;5370 9454;0
7000;3167 2842;0
7001;8675 1020;0
7002;11511 2853;0
7003;3714 988;0
7004;3856 4060;0
7005;2609 9247;0
7006;1331 8183;0
7007;3877 5659;0
7008;7904 8140;0
7009;7059 7133;0
7010;9826 9921;0
7011;8485 1810;0
7012;6565 6607;0
7013;8093 6602 5730 12433 5406 3420 8748 10838 5393 9454 3316 485 1020 2842 12505 2853 3503 10055 6821 5884 1171 3769 7566;0
7014;11392 1677 9488 3771 12213 7389 886 2207 8593 10325 10679;0
7015;3398 11708 8273 10950 3803 2795 1585 6113 2380 12448 8417 4713 7663 5094 1442 11252 5358 961 10668 8029 5049;0
7016;11773 4513;0
7017;1375 1578;0
7018;3886 1362;0
7019;7922 5669;0
7020;10483 7125;0
7021;51 6142;0
7022;7234 8410;0
7023;6059 9509;0
7024;8495 8503;0
7025;7506 6583;0
7026;4391 11910;0
7027;3975 6704;0
7028;6896 11056;0
7029;11178 10815;0
7030;6866 9321;0
7031;11284 9497;0
7032;1898 6897 8642 349;0
7033;9950 1262 5449 8826 7713 221 557;0
7034;11836 6054 1602 221;0
7035;5388 6054 1602;0
7036;995 11922 10993;0
7037;1766 995 10993 10952;0
7038;995 10993 360;0
7039;9966 9661 9950 9829 2052 12396 9223 5906 6833;0
7040;11078 2747 6123 248 8974 10206 4108 2321 5680;0
7041;11818 6438 1034 10635 10941 6123 8895 5377 12315 758 5726 1933 502;0
7042;6438 10635 5711 6705 1771 4379 5545 1166 5289 6523 1933 10316 4972 3997;0
7043;5470 2332 2747 6123 8895 1797 5289 920 3498 8974 10565 3997;0
7044;5018 5545 11395 920 12315 6739 10404;0
7045;5140 11078 4477 2747 2606 248 8974 10565 2321 3967 3878 5680;0
7046;6748 11766 10417 3047 566 883 8021;0
7047;1302 12285 2504 5210;0
7048;11766 3514 9587 11359 566 4642;0
7049;5664 6764 9587 1039 83 8021 7471;0
7050;1302 12285 1215 3327;0
7051;4179 11359 10241 9372 883 679;0
7052;4179 2504 9587 6357 11647;0
7053;4795 1257 6534 492 10599 7782 5515 6459 9832 4995 4166 79 281 7570 3690 5044 387 2859;0
7054;3099 5072 5910;0
7055;6289 644 9777;0
7056;8816 4974 2797 558 10317 1454;0
7057;4795 487 7763 7398 7364;0
7058;7415 3368 3230;0
7059;2077 8820 12114 7390;0
7060;3006 7415 2377 12290 3182 12390 9777 1462 9410 499 3658;0
7061;2303 10723 7415 7364 2876 558 9410 9090 499 3408;0
7062;6203 4966 3979 7043 7795 8320 11019 5483;0
7063;1321 8320 7648;0
7064;8075 2042 1308;0
7065;4772 5314 12227 5978 4236 10755 10736 3620 2409;0
7066;4424 4236 4782 10736 6255 4662;0
7067;5461 5875;0
7068;4772 5464 8443 1559;0
7069;9650 4618 2171;0
7070;3614 4978;0
7071;4978 9132;0
7072;2675 5248 5977 5478;0
7073;367 5957 7102 7923 12100;0
7074;12265 7527 3787 9338 6146 12290;0
7075;5646 2028 4776;0
7076;1321 11085 1077;0
7077;12476 11466 10481 3132 12296 6649 7352 12168 4032 1190 2028;0
7078;10724 160 12296 7352 12322;0
7079;12476 1766 7086 160 2311 11801 8906 6756 2544;0
7080;12296 10407 75 2561;0
7081;8567 6147 8196 6081 12306 8906;0
7082;10481 10993 10293;0
7083;1321 2042 11467 12301 1308;0
7084;2042 9981;0
7085;8443 5461 3045 5993 637;0
7086;5314 9944 2383 4662;0
7087;1217 2229 460 4557 5356;0
7088;1521 6037 6928 9883 6580;0
7089;6350 648 9883 4652 8208 2168;0
7090;5583 9338;0
7091;10985 8692;0
7092;8391 9949;0
7093;3317 9052;0
7094;2482 12203 5882;0
7095;8885 5414;0
7096;12495 7687;0
7097;1725 6491;0
7098;8083 4299 6423 2644 4872 6258;0
7099;11801 6491;0
7100;6033 2179;0
7101;2469 8847 9684 6423;0
7102;10389 5698 8610;0
7103;1568 11573 9113 10252 4299 4735 2644;0
7104;3447 8678 7795;1
7105;7111 2400 5917 8911;0
7106;12204 3568;0
7107;138 4375 11944;0
7108;5021 1604 9956 1959 5512;0
7109;6256 9491 3931 386;0
7110;6967 6097 5044 590;0
7111;5734 2888;0
7112;11546 3948 6290;0
7113;5324 5285 8386 9539 8699 747;0
7114;11847 138 3721;0
7115;4153 923 6886;0
7116;529 12446 4572 5643 6531;0
7117;4375 8771 8255;0
7118;5079 3301 7043 434;1
7119;7509 6444 6126 2886 11948 3480;0
7120;3202 9797;0
7121;2888 3568 2544;0
7122;6290 12260 3121;0
7123;3721 8902;0
7124;824 8610 4153;0
7125;4318 8777 4387;0
7126;6554 3014 1370;0
7127;6875 4571 11295;0
7128;9095 7066;0
7129;8771 9349 6292;0
7130;396 6554 3014 1050;0
7131;7871 3090 10258;0
7132;426 10600;0
7133;10567 10192 3121;0
7134;1081 1778;0
7135;6553 6013;0
7136;8997 9453;0
7137;8769 659 4871;0
7138;3706 8743 9453;0
7139;10567 10339 9704;0
7140;6588 11169 11508;0
7141;5079 3301 2059 10775;0
7142;160 2888;0
7143;6818 6378 2647 4649 1050 8695;0
7144;5021 6378 3229 10908 8695;0
7145;9859 5021 6378 8695;0
7146;5021 9956 6256 472 2441;0
7147;10481 3568 9797;0
7148;1433 6071 117 4269 10593 6077 4091 6325 4238 7238 12165 12445 10115 8611;0
7149;3598 11901 6923;0
7150;1862 9704 5036;0
7151;8553 4740;0
7152;9966 9161;0
7153;902 2635 3298 4572 7294 4974 10130 1160 872 2400 11744 7570 11481 5348 10115;0
7154;10724 2888 3568 7678;0
7155;3132 3814 9191 9884;0
7156;7224 4291;0
7157;11859 6710 2951;0
7158;6818 9956 6033 2093;0
7159;1103 2190;0
7160;7812 11901 7515;0
7161;842 2469 9684 7243;0
7162;3090 7957 4649 9066;0
7163;6364 8168 9081;0
7164;850 505 2732 4110 8911;0
7165;2475 8542 4975;0
7166;9453 8550;0
7167;6708 5882;0
7168;842 8083 83;0
7169;10799 3977 11546;0
7170;3147 987 8692 246;0
7171;2475 8542 2413 9059;0
7172;10850 8743 3702 9161;0
7173;12476 9797;0
7174;8083 5790 4299 6423 2644 6258;0
7175;2121 134 5044 590;0
7176;11567 7989 6923;0
7177;10799 3633;0
7178;9191 12168 7678;0
7179;9797 6756;0
7180;1604 5285 9539 6739 6685 3918;0
7181;1123 3543 1121;0
7182;5977 8039 1720 7186 7927;0
7183;3206 4131 2894 590;0
7184;1411 6378 659;0
7185;9161 7713;0
7186;1758 4572 8386 5512 9348 11461 5643 29 3918;0
7187;269 7687;0
7188;9453 6833;0
7189;166 5029;0
7190;4466 4720 1708 8558 5793 5761 4398 244 12 12268 10503 129 4112 10230 4949 4765 2667 10832 5687;0
7191;1123 5033 10037;0
7192;4032 7678 7469;0
7193;9015 8692 2758;0
7194;11858 3547 1458 10037;0
7195;3897 5229 4210 3918;0
7196;7165 9035 7515;0
7197;12496 5474 12416;0
7198;9054 11859 6710;0
7199;10985 11821 10587;0
7200;1121 7937 9035;0
7201;12496 8096 6886;0
7202;3897 4201 5029 7611;0
7203;10985 9949 10093;0
7204;2475 2090 3702;0
7205;3702 12058 9161;0
7206;8386 9539 3293 3918;0
7207;1604 3393 6315 9539 747;0
7208;9950 8743;0
7209;6522 5414 183;0
7210;8743 3462 7687;0
7211;4049 3814 9191;0
7212;5633 12416 183;0
7213;2073 2301;0
7214;2066 7223;0
7215;597 1369 12146;0
7216;11321 1937 6068;0
7217;11175 11282;0
7218;544 10597 8809;0
7219;555 11300 9633;0
7220;4024 9690;0
7221;5394 8945 2809;0
7222;1251 11246 9753;0
7223;5232 8290;0
7224;3781 4609 10574;0
7225;1909 9457 564;0
7226;5739 3656;0
7227;7329 6318 1178;0
7228;3677 3961 3860;0
7229;7710 8939;0
7230;7903 10656 5911;0
7231;7091 6249 3720;0
7232;5864 3629 7847;0
7233;8378 5931;0
7234;6388 7068 12370;0
7235;12123 9909 6736;0
7236;6701 4608;0
7237;1798 10984 10355;0
7238;11137 11105;0
7239;449 6446 10278;0
7240;11803 5961 2564;0
7241;11652 6343 2678;0
7242;5471 11749 9486;0
7243;11601 1938 6008;0
7244;8881 9416 385;0
7245;11298 2481 10639;0
7246;10309 1006 3060;0
7247;3253 532 10143;0
7248;10250 1633 1234;0
7249;523 10079 7930;0
7250;4961 1609 249;0
7251;4643 875 8222;0
7252;2628 744 8596;0
7253;5940 5266 8596;0
7254;11808 10436;0
7255;2296 2396 10243;0
7256;10221 5181 1488;0
7257;827 50;0
7258;783 4164 5637;0
7259;6560 844 9932;0
7260;5443 3447 9106 6235;1
7261;7224 2121 10985 11821 7705 7343;0
7262;9165 7524 65;0
7263;5979 4472 11504;0
7264;6754 16 10026;0
7265;11586 5983 3046;0
7266;10834 4155 7442;0
7267;6937 9012 9821;0
7268;11355 4745 1953;0
7269;4444 9026 9942;0
7270;6803 11521 2137;0
7271;9678 4430 1407;0
7272;2967 6742 5530;0
7273;11605 7502 1988;0
7274;4779 11858 964 6560 9799 9932 10472;0
7275;11858 11098 9081 10472 1681 6632;0
7276;4754 9113;0
7277;2894 11481 387;0
7278;4272 641;0
7279;4518 11378 8342 12258 2952 7333 11736;0
7280;7224 4518 11378 8342 12258 2952 11736;0
7281;8919 11420;0
7282;7472 11356 5045 8919 10715;0
7283;11948 2344;0
7284;6126 10374 9314 9007;0
7285;5128 2635 11714 872;0
7286;6755 11427 4888;0
7287;5501 6069;0
7288;5646 6255;0
7289;2242 12114 4207;0
7290;10064 1255 7043 3967;0
7291;8926 7795 4210 3518;0
7292;7907 3628 1195 8820;0
7293;3655 8338;0
7294;5420 2409;0
7295;1160 2894;0
7296;6684 7907 3628;0
7297;2303 4800 2798;0
7298;4553 7907 1195;0
7299;9740 5646 3620;0
7300;5464 9740 5646;0
7301;1257 1928;0
7302;2140 1928;0
7303;11126 2443 12323 7909 4504;0
7304;4410 10517 12305;0
7305;6686 11394 5527 5351;0
7306;5168 11427 9684 6423;0
7307;7871 10734;0
7308;7472 11761;0
7309;902 3016;0
7310;2064 6232;0
7311;8847 5174 566;0
7312;5140 3206 492;0
7313;3740 9269 6081;0
7314;920 1050;0
7315;8699 5726 1050;0
7316;2099 883 2909;0
7317;5464 3740 9752 6081 4099 3620;0
7318;520 3206 1959 10258 7043 123 7795 134 12477 472 9602 4210 7881;0
7319;8342 8856;0
7320;12258 7656;0
7321;8098 11736;0
7322;11378 7802;0
7323;1568 3011;0
7324;2242 70;0
7325;9177 2859;0
7326;4772 8196;0
7327;6232 8196 7196;0
7328;4795 7598;0
7329;6534 6554;0
7330;4795 6534 2745;0
7331;4131 716;0
7332;147 9491 12308;0
7333;3797 147 9491;0
7334;2190 3517;0
7335;2190 6225;0
7336;6560 11451;0
7337;3447 8678 11478;0
7338;3226 5229;0
7339;240 2059;0
7340;5079 3301 6235 10500;0
7341;3447 434 10215;0
7342;7066 8006 8596;0
7343;5128 8331;0
7344;7153 8331 872 3835;0
7345;12015 2894 1997;0
7346;8032 1906 7932 5029;0
7347;10700 4395 1696 4883;0
7348;1574 9275 2555 2455;0
7349;1574 2555 2455 11827;0
7350;6264 9027 386;0
7351;11148 5779;0
7352;12158 10317;0
7353;11085 1077;0
7354;11764 6265 7218;0
7355;9183 10378 9694 10391 3120 5940 744 11937 8969 1854 557 3680;0
7356;4349 8622;0
7357;6213 1695;0
7358;9316 3317 3772;0
7359;6749 11915 7050 11638;0
7360;9338 12290 10441;0
7361;416 810 12390 2798;0
7362;9424 6776 281 1511 1323 2798;0
7363;810 6776 1462 2798;0
7364;3628 1195 9105 3006 70 1511;0
7365;6684 4733 2876 4207 5910;0
7366;5128 810 10183;0
7367;487 10259 6776 6531;0
7368;6684 10327 4518 9348 11461 6776 6225 4207;0
7369;11713 6684 4959 4733 4207 5354;0
7370;5462 10259 12158;0
7371;4518 2077 12083;0
7372;11789 4966 1696 621 1308;0
7373;8635 9113;0
7374;11573 3011 637;0
7375;9113 3011 5993;0
7376;4618 5929;0
7377;7674 10472 10970;0
7378;2784 5083 9461;0
7379;10147 5984 5083;0
7380;11323 287 5083;0
7381;6115 5083 6597;0
7382;1237 5477 1756;0
7383;4050 4332 1756;0
7384;12267 3974 1756;0
7385;12263 12081 1756;0
7386;242 3776 3460;0
7387;7331 242 2723;0
7388;242 9841 560;0
7389;695 242 1292;0
7390;8265 7938 12088;0
7391;4672 8265 11073;0
7392;12136 6714 8265;0
7393;8265 9222 8233;0
7394;8498 2744 4908;0
7395;6902 4037 4908;0
7396;522 12451 4908;0
7397;9380 10914 4908;0
7398;10896 4393 3548;0
7399;8773 4856 4393;0
7400;2055 4393 3386;0
7401;4393 8689 2050;0
7402;2730 9242 10665;0
7403;2730 4355 2940;0
7404;2730 9817 5356;0
7405;2730 10458 1998;0
7406;3614 3700 10514;0
7407;9132 5397 12138;0
7408;11074 7207 11859;0
7409;11385 8344 10854 7102;0
7410;3786 11497 9467;0
7411;1604 5470 4572 5512 5643 5782 29;0
7412;3252 7471;0
7413;9185 3797;0
7414;10389 6950;0
7415;10192 10957;0
7416;10339 2733;0
7417;5036 9708;0
7418;9448 2352;0
7419;2482 1033;0
7420;3356 1843;0
7421;824 3631;0
7422;923 5725;0
7423;8096 7797;0
7424;8365 5474;0
7425;5633 8344;0
7426;6522 12348;0
7427;3977 6720;0
7428;3948 6834;0
7429;12260 10782;0
7430;4176 1533;0
7431;6464 1533;0
7432;8603 11367;0
7433;2258 11367;0
7434;11367 6820;0
7435;11367 570;0
7436;10728 2533;0
7437;5458 10728;0
7438;10728 1341;0
7439;10728 3859;0
7440;8046 6107;0
7441;8425 8046;0
7442;8046 4039;0
7443;8046 6917;0
7444;7401 8766;0
7445;7401 7831;0
7446;7401 4220;0
7447;7401 6336;0
7448;4049 10724 3202 160 11801 8910;0
7449;1890 3132 1725;0
7450;269 1225;0
7451;2099 2873;0
7452;1572 3577;0
7453;1572 1179;0
7454;1572 3686;0
7455;11417 1572;0
7456;1572 8421;0
7457;1572 7699;0
7458;5734 10713;0
7459;2261 5914;0
7460;2261 8224;0
7461;5863 2261;0
7462;11376 2261;0
7463;8300 2261;0
7464;9966 5449 4975;0
7465;11818 5289 3997;0
7466;5664 6764 2261 4612 11359 566 883 4637 8021;0
7467;3462 9845;0
7468;5470 8895 6705 920 3498;0
7469;2099 2873 10993;0
7470;6698 6081;0
7471;11466 11101 6081;0
7472;10268 6081;0
7473;9475 9490 9223 2822;0
7474;4021 11630 1572 5454 8338 1771 12355 3864 1008 10404 3608 7271;0
7475;4021 3393 1572 9405 8338 12355 6523 3864 1008 10404 3608 7271;0
7476;10976 2505 9815;0
7477;1102 2870;0
7478;995 3472 8073 4776;0
7479;3450 10141 7352;0
7480;3472 1636 5336 8073 4776;0
7481;3393 6438 10941 5193 10073 5726 1933 6739 10176;0
7482;4367 5249 1602;0
7483;4367 5249 884 12074;0
7484;4367 5249 5676 12074;0
7485;1034 11395 12315 9375 2321;0
7486;48 2465;0
7487;9829 7208 2465 5095 1997 5623;0
7488;1344 9490 396 7208 1370 2375 12396 2465 2822 5095 3835;0
7489;1344 11831 9490 396 2052 4797 12396 9223 2465 2822 5095;0
7490;3866 1404;0
7491;11831 396 3321;0
7492;8837 5646;0
7493;5646 790;0
7494;2024 5646;0
7495;3706 12058 3278;0
7496;12204 4032 881;0
7497;8165 12181;0
7498;10326 8165;0
7499;4978 8165;0
7500;5512 3230;0
7501;11363 8079;0
7502;11363 7315;0
7503;5522 11363;0
7504;6619 8652;0
7505;6553 987;0
7506;7871 12243;0
7507;7547 5414;0
7508;7966 5414;0
7509;6517 5414;0
7510;655 11997;0
7511;655 2305;0
7512;655 6271;0
7513;2103 12206;0
7514;11169 12301;0
7515;123 11169;0
7516;1453 6506 2261 6876 3047 10241 12256 6269 1840 4642;0
7517;1453 5664 6506 6764 2261 6876 3047 12256 1840 12270;0
7518;7932 10423 12060;0
7519;732 7932 12060;0
7520;9756 5103 11299;0
7521;11078 5545 10316;0
7522;10601 2544;0
7523;6459 420;0
7524;10599 4166;0
7525;2745 11027 4166;0
7526;2745 4166 10741;0
7527;9658 2745 4166;0
7528;12476 327 6756;0
7529;10850 8997 3036 12495 8550;0
7530;9059 5430;0
7531;9697 10034;0
7532;10034 2780;0
7533;311 2917;0
7534;2917 3991;0
7535;3758 12168;0
7536;9611 9347;0
7537;8816 2798;0
7538;2473 3589;0
7539;1455 5361;0
7540;10156 3528;0
7541;7997 2776;0
7542;10088 7138;0
7543;6193 2746;0
7544;8393 899;0
7545;6283 3761;0
7546;8259 3126;0
7547;6421 1300;0
7548;11916 5642;0
7549;10359 1198;0
7550;5569 7019;0
7551;11004 7918;0
7552;9056 6473;0
7553;5990 7062;0
7554;9565 3970;0
7555;1774 5888;0
7556;7736 4080;0
7557;11810 6372;0
7558;7624 11197;0
7559;4601 11785;0
7560;1709 8660;0
7561;3529 254;0
7562;8008 12472;0
7563;7147 10226;0
7564;12019 27;0
7565;10196 8521;0
7566;165 6354;0
7567;4956 11763;0
7568;4193 6419;0
7569;2672 11899;0
7570;4702 8107;0
7571;2387 7809;0
7572;4806 10083;0
7573;3508 1573;0
7574;8883 7564;0
7575;12402 1094;0
7576;2291 3170;0
7577;9136 12369;0
7578;3158 2247;0
7579;9109 30;0
7580;11469 5630;0
7581;9988 10813;0
7582;7925 619;0
7583;7548 10797;0
7584;7827 763;0
7585;7569 4770;0
7586;7585 2028;0
7587;9883 2171;0
7588;12136 6580;0
7589;6350 12267;0
7590;648 11323;0
7591;8773 9380 3548 522 10644;0
7592;695 7938 560 10564 11073;0
7593;2784 7938 4652;0
7594;2744 4037 5220;0
7595;5247 3776 2723;0
7596;695 2723 7674 8208 4332;0
7597;12101 8233;0
7598;6437 12081;0
7599;6115 10458 1319;0
7600;8773 5984 575 4355 11073;0
7601;2055 9242 10629 10458 4355 3700 5379 5356 2050;0
7602;1237 3700 4332 5404;0
7603;9314 11497;0
7604;9177 5044;0
7605;9956 9177;0
7606;3897 9177;0
7607;6556 9177;0
7608;5470 12214 3498;0
7609;11306 2873 2125;0
7610;5064 2952;0
7611;9847 7224;0
7612;3866 4777;0
7613;2675 4780;0
7614;4726 159 12403;0
7615;1382 5229;0
7616;8000 6033;0
7617;2145 12265;0
7618;3787 616;0
7619;6146 10584;0
7620;9242 460;0
7621;3548 6037;0
7622;4557 2050;0
7623;9380 4037 6928;0
7624;2555 4883;0
7625;10700 2455;0
7626;1574 4395;0
7627;2334 9949;0
7628;9007 9467;0
7629;11858 4504;0
7630;11858 6364;0
7631;4318 8777;0
7632;9095 9564 7066;0
7633;6875 4571;0
7634;2111 5622 2732 5045 6452;0
7635;2566 65;0
7636;5979 7225;0
7637;16 9465;0
7638;2863 5983;0
7639;9421 4155;0
7640;2107 6937;0
7641;1011 4745;0
7642;3843 4444;0
7643;1606 6803;0
7644;1272 4430;0
7645;1623 6742;0
7646;1164 11605;0
7647;5699 10906;0
7648;3214 8596;0
7649;3214 9611;0
7650;11356 823;0
7651;3710 11356;0
7652;10627 426 10600;0
7653;1081 1778 11743;0
7654;7390 3564;0
7655;6749 7050;0
7656;3830 11497;0
7657;12290 1454;0
7658;11098 10472;0
7659;8751 10472;0
7660;9650 10472;0
7661;8991 10472;0
7662;11077 5083;0
7663;9589 5083;0
7664;2431 5083;0
7665;5083 1428;0
7666;2719 5083;0
7667;5103 2917;0
7668;11169 10860;0
7669;5207 2383;0
7670;5207 4236;0
7671;3690 6685;0
7672;7083 9081;0
7673;12243 6553;0
7674;6560 1866;0
7675;11713 5446;0
7676;9529 1756;0
7677;1947 1756;0
7678;5191 1756;0
7679;5537 1756;0
7680;9551 1756;0
7681;242 1130;0
7682;3525 242;0
7683;242 2379;0
7684;242 7894;0
7685;1706 242;0
7686;1674 8265;0
7687;197 8265;0
7688;8265 2316;0
7689;5506 8265;0
7690;5839 8265;0
7691;92 4908;0
7692;4927 4908;0
7693;3331 4908;0
7694;7843 4908;0
7695;4116 4908;0
7696;4393 4684;0
7697;6986 4393;0
7698;4393 9356;0
7699;4393 7551;0
7700;4393 12181;0
7701;2730 7811;0
7702;11049 2730;0
7703;2730 802;0
7704;2730 9907;0
7705;10326 2730;0
7706;311 10411;0
7707;311 10961;0
7708;4448 311;0
7709;311 10345;0
7710;2870 5336;0
7711;10252 5646;0
7712;2099 11466;0
7713;8789 987;0
7714;4316 987;0
7715;987 3829;0
7716;9756 7207;0
7717;810 3182;0
7718;7763 9105 4959 11662;0
7719;7763 9424;0
7720;9884 7469;0
7721;1568 7565;0
7722;7782 5515;0
7723;4795 420;0
7724;2873 9815;0
7725;6863 2873;0
7726;4166 420;0
7727;6534 420;0
7728;6459 12494;0
7729;11461 2859;0
7730;2140 5512;0
7731;11306 83;0
7732;10629 5397;0
7733;3628 8816 1454;0
7734;6378 6554 3014;0
7735;10733 3014 8695;0
7736;529 8331;0
7737;9737 5044;0
7738;9490 2819;0
7739;5140 5228;0
7740;5140 3608 5680;0
7741;10734 12326;0
7742;2504 566 1840;0
7743;1453 1302 883;0
7744;7598 3518;0
7745;7598 1255;0
7746;7598 3655;0
7747;6554 6181;0
7748;8289 2822;0
7749;6460 5095;0
7750;11957 6833;0
7751;1999 659;0
7752;1215 83;0
7753;12256 4637 8021;0
7754;6506 10438;0
7755;3393 758;0
7756;6438 8895 10404 3997;0
7757;5711 5193 9375 4108 674;0
7758;10635 10941 5899 3967;0
7759;4021 1034 248 5289 1933 10316;0
7760;2599 3967;0
7761;5454 11395 920;0
7762;2606 12060;0
7763;5377 12060;0
7764;4379 5680;0
7765;396 8642;0
7766;248 1063;0
7767;5545 12315 3864;0
7768;8926 5726 1008;0
7769;7932 3878;0
7770;7932 9320;0
7771;6581 7390;0
7772;7104 6581;0
7773;9571 4450;0
7774;5480 6033;0
7775;7438 744;0
7776;8246 5940;0
7777;5462 11974 8523 499 7142;0
7778;9269 9587;0
7779;9269 3047;0
7780;5338 6551;0
7781;5207 6551;0
7782;3740 6551;0
7783;5102 7118 7485 7896 11889;0
7784;3655 1959 248;0
7785;3655 8446 5680;0
7786;1255 6097 1933;0
7787;1255 5193 134;0
7788;1255 5289 472;0
7789;7957 3518;0
7790;7589 3518;0
7791;1797 3518;0
7792;9559 5095;0
7793;2979 9081;0
7794;7772 1382;0
7795;8560 8777;0
7796;10837 1454;0
7797;416 1454;0
7798;7812 4319;0
7799;8764 10188 7376 404 9631 5994 11227 7085 2506 11265 1996 7743 4319 3915 4460 1189 3500;0
7800;8764 4881 3073;0
7801;3598 9631;0
7802;7989 7085;0
7803;6439 7743;0
7804;2506 8902;0
7805;11847 3500;0
7806;11227 11038;0
7807;8232 7376;0
7808;1996 6292;0
7809;5033 1189;0
7810;404 8255;0
7811;5994 3543;0
7812;11265 11944;0
7813;7937 4460;0
7814;7165 3915;0
7815;4453 10116;0
7816;3163 9105 4959 107 7740 4282 6719 4831 10668;0
7817;7907 1511;0
7818;810 1511;0
7819;5311 10723 2609 11787 70 4060;0
7820;5336 7469;0
7821;2066 4838;0
7822;597 9872;0
7823;11321 2969;0
7824;10633 895;0
7825;11282 3102;0
7826;10597 843;0
7827;555 3128;0
7828;9118 5330;0
7829;1394 9690;0
7830;5795 2809;0
7831;1509 9753;0
7832;2760 5550;0
7833;5232 7832;0
7834;3781 7543;0
7835;1909 6096;0
7836;1228 3896;0
7837;3656 6219;0
7838;1178 4004;0
7839;3677 6339;0
7840;12274 8463;0
7841;4537 7710;0
7842;8810 5911;0
7843;11325 6249;0
7844;5864 8970;0
7845;8378 11269;0
7846;6388 10580;0
7847;12123 538;0
7848;4621 7246;0
7849;6701 9725;0
7850;10984 7373;0
7851;6661 9744;0
7852;8232 5153 2157 9349;0
7853;107 4282 1682 2797 6719 4831;0
7854;6755 5993 637 6929;0
7855;10810 7785 12326;0
7856;8635 6873;0
7857;1862 12466;0
7858;7587 4057;0
7859;10335 4057;0
7860;6863 2561;0
7861;6863 11672;0
7862;6357 9815;0
7863;9815 12145;0
7864;520 36;0
7865;8666 11074 12323 5351;0
7866;2303 1195;0
7867;2303 10837 4207;0
7868;964 2706;0
7869;6755 8443 637 10119;0
7870;2599 8926 2747 1063 1640;0
7871;922 10860;0
7872;11567 5719;0
7873;8635 2184 4662;0
7874;7325 305;0
7875;2290 5693 11931;0
7876;64 9267 10166;0
7877;3099 1323;0
7878;2917 8688;0
7879;1144 10436;0
7880;3612 2296;0
7881;9002 1488;0
7882;7173 5638;0
7883;2073 8523;0
7884;649 7142;0
7885;6117 8165;0
7886;6117 10472;0
7887;2719 712;0
7888;5077 10755;0
7889;5502 79;0
7890;6531 4152;0
7891;442 6007;0
7892;49 6054;0
7893;1311 5978;0
7894;6931 11272;0
7895;3954 3690;0
7896;12227 6792;0
7897;750 10841;0
7898;10649 11363;0
7899;2064 655;0
7900;3251 5249;0
7901;7158 8073;0
7902;4367 5051;0
7903;3472 971;0
7904;9197 10417;0
7905;8139 7471;0
7906;5174 8139;0
7907;8139 2909;0
7908;8139 4099;0
7909;679 7471;0
7910;11320 7471;0
7911;3099 9267;0
7912;2377 9267;0
7913;3163 4518;0
7914;639 9347;0
7915;11322 9347;0
7916;557 9347;0
7917;6357 2856;0
7918;712 9551;0
7919;6117 1706;0
7920;5839 712;0
7921;712 4116;0
7922;5611 4395;0
7923;8406 4883;0
7924;10700 662;0
7925;4995 7398;0
7926;613 4882;0
7927;4882 1323;0
7928;3937 6826;0
7929;2157 6826;0
7930;8331 5348 4871;0
7931;7294 3408;0
7932;655 8906;0
7933;3447 5079 3301;0
7934;8652 11363;0
7935;3891 11367;0
7936;10728 3891;0
7937;3891 8046;0
7938;3891 7401;0
7939;8196 10034;0
7940;7352 10034;0
7941;9797 9884;0
7942;2888 9884;0
7943;9884 6491;0
7944;6054 12074;0
7945;2005 10365;0
7946;12094 9956;0
7947;2052 7208;0
7948;1344 9829;0
7949;8926 6123;0
7950;10417 8139;0
7951;712 10550;0
7952;6117 10550;0
7953;5405 471;0
7954;2624 6023;0
7955;5159 4287;0
7956;4328 2550;0
7957;5405 2104;0
7958;2624 2104;0
7959;5159 2104;0
7960;4328 2104;0
7961;8743 975;0
7962;2475 975;0
7963;9055 3814;0
7964;9055 7678;0
7965;9079 3568;0
7966;9191 9079;0
7967;9563 7177;0
7968;9950 9563;0
7969;8567 7742;0
7970;11466 7742;0
7971;7482 8542;0
7972;7482 3702;0
7973;1664 11766;0
7974;1664 2504;0
7975;12492 6876;0
7976;12492 11359;0
7977;225 10241;0
7978;6764 225;0
7979;8297 6147;0
7980;10481 8297;0
7981;6423 4946;0
7982;842 4946;0
7983;4649 4891;0
7984;3336 4891;0
7985;6992 4642;0
7986;5664 6992;0
7987;10976 4408;0
7988;4408 83;0
7989;9240 3375;0
7990;7598 3375;0
7991;11684 9223;0
7992;1370 11684;0
7993;9453 9987;0
7994;9161 7626;0
7995;7687 9983;0
7996;2413 9987;0
7997;2413 7626;0
7998;2413 9983;0
7999;1604 822;0
8000;8386 822;0
8001;2154 11831;0
8002;2154 3835;0
8003;2235 12396;0
8004;2235 1997;0
8005;5518 314;0
8006;5518 7713;0
8007;3469 10318;0
8008;1502 659;0
8009;5542 5029;0
8010;7863 590;0
8011;5021 7606;0
8012;6070 3918;0
8013;6818 4218;0
8014;6211 5324;0
8015;3469 9066;0
8016;1502 9066;0
8017;5542 9066;0
8018;7863 9066;0
8019;10318 7606;0
8020;10318 6070;0
8021;10318 4218;0
8022;6211 10318;0
8023;6337 4179;0
8024;6337 1302;0
8025;12285 4574;0
8026;6506 4574;0
8027;11318 8826;0
8028;2090 11318;0
8029;11271 8974;0
8030;5711 11271;0
8031;556 10565;0
8032;556 4108;0
8033;7260 7271;0
8034;9769 9602;0
8035;7260 6739;0
8036;9769 6739;0
8037;5251 2747;0
8038;5251 10635;0
8039;5470 11986 3498;0
8040;1771 1218;0
8041;3393 1218;0
8042;4242 1923;0
8043;1766 1190;0
8044;6401 3696;0
8045;4913 8210;0
8046;4615 221;0
8047;5902 5037;0
8048;368 4353;0
8049;5873 6732;0
8050;8284 11110;0
8051;9571 6401;0
8052;9571 4913;0
8053;9571 4615;0
8054;5037 3696;0
8055;3696 4353;0
8056;3696 6732;0
8057;8210 11110;0
8058;57 3391;0
8059;9353 11438;0
8060;4885 11694;0
8061;9304 4364;0
8062;11668 6831;0
8063;9396 1001;0
8064;4878 2526 6040 8191;0
8065;6449 7652 8056 10864;0
8066;1450 10121;0
8067;10664 5613 9679 6461 12456 9084 10086 7804 4053 11739;0
8068;10089 2685;0
8069;12363 7817 12349 15 6893 10498 10808 11052 2685 1596;0
8070;4474 2616 7583 9521 8104 891 10794 7805 4775 2661;0
8071;12366 10745 9875 7366 9759 2735 7263 7537 6368 2756 8377 2342 2632 4827 1805 2109 142 12215 8319 5652 11150 12330 11635 6140 797 8876 1597 11100 2548 11254 10680 9533 7462 424 8819;0
8072;1498 11334 7852 8527 9893 9390 4101 4556 2858 2294;0
8073;58 3903;0
8074;4481 2244 5205 2899 3724 1018 9370 3868 7103 3903;0
8075;2726 17;0
8076;10645 5319 2521 5589 3466 2726 668 10615 11680 2500;0
8077;9516 6944 6158 2773 4535 9407 3784 10095 11309 7321 908 6981 3833 2929 2079 7075 1501 7761 10135 11236 7828 1639 4296 541 12061 7835 11330 8548 10596 9674 6098 2447 7244 4202 11751 6341 6738 4003;0
8078;12271 1954 9386 6665 6079 12153 6010 7108 10307 108 6865 8821 1244 3842 2257 11657 10922 629 8968 1197 8464 2205 11402 1431 5603 5930 2820 2035 722 10139 12417 6004 56;0
8079;397 5118 1036 8723 2849 4788 3287 1683 7288 456 12103 3088 4844 1744 5084 452 5747 12045 4819 8726 3055 4549 1284 3231 4850 1561 8807 5315 10516 1537 3145 9473;0
8080;9207 9108 11372 9004 7405 9526 9287 6131 8186 5008 3117 6408 725 9856 7372 3927 7525 4298 4750 4632 9791 6814 5321 7478 4440 8938 1686 11341 4631 3468 10963 8657 9074 10690 3441;0
8081;12489 6240 595 10532 5791 346 9449 8242 951 9906 6852 5555 2423 2846 1474 7550 2166 8364 12095 12379 8570 7651 1420 6207 1632 7935 2323 12043 5628 1312;0
8082;9328 5880 1857 6399 3626 4055 11232 5146 10247 4606 12498 8693 7703 4376 3415 11117 5179 8641 967 10528 9337 1931 7180 4048 856;0
8083;9328 2773 9407 3784 10095 12153 7108 908 2929 2079 1501 7761 1244 10135 1639 2257 12061 7835 10254 2205 5603 9337 7180;0
8084;9386 1036 6010 2849 6865 5008 1683 12103 4298 4750 1744 6814 5747 12045 6815 4440 1284 11341 1561 10516 6004 3441 9473;0
8085;397 12271 10886 6665 4788 10307 8821 6408 11657 8968 10596 5321 11402 2447 11339 11599 7244 3468 2820 10139 9074 11241 4003;0
8086;9108 1857 595 3626 5791 346 8242 5555 2423 3415 5179 8938 967 1420 6845 1931 10963 7935 2323 12043 8657 5628 856;0
8087;12489 9207 4256 6240 4940 10532 7405 9287 9449 7372 9906 2846 7703 1474 1085 2166 12095 7651 1632 7605 363 11625 1312;0
8088;6944 6158 4535 11309 6981 3833 6131 10247 7075 725 11236 7828 3927 541 11330 4632 9674 6098 12379 4202 6207 10920 10690;0
8089;2372 9798 7437 2080 6614 12442 6573 3168 2083 11505 3055 12193 9037 133 11162 8194 5825 5523 10859 7513 8121 8392;0
8090;6158 5118 11375 595 8723 7321 3287 2929 7288 10135 3842 951 9906 7835 452 4549 4850 7913 8807 7935 5315 3145;0
8091;12271 9108 1857 6665 3626 10307 9489 8821 346 11657 8242 8968 5555 2423 3415 8364 5179 7206 967 1931 4003 856;0
8092;6944 9328 4535 9407 2998 11309 7108 6981 2079 7761 1639 12061 8548 11117 8570 10528 11751 6207 9337 8578 6341 7180;0
8093;1036 2849 11881 1683 12103 4298 9968 4844 4750 1744 11505 6814 5747 12045 4440 1284 11341 1561 5825 10516 6004 9473;0
8094;12489 9207 6240 7405 9287 9449 2956 7372 2846 7703 4632 12095 8938 7651 4631 10951 1632 10963 12043 8657 1312 10690;0
8095;9516 4940 1905 10041 829 1876 3168 3691 1950 11330 826 5757 5321 318 9751 11599 3468 2326 363 9722 11754 5213;0
8096;2773 3784 10095 908 6296 11232 10247 4606 1244 11236 2257 3131 8693 4376 1197 9037 8464 2205 5603 2820 10139 4048;0
8097;1954 6079 12153 9004 108 9526 8186 456 9856 10922 7525 541 9791 1431 7478 1686 1690 2035 12417 9074 3441 6313;0
8098;5084 8726 3055 1418 3231 1537;0
8099;6565 2204;0
8100;1331 6565 6988 8954 7059 1810 7904 1171 9921 5659;0
8101;5536 11550;0
8102;8713 9619 3306 7291 7077 7829 10171 7216 11550 8754 7900;0
8103;4123 12076 10694 5629 9325 6150 2008 117 2679 9111 2916 297 3763 4910 3988 9186 8704 10334 11259 10617 8614 1772 10429 3268 8452 7950 1107 7456;0
8104;8852 11539 227 9616 9474 4228 11708 7825 6071 8502 2058 4411 8873 851 9394 978 910 4578 4442 2527 11136 6926 2568 8860 11302 3227 7718 11990 927 7181 6623 4816 7663 11482 5720 12194 5947 10312 3516;0
8105;6014 2912 6983 10282 7169 4026 1421 11026 11958 12317 2337 4269 1203 6557 11577 8528 2013 6227 9683 6272 1350 11695 8264 11159 8417 11904 8092 6353 3815 10408 7025 727 7902 7348 11018;0
8106;8426 301 11115 5344 11087 2570 8913 2519 6025 10708 10677 3476 11020 10888 3264 974 8634 6077 942 10740 2701 12070 8408 5431 11472 9701 9492 9170 12336 5718 4825 9566 6932 10478 6687;0
8107;2141 6447 8772 5309 4066 3165 2458 3791 6113 3022 4086 131 9500 11226 8044 1075 9850 4238 7048 4027 4713 766 9801 4892 8205 7187 1442 11252 4855 1691 5358 6492 8817 2463 2022;0
8108;11819 1357 10831 8127 1658 12388 2795 1585 5809 2708 11824 11388 4259 4963 11572 5738 2478 10382 139 9534 9501 6325 12199 4140 4294 6144 2995 10125 3318 9547 4251 1135 2416 4012 1030 1741 98 9460 8029;0
8109;12235 8582 46 10137 805 11192 10839 7778 1644 2380 3326 3818 1642 10975 2279 1023 5958 12165 2378 9367 9481 2030 12310 9141 10049 6676 3644 9869 811 1162 1847;0
8110;8426 301 2570 2458 3227 8704 927 4544 11259 10617 4892 5718 11187 11258;0
8111;3398 9474 2795 11824 11572 8367 7034 9500 8958 12199 10254 11302 4294 4713 12310 8803 8029;0
8112;11539 11115 11819 851 4578 11136 2568 7718 2416 5947 11252 4507 9460;0
8113;8852 2372 8957 5306 4228 11708 11192 8873 10888 8634 1075 6623 4251 12194 4012;0
8114;2008 2337 11577 8528 6272 8264 6144 11904 8092 6353 3815 3516 7902 11258;0
8115;10831 10576 4066 2519 514 10708 12317 11020 4442 11472 4140 11695 4825;0
8116;12235 2912 2141 6214 6051 8718 10839 10043 3803 11958 4284 5740 9938 5694 4512 1974;0
8117;11419 7825 4067 9394 7287 978 11226 6926 8860 1642 11990 7181 9801 10312 2463;0
8118;5344 8913 6025 2058 10677 3476 3264 974 942 10740 5431 8411 9701 4816 11482 9869;0
8119;6983 1812 805 10282 1421 1644 11026 1585 9683 2378 6626 9481 10408 7025 811 98 1847 11018;0
8120;5536 4123 10137 3165 4026 4701 6603 5875 6557 17 9812 10121 2701 10975 3717 12127 10089 9082 2204 3268;0
8121;46 2310 6113 5423 4086 653 2380 10273 1770 9170 2147 10512 2088 11625;0
8122;1357 8127 1658 5809 2708 11388 4259 5738 2478 139 9534 2995 3318 9547 1135 2030 6571 10049 1030 1741;0
8123;227 6014 7169 7778 6150 4963 1350 8417 9367 3644 11187;0
8124;8273 11087 1203 2013 6227 3326 5958 9141 12336 6676 10512 727 6492 8817 10478 6687;0
8125;8426 301 2912 2141 2570 10839 7778 514 11172 6025 216 4284 4578 4442 2013 12199 7718 4816 5718 3516 98 10478;0
8126;9616 11115 9474 5344 10505 8913 6150 10677 3476 3264 974 910 131 942 10740 8044 6926 5431 8860 9701 4892 2463;0
8127;6983 805 7169 4066 1644 393 4259 4963 4150 8528 653 6227 9683 6272 3326 8264 7025 4855 811 6492 8817 11018;0
8128;8852 4228 2519 11192 2008 6022 10708 8873 11020 10888 8634 1075 11472 6623 8092 10617 4251 3815 12194 4825 4012 7902;0
8129;8127 5809 2708 11388 2337 11577 5738 2478 139 9534 9624 4140 11695 6144 2995 2378 9547 9481 1135 2030 10049 2415;0
8130;10505 6214 6051 2435 6022 7553 11958 393 11572 8958 2557 9624 9938 5694 1350 4512 5958 927 9170 6676 5947 9869;0
8131;8582 6447 1421 9394 1203 2557 10382 4086 11226 9501 3818 4294 3227 8704 11259 9614 766 12310 9141 8205 12336 10566;0
8132;12235 11539 11087 8502 2058 11824 7034 11136 2568 1642 4027 1023 2529 9614 2416 11482 5720 4979 3644 727 9460 6687;0
8133;227 11819 2310 7825 2458 10273 1770 11302 2529 620 10125 9801 5094 7597 2088;0
8134;10687 11589 694 5116 8474 10935 4848 2424 10482 11050 4410 9482 1061 12046 3650 1621;1
8135;439 11144 947 10337 11865 4747 7947 6263 6761 2565 12478 11326 6179 11866 5175 779 6155 993 1945 5002;0
8136;6041 2839 9814 6656 4579 10290 11331 6948 3817 1522 4467 1276 9530 8739 1000 8588 2126;0
8137;9136 3773 3158 11469 3352 9109 11666 9988 7925 4702 9315 9404 7548 7827 4806 8883 2387 7569 3508 3170 1094;0
8138;9136 3158 1137 11469 9109 9988 7925 4702 7548 7827 4806 8883 2387 7569 3508 3170 1094;0
8139;7746 5824 1711 274 6535 8525 2 3590 12345 5989 11401 9541 8094 7807 8024 10133 1735;0
8140;4537 1394 9016 8810 5795 1509 7832 4838 5550 7543 7246 6339 4004 843;0
8141;2766 12274 9118 11325 7217 11269 538 8970 10580 6096 9725 9744 3128 7373;0
8142;7351 8159 1902 9865 12018 7954 1242 5693 6468 8456 12112 6489 2033 6403 11492 5186 3754;0
8143;395 8485 2680 9652 6607 8433 2716 12059 8675 9586 6563 8522 5092 2039 6643 10545 11158 10474 5472 11278;0
8144;100 11213 4019 441 12224 10926 748 10835 8153 10882 1205 5596 5836 1335 8416 6631 6045 1978 6633 12176 5897;0
8145;10104 968 2913 3737 1423 10585 11399 10727 5391 11362 8253 2987 2769;0
8146;10104 968 2913 12224 3737 748 1423 10835 8153 10882 1205 10585 11399 5596 1335 10727 7485 5391 11362 2987 2769;0
8147;4019 441 8416 6631 11889 1978 6633 12176 5897;0
8148;10687 11589 5116 4957 8474 10935 4848 2424 10482 3276 1734 9482 1061 4110 12046 1328 3650;1
8149;6994 165 9565 4193 10196 4956 1774 7736 8259 2672 11810 11916 7624 6421 1709 10359 11785 254 12472 27 10226;0
8150;165 9565 4224 4193 10196 4956 1774 7736 8259 2672 11810 11916 7624 6421 1709 10359 11785 254 12472 27 10226;0
8151;165 9565 4193 10196 7062 4956 1774 6952 7736 8259 2672 11810 11916 7624 6421 1709 11785 254 12472 27 10226;0
8152;10719 9522 702 8487 12248 117 2751 4091 1381 4819 4009 1159 4897 891 11483 8611;0
8153;12366 2631 8738 12248 10269 9406 6077 12165;0
8154;6447 10950 2435 10382 7312 3818 4027 1023 620 10816 7597 272 4855 5358 961 1162 9423 2022;0
8155;8957 11089 58 12124 9681 8792 11348 7124 2433 5968 11554 12127 2807 4544 10087 8630 2147 1005;0
8156;10901 5527;0
8157;11794 3995 956 4314 9765 8740 9198 9432 4151 11638 8617 5595 1799 9409 11603 11451 997;0
8158;8365 9448 1033 6950 12348 1843 6720 3631 10957 10854 4010 6834 5725 2733 10782 7797 9708;0
8159;1313 4708 8994 6169 243 3183 6768 11524 11465 4124 7041 3104 1818 795 2357 9130 4759 9922 11838 5617;0
8160;5640 5517 7531 4869 2357;0
8161;10061 3072 6041 2839 4579 4076 10290 8039 3817 7318 1522 10909 4467 1276 77 7186 8739 6477 8588 4107;0
8162;10188 7376 404 9631 5994 11227 7085 2506 11265 1996 7743 4319 3915 4460 1189 3500 3073;0
8163;9048 3352 9995 11666 5750 9315 1288 9404 8601 8547 5696 7659 7768 8566 11753 4143 6851;0
8164;10104 12415 4245 97 3038 6747 4227 12187 6669 10271 8840 10614 10727 11649 5391 5532 2987 10568 7612 11480 8361;1
8165;100 11213 4019 968 2913 10926 3737 1423 818 8153 1205 5596 1335 8416 6631 6045 1978 6633 12176 5897 2769;0
8166;5569 2776 10156 3301 2746 6354 3761 10088 899 11899 1300 6419 3126 5642 1198 7918 5361;0
8167;3529 5569 7147 6473 5990 8008 12019 8521 3970 11763 5888 6354 6372 4080 2241 11899 11197 4601 6419 8660;0
8168;1529 1690 9830;0
8169;11794 3995 956 4314 9765 8740 9262 9198 2889 5556 9432 4151 7677 8617 5595 1799 9409 11603 11451 997;0
8170;11794 3995 956 4314 9765 8740 9198 9432 1504 4151 7677 8617 5595 1799 9409 11603 11451 997;0
8171;3072 9814 6656 10290 3226 10909 5645 77 9530 5478 10158 6477;0
8172;12430 6041 2839 4579 4076 916 11331 6948 3817 7318 5704 1522 9071 4467 1276 7927 8739 8588 2126 4107;0
8173;10188 7376 404 9631 5994 11227 7085 2506 11265 1996 7743 4319 9566 3915 4460 1189 3500 7557;0
8174;5610 5064 2060 8856 7656 8098 6201 7802;0
8175;1313 4708 4161 8994 6169 243 3183 6768 11524 12039 11465 4124 7041 3104 1818 795 4759 9922 11838 5617;0
8176;5640 4161 6161 5517 9130;0
8177;4466 4720 1708 8558 5793 5761 4398 244 3976 12 10503 129 4112 10230 4949;0
8178;10453 4071 64 6289 8684 1214 8468 8647 5585 6501 5939 6436 4059;0
8179;10809 6377 11616 11223 10928 7486 10980 11545 8511 12268 2411 11776 4167 12503 11127 6880 12437 181 7017 10161;0
8180;8492 12140 5304 7440 1577 8796 5419 4989 4543 12439 3184 3588 8236 4302 2721 2508 9649 2176 10852 8369;1
8181;4196 4529 8978 6208;0
8182;10809 11616 8558 5761 4398 2377 12238 10928 7486 11545 8511 2411 11776 4167 12503 6880 12437 181 7017 10161 5687;0
8183;4466 4720 10795 4765;0
8184;3612 7173 5803 3298 644 8816 10130 7570 4871 10183 1144 9002 10832;0
8185;8000 2775 146 7043 145 4790 4253 7795 675 12301 4717;0
8186;4553 7620 10588 9891 2798;0
8187;6011 2844 2280 12096 12338 8508 5169 1980 6750 8670 10748 1155 10663 2445 8741 10534 5270 10807 7005;0
8188;483 7646 2531 5318 9114;0
8189;10147 7331 4050 3974 287 9841 1292 8689 5929 3460 9461 12088 5477 6597 2823 10970;0
8190;9817 12263 1998 10665 2940 5299 2823;0
8191;8567 3450 6863 3472 6698 5336 8073 4776;0
8192;4152 3954 10668 8702;0
8193;2784 2055 911 2744 11323 522 560 5356 12101 5397;0
8194;3789 2055 11323 575 522 6037 560 4652 5397;0
8195;2784 2055 648 1217 10644;0
8196;9876 2531 7489 3746 8508 8670 10663 4603 5270 7005;0
8197;2280 11683 12338 1968 7538 8155 6750 5681 12279;0
8198;4349 1287 10694 3358 515 1057 9316 2334 7368 11650 4509 5034 8168 2619 8199 12305 6689 6632;0
8199;9136 3158 3352 9109 11666 5750 4702 9315 1288 9404 8601 8547 5696 4806 7659 7768 2387 5614 8566 11753 4143 6851;0
8200;2291 12402 10733 529 2247 5630 12369 30 6181 619 8400 10813 8107 763 10083 10797 7809 4770 1573 7564;0
8201;6444 1992 6391 3887 11573 286 12206 7538 7111 4410 6487 10517 10115 8911;0
8202;442 10719 11375 702 5306 159 10069 2269 3131 9139 3368 11356 11643 1559 9830 7154 8453 2014 11420;0
8203;6616 964 9968 826 11761 891 8165;0
8204;6616 6444 10435 5986 4529 8792 8356 10204 6931 12041;0
8205;1992 10841 5622 12358 505 9824 7664 2732 2979 10668 12041 6997;0
8206;6391 9489 5051;0
8207;7871 10064 5515 11229 6097 4649;0
8208;1344 2052 6460 6897 8826 6833 1997 4975;0
8209;10154 8291 11177 3430 1283 12385;0
8210;7282 10154 9313 1581 10535 3430 1603 3311 12385;0
8211;9859 732 11713 1411 7735 11229 166 2093 12214 454 6225 9177 7881 386;0
8212;5956 11122 11207 11161;0
8213;3706 269 5873 4395 1370 2090 1208 9059 10419 3835;0
8214;10724 7585 3202 327 160 3132 12168 1190 11801 11672 11062 1725 10713 8079;0
8215;48 9661 5730 10627 900 8284 2090 12495 6460 9059 8289 4975;0
8216;48 3706 8997 8284 1258 7208 1370 2090 6460 3462 1997 6821 8098 3835 2689 2542 7623;0
8217;6444 9916 8998 5152 10924 4426 11569 11515 4187 9089 4136 12450 4935 7023 9935 4432 2138;1
8218;9427 1538 2161 5521 3123 7125 7922 125 10067 2070 11464 6237 3107 650 9994 786 6777;1
8219;3975 11178 2339 6866 3886 1375 11284 8410 6142 8503 3955 423 11910 6059 4513 6583 4817;1
8220;9008 2863 9421 1011 1065 2107 3843 1606 1272 1623 2566 1164 9465 7225 10295;0
8221;3758 5734 327 12204 6147 3132 12296 4032 10407 11101 1190 8910 2028 1725 10601 8079;0
8222;48 3706 9966 6602 9950 3782 11831 5873 12058 1225 9059 9845 314 9027 349 11743;0
8223;48 9966 8997 8284 1344 5406 8177 6202 6460 12396 9223 8289 7656 5904 7177 10057 4975;0
8224;6619 3758 12476 7585 1890 6271 10268 8358 1190 8910 881 10713 6756 2544 10293;0
8225;1034 11395 3686 7699 10316 3856 2589;0
8226;2636 4369 10073 12477;0
8227;5069 4369 12355;0
8228;4369 8338;0
8229;4021 6657 5454 4369 5193 12477 1008 4108 3608 9320 731;0
8230;1758 8338 1166;0
8231;12094 3323;0
8232;9348 5044;0
8233;9348 11461 3498;0
8234;3323 9246;0
8235;3323 11407;0
8236;10327 9410;0
8237;3323 8106;0
8238;7771 3323;0
8239;8032 9737;0
8240;7735 6556;0
8241;10064 3897 5229 590;0
8242;1700 8106;0
8243;2377 6503 9832 12390 7364 2876 9777 5354 499;0
8244;1758 12355;0
8245;6523 10176;0
8246;12355 12477;0
8247;5454 2135 5899 674;0
8248;11986 6523 28 5899 674;0
8249;11417 2599 10941 6123 1797 5377 1063 5193 5228 8421 5726 9247 9602 12251;0
8250;10818 2606 9454 12214 1179 3878;0
8251;8093 1797 7699 758 9375 10404 7271 731;0
8252;10790 5792 10668 6007;0
8253;689 12214 1179 10423 5659;0
8254;5140 11417 11078 4692 4379 5377 1063 988 8421 3967;0
8255;732 4079 3577 1810;0
8256;2983 1179 7904 10423;0
8257;3577 5433 7059 10423;0
8258;2931 1008;0
8259;732 3577 5378 9921;0
8260;1331 2599 4379 1797 1063 3686 5228 8421 3162 10176 7271;0
8261;12505 9247 8630;0
8262;1433 12505 9247;0
8263;988 9247 3856 3769;0
8264;8158 11356;0
8265;3887 10649 6452;0
8266;7883 6364 1160;0
8267;3758 4049 10724 11466 5734 7585 7086 1890 3202 10481 12204 6698 4032 2561 8079;0
8268;11067 4119 11962 8496;0
8269;10165 6445 6251 4001 12377 10487 1029 1017 11924 4639 2113 3488 9937 8375;0
8270;6966 10310 8599 10923 11576 10889 11693 3187 6945 4243 12177;0
8271;6966 10310 8599 10923 11576 10889 9070 11693 6945 4243 12177;0
8272;6966 10923 11576 10889 11693 9030 12177;0
8273;7151 5804 11921 4125 8953 9020;0
8274;6966 10310 8599 10923 11576 10889 11693 6945 8187 4243 12177;0
8275;3523 2120 7151 5804 7443 8280 11921 4125 9020;0
8276;7193 2778 6702 12148 6279 876 5372 11659 8219 10573 7613;0
8277;3523 7151 11921 4125 4515 9020;0
8278;4764 2738 3876 11725 497 4630 10721 4342;0
8279;3523 7151 5804 498 7443 8280 11921 4125 9020;0
8280;6333 11560 6892 6919;0
8281;2539 3549 3489 6600 12142 1907 7991 2754 10608;0
8282;835 10492 1830 3574 1131;0
8283;7499 9300 5728 10661 6696;0
8284;3990 10987 8833 699;0
8285;2038 7618 7496;0
8286;4661 9100 6989 7661;0
8287;5294 10485 6406;0
8288;804 9803 6830 6440;1
8289;8431 4190 2712 5091 1118 3574 1131;0
8290;408 6600 3260 12062 6591 5973;0
8291;9662 2712 4818 612 1830;0
8292;5127 12062 2038 11235;0
8293;6210 9662 8431 2712 1830 3574 1131;0
8294;2828 1224 4149 10006 3035 8138 584 1449 4311 2645;0
8295;2828 6195 3882 6024 2887 546 1477 3483 7429;0
8296;4226 10238 1043;0
8297;7122 4257 6092;0
8298;686 6092 4211;0
8299;6514 4211 5894;0
8300;4025 6514 12143;0
8301;6355 12143 4095;0
8302;8835 5434 4095;0
8303;8835 4561 11782;0
8304;4561 4583 8828;0
8305;11315 8828 8673;0
8306;1148 11315 12328;0
8307;6457 7643 8516;0
8308;1808 8734 2571 9998;1
8309;4744 1765 9217;0
8310;7980 11870;0
8311;8515 344;0
8312;2268 7256;0
8313;799 8831;0
8314;2224 5088;0
8315;1970 2177;0
8316;5490 116;0
8317;4846 8327;0
8318;1457 2641 2939 11923;0
8319;2764 3785 9870 11365;0
8320;12142 2712 4447 4962 12148 10880 7839 5091 6658 1830 12435 1622 9527 6857;0
8321;2320 447 3627 11183 4447 6591 7839 5091 10280 1118 1830 11486 10573 8368;0
8322;9520 11507 359 3639 6857 8368;0
8323;2943 2625 5660 1372 4406;0
8324;8275 1099 2824 2446;0
8325;9867 11314 9675 4851 10311 11462 3155 3661;0
8326;12189 2067 11314 1678 2420 10277;0
8327;2067 10457 1415 9214 9788 5187;0
8328;6612 5807 1651 3449;0
8329;4117 3845 10153 5544 12387 794 2945 8198 12332 929 4159 12303;0
8330;9311 10153 11429 7533 5544 8198 12332 4159 12303 1042;0
8331;8905 7776 3003 1349 7533 5544 4084 12332 4159 12303;0
8332;7776 5167 4119 7533 8892 2652 7213 7542;0
8333;6101 7776 7533 12372 1277 5615 7578 11607 6734;0
8334;12237 11186 10149 5746 6660 3364;0
8335;6101 10787 8565 12297 95 7505 10263 6734;0
8336;5482 7670 7733 6508 2319 10263;0
8337;1580 12387 6697 6016 2298 10263;0
8338;4117 8070 10153 9496 6601 12387 2319 8198 8315 12303 362;0
8339;1527 4628 11054 11283;0
8340;11054 11968 3734 7334;0
8341;7371 7211 11968 3734;0
8342;1045 7371 6276 3734;0
8343;1045 10276 2155 1267;0
8344;10276 5144 10091 1022;0
8345;11637 10091 1022 3246;0
8346;11637 3093 12179 1022;0
8347;3093 6087 6109 11190;0
8348;3345 389 6109 11190;0
8349;9437 3234 10047 9758;0
8350;1943 9437 3234 834;0
8351;3289 1943 1873;0
8352;1170 1873 12202;0
8353;9635 12202 3515;0
8354;10900 11618 3063 3515;0
8355;10003 10900 3040;0
8356;5866 3040 3109;0
8357;5866 9745 5147 10023;0
8358;9660 4846 4865 5147;0
8359;7988 1188 2852 2068;0
8360;9332 7988 214 2852;0
8361;9332 10352 3381 11233;0
8362;10352 9984 4934 10232;0
8363;9984 2494 4488 547;0
8364;10180 10638 3286 4488;0
8365;435 6205 491 3286;0
8366;435 4964 4687 1295;0
8367;4666 3999 1555 4687;0
8368;4923 3999 2660 10619;0
8369;2610 11902 2068 1540;0
8370;11902 214 1838 8857;0
8371;11632 1528 8857 11233;0
8372;8853 11632 3112 10232;0
8373;8853 3566 547;0
8374;10180 5163 1073 7821;0
8375;491 3042 1073 2862;0
8376;4964 9632 3893 2862;0
8377;3893 4666 8516 8613;0
8378;11820 2660 8613;0
8379;1672 12049 2442 1444;0
8380;5808 12049 5215 12375 1444;0
8381;5808 1385 12049 6975 11748 12375;0
8382;1385 12049 6975 11748 2382 12375;0
8383;3334 4455;0
8384;9374 9289;0
8385;11651 4538;0
8386;9312 9210;0
8387;11559 11449;0
8388;12192 10015 806 2074 4455 9289 1611;1
8389;5721 9289 4538;0
8390;9210 11758 5832 5900 7508 4538 174;0
8391;11559 9210 12231 9822 3037 1405 1216;0
8392;11559 5456 6370 1824 10805 4581 6979;0
8393;10170 2914 2958 9887 12342 9345 11415;1
8394;10170 1064 11740 2618 8266 4767 9060;0
8395;10459 11371 7483 4225 1791 2618 10867;0
8396;9567 10459 1768 9940 8804 12178 9003;0
8397;3757 11290 9940 4300 2281 2920 3344;1
8398;3757 7134 9499 11676 4068 2132 5920;0
8399;2356 6953 6590 4482 1525 11947 2132;0
8400;3191 4527 8293 6771 6590 1956 3049;0
8401;1757 2040 10509 4527 7644 4058 11218;0
8402;1322 10509 10142 10849 10844 6819;0
8403;3348 3180 11945 2785;0
8404;12098 8694 6532 2785;0
8405;11525 7934 12273 2785;0
8406;3348 3715 5654 2785;0
8407;3348 7974 8200 871;0
8408;12098 5497 3851 871;0
8409;1467 871 8145 12273;0
8410;8068 7081 871 12273;0
8411;9857 99 7638 7127 3930 12273;0
8412;99 7638 3348 7127 10531 3930;0
8413;1379 5778 7916;0
8414;2369 7975 5778 9579;0
8415;7975 182 3032;0
8416;8472 6298 2597 182 5106;0
8417;5943 9808 5685 11543 6143 10266;0
8418;2804 10931 11543 11237 1451;0
8419;2581 10931 2418 3987 2183 258 6857;0
8420;5129 4829 2418 11793 1426;0
8421;4829 8469 9905 1879 11489 10848;0
8422;904 9011 9905 41;0
8423;7879 5785 1629 3505 4204 10405 5908;0
8424;7879 7592 1629 3505 11907 4204 10405;0
8425;7592 6135 6309 3910;0
8426;5858 9120 6135 8323 6309;0
8427;12237 4084 794 5615 7178 179;0
8428;6101 10153 7961 12372 12387 2319 2861 7505 10263;0
8429;10153 7466 12372 5544 2319 2861 4159 7505;0
8430;6101 5268 12372 2319 7505 10263;0
8431;4117 6601 7776 7533 8455 2861 8198 12332 12303;0
8432;4117 6601 7776 7533 849 12332 12303;0
8433;4526 4117 6601 7776 7533 7696 8198 12332 12303;0
8434;4526 4117 6601 7533 12107 12332 12303;0
8435;685 536 4052 9115 4853 1211 2945 5301 2317;0
8436;685 536 4052 4853 1211 5788 2945 5301 2317;0
8437;11660 12406 7644 8866 5490 5667;0
8438;2149 9395 5689 10142 10106 10844;0
8439;3250 3085 1527 11582 9437 2523 2852;0
8440;1788 3734 3381 3494 11631;0
8441;4934 3734 10956 2792;0
8442;6644 10638 5341 1022 3063;0
8443;6205 915 6969 7203 1022 11500;0
8444;3701 2401 8299 1022 1295 9525;0
8445;944 846 10023 6109;0
8446;3161 4923 4865 6109;0
8447;4191 213 6218 344 12178 5898;0
8448;7141 530 8293 7769 1956 4247;0
8449;11856 8493 9302 11870 11581 10867;0
8450;2356 9804 6953 8062 7027 8859;0
8451;2532 1765 6916;0
8452;7134 5751 208 709 4894 5920;0
8453;12012 7079 8052;0
8454;1908 1227 4178 12491 2026 11501 8753 10476;0
8455;5624 3605 1227 3600 1377 62;0
8456;5988 10647 4146 3605 5048 1941 5316 2037 3904 7673;0
8457;7014 3409 1941;0
8458;10348 6963 1451 198 6189 10940 3118;0
8459;2581 238 10431 1731 6189 335;0
8460;5025 1119 4680 3750 1426 335 5909;0
8461;4695 11170 8469 1879 11489 889 8397 5909 3155;0
8462;904 9408 4358 4884 8397;0
8463;11290 8080 2281 8324 3216 7230;0
8464;7245 6836;0
8465;9741 6254;0
8466;6853 7393;0
8467;12465 9714;0
8468;2781 10264;0
8469;6806 5194;0
8470;12011 11066;0
8471;1894 6793;0
8472;1259 11536;0
8473;1860 10776;0
8474;9879 322 7919 6836 1984;0
8475;3940 2026 6254 10476;0
8476;7723 6853 1377 8473 62;0
8477;12465 5988 6298 5048 7673 12368;0
8478;5943 4331 10264 6806 11116 8090 2268 6386 5837 3692 12316;0
8479;6806 10348 6963 10092 5343 3118;0
8480;7298 5787 11066;0
8481;2488 6793 11793 10546;0
8482;4329 8010 9101 11536 406;0
8483;8608 6244 10776 4358 4884;0
8484;1212 2964;0
8485;3675 918;0
8486;8462 3096;0
8487;333 840;0
8488;5927 3218;0
8489;9131 365;0
8490;5883 1410;0
8491;5737 8370;0
8492;6387 1505;0
8493;4945 5551;0
8494;4623 7845;0
8495;5059 7552;0
8496;4368 6084;0
8497;6666 4200;0
8498;11134 6217;0
8499;7870 7140 2336 2964;0
8500;10333 10157 10299 2576 12491 918;0
8501;7723 5887 1811 3096;0
8502;5155 10647 4146 3904 840;0
8503;1004 5575 8112 3218;0
8504;9131 12293 3802 8152 8538;0
8505;1410 11288 3394 8337 7579 6709 164;0
8506;11892 5737 1296 12155 5618;0
8507;8716 1505 5733 8469;0
8508;904 5551 8564 6332;0
8509;9104 1424 7845 7552 6743;1
8510;10021 3973 7552 6084 6166;0
8511;7633 6228 6084 4200 11597;0
8512;10014 1463 4200 6618 6217;0
8513;1795 8524 4455 6217 6773;0
8514;542 11118;0
8515;7365 8962;0
8516;2491 6912;0
8517;11537 1628;0
8518;5867 1299;0
8519;60 3357;0
8520;696 5965;0
8521;4880 5415;0
8522;6752 2308;0
8523;9028 9644;0
8524;12218 542 8962 4756;0
8525;4178 8962 552 2026 8761 10476;0
8526;5624 6639 1377 6912 62;0
8527;5988 10647 5048 11537 6180 3904 7673;0
8528;5867 154 7407 6365 5575 4879;0
8529;5250 12395 3357;0
8530;696 12239 5787 11933 6189 5415 258 4286;0
8531;4436 5025 1119 4680 2308 2488 335 5415 10618 4286;0
8532;9101 2308 2102 9644 8469 1879 5909 2448;0
8533;6244 3419 9644 10583 2180 4884;0
8534;10630 8775 4390 10044;0
8535;8775 7427 8648 1627;0
8536;7600 9593 11128 7427;0
8537;11930 9593 9902 7251;0
8538;7549 9373 9728 7251;0
8539;12407 9728 7139 2803;0
8540;2234 5239 2803 9323;0
8541;9904 7116 284 5239;0
8542;1753 9429 9904 12169;0
8543;1753 9717 10291 5243;0
8544;10786 11591 7916;0
8545;10786 2658 2369 9579;0
8546;4694 2658 3032;0
8547;6298 4694 2597 5106 10294;0
8548;5943 52 9507 4879;0
8549;2804 11237 3012 1451 9781;0
8550;8337 2581 238 3987 2950 2183 9781;0
8551;5129 1119 4680 2950 1426 1095;0
8552;8010 406 5023 1095;0
8553;226 904 3142 3490 41;0
8554;9144 4628 2608 6314 3963;0
8555;12277 7334 6314 9666;0
8556;12277 4520 7211 775;0
8557;4520 8936 7189;0
8558;11303 8845 1267 6471;0
8559;6540 11303 5144 8963;0
8560;11238 8963 5926 3246;0
8561;11238 10594 9359 12179;0
8562;378 10594 10853 6087;0
8563;3261 378 9953;0
8564;9717 9086 3005 665;0
8565;9086 7229 1074 10363;0
8566;7229 9831 8989 594;0
8567;8989 1698 7706 5015;0
8568;965 10172 7706 3919;0
8569;2515 3536 10172 1883;0
8570;5342 5601 1883 7441;0
8571;2480 8460 7441 11842;0
8572;5278 2198 761 11842;0
8573;3454 5935 2198 6430;0
8574;4899 2865 8891 6430;0
8575;4899 4655 934 879;0
8576;486 4655 4902 3775;0
8577;4947 4902 4624 8030;0
8578;4668 6703 4624 7338;0
8579;9855 6961 6703 10991;0
8580;8016 5256 10991 3385;0
8581;6456 4494 3385 9234;0
8582;8470 4678 9234 3349;0
8583;6545 3382 3349 9344;0
8584;12108 9232 11658 9344;0
8585;2020 11691 11658 9477;0
8586;9128 6379 3684 9477;0
8587;9128 7636 11140 9169;0
8588;7719 1672 7636 9258;0
8589;10544 5066;0
8590;9770 10361;0
8591;8842 9379;0
8592;4100 3601;0
8593;11514 1736;0
8594;8475 917;0
8595;4103 5441;0
8596;6980 1389;0
8597;9305 6772;0
8598;5056 3119;0
8599;559 9341;0
8600;5066 10361;0
8601;8842 10361;0
8602;8842 4100;0
8603;11514 4100;0
8604;11514 917;0
8605;5441 917;0
8606;5441 1389;0
8607;9305 1389;0
8608;9305 3119;0
8609;3119 9341;0
8610;3211 9341;0
8611;3180 8412 6585;0
8612;8694 8412 9592;0
8613;11174 11525 9592;0
8614;11174 7174 3715;0
8615;7174 8729 8200;0
8616;2374 8729 3851;0
8617;2374 8145 366;0
8618;11636 7081 366;0
8619;9857 8012 11636;0
8620;8012 10630 10531;0
8621;7033 3180 11798;0
8622;8694 11798 3339;0
8623;11525 2715 3339;0
8624;2715 3715 11841;0
8625;12020 8200 11841;0
8626;12020 4932 3851;0
8627;4932 2101 8145;0
8628;2101 7081 9889;0
8629;9857 10879 9889;0
8630;8477 10879 6585;0
8631;11327 3180 5327;0
8632;11327 8694 7300;0
8633;7300 11525 9196;0
8634;3715 4363 9196;0
8635;10373 4363 8200;0
8636;10373 2391 3851;0
8637;2391 4248 8145;0
8638;10746 4248 7081;0
8639;9857 2152 10746;0
8640;2152 8477 8209;0
8641;9567 6484;0
8642;7033 3637;0
8643;9849 9060;0
8644;1680 11415;0
8645;3701 6847 1629 2523 1553 5341 285 2453 2792 12132;0
8646;5867 2453;0
8647;3357 5341;0
8648;696 915;0
8649;3701 5415;0
8650;944 2308;0
8651;2757 9644;0
8652;542 2523;0
8653;8962 10604;0
8654;6912 3494;0
8655;11537 2792;0
8656;8175 6819;0
8657;4933 2610;0
8658;4639 1188;0
8659;3013 9758;0
8660;1069 11283;0
8661;7494 11218;0
8662;1271 8496;0
8663;7752 6919;0
8664;6771 1230;0
8665;9499 2238;0
8666;5644 4482;0
8667;6116 6135 11360;0
8668;8090 4300;0
8669;7967 6836;0
8670;4669 2964;0
8671;11371 12459;0
8672;2097 3040;0
8673;11637 265;0
8674;3893 5331;0
8675;4687 3488;0
8676;5866 11391;0
8677;7402 3093;0
8678;4469 3963;0
8679;9839 8613;0
8680;3999 11924;0
8681;1379 2968;0
8682;5147 12085;0
8683;11730 11190;0
8684;3211 5785;0
8685;542 10805;0
8686;9120 2641;0
8687;7266 1457 7479 7269 9878 11152 11365 6529 6546 474;0
8688;6031 7821;0
8689;6251 4488;0
8690;5384 3515;0
8691;10276 5392;0
8692;3845 10288 8069 7266 5928 5807 6546 10556 10752;0
8693;9311 8536 5849 8157;0
8694;1047 1073;0
8695;10165 3286;0
8696;5785 8322;0
8697;7879 10185;0
8698;7592 10163;0
8699;10900 3026;0
8700;10006 6959;0
8701;9960 10091;0
8702;7122 1680 4257 8532;1
8703;9401 9849 7692 6092;0
8704;8415 12459 11745 4211;0
8705;7685 6484 6514 4142;0
8706;8090 8499 12143 6860;0
8707;4122 2238 7792 4095;0
8708;8835 7003 5644 11782;0
8709;12427 4561 1230 1594;0
8710;6905 10239 7494 9930;0
8711;11315 8175 6769 12328;0
8712;1846 2862;0
8713;435 2113;0
8714;6395 2466 71 8313;0
8715;3085 11373 5959 3825;0
8716;223 4175 7908;0
8717;6872 1492 7054 2579;0
8718;7872 6781 11436 4977;0
8719;7119 604 8345 4342;0
8720;4764 8288 9912 10804;0
8721;2071 1767 4383 10432;0
8722;6762 9431 6322 11757;0
8723;10712 11590 11822 3595;0
8724;4217 1943;0
8725;6634 11968;0
8726;11632 12488;0
8727;10487 10352;0
8728;6 1873;0
8729;7371 5992;0
8730;8853 6867;0
8731;10619 9758;0
8732;12377 9984;0
8733;2720 12202;0
8734;1045 10747;0
8735;9660 11283;0
8736;3345 5327;0
8737;7033 8209;0
8738;12132 6109;0
8739;9437 285;0
8740;1553 2852;0
8741;10428 6847;0
8742;11902 6012;0
8743;7988 8375;0
8744;3234 5784;0
8745;2949 6281;0
8746;11054 8164;0
8747;8857 7465;0
8748;9332 9937;0
8749;11591 1820;0
8750;1380 9420;0
8751;2658 2217;0
8752;11418 1470;0
8753;9507 5525;0
8754;9560 7882;0
8755;2530 102;0
8756;1116 6060;0
8757;4252 10110;0
8758;5438 3142;0
8759;4846 1271 11028;0
8760;6962 2101;0
8761;4407 9889;0
8762;10879 11699;0
8763;1662 2442;0
8764;5215 9836;0
8765;11748 1722;0
8766;1385 7179 2382;0
8767;280 11841;0
8768;3005 7667 5035;0
8769;11429 8211 1074 10388;0
8770;8905 9831 1343 8403 855;0
8771;5988 8310 1698;0
8772;965 6139 3639 11607 6734;0
8773;860 4077 8430 12297 2818 6734 3661;0
8774;860 4077 3627 4866 6625;0
8775;3920 5860 6697;0
8776;531 8267 362 179;0
8777;12020 645;0
8778;5078 4932;0
8779;11301 11798;0
8780;7688 5737;0
8781;1505 10042;0
8782;3296 3339;0
8783;7654 5551;0
8784;9999 7845;0
8785;5852 7552;0
8786;12086 6254;0
8787;2715 10077;0
8788;8402 6084;0
8789;6853 753;0
8790;528 4200;0
8791;12465 10710;0
8792;6052 6217;0
8793;10264 2580;0
8794;8626 6806;0
8795;11066 3867;0
8796;6793 7099;0
8797;11536 8398;0
8798;4985 10776;0
8799;11031 918;0
8800;9273 3096;0
8801;11541 840;0
8802;9218 3218;0
8803;9131 9574;0
8804;1410 2362;0
8805;9561 12287 7069 10634 11655;0
8806;3085 10696 11373 982;0
8807;9713 12287 7562 12053;0
8808;1666 10448 10322 1622;0
8809;12052 11001 12254;0
8810;1563 10120 9553 6154;0
8811;6294 1306 11655 7423;0
8812;5706 11880 10674;0
8813;11717 10634 10506 11913;0
8814;120 3595 10563 11737;0
8815;3161 6042 7350 706;0
8816;10157 8211 5879;0
8817;1811 2591 5879 8403 855;0
8818;1004 4331 6386 3639 3692 8947 8368;0
8819;3802 3627 12400 4074 3639 8368;0
8820;860 9046 4077 4074 6857 3661;0
8821;7675 1296 905;0
8822;2067 8359 11314 5733 4695 11154 7574 5682;0
8823;2067 11314 3755 8564 2180 3155;0
8824;7540 8583;0
8825;9978 12455 1893;0
8826;4756 2645;0
8827;1148 2958;0
8828;4197 1970 2046;0
8829;2102 12190;0
8830;4252 10594 11170 8884;0
8831;116 419 10878;0
8832;3035 8767 4804;0
8833;11669 5438 378 8952 8036;0
8834;4846 4799 7188;0
8835;7882 10940 582 7429;0
8836;8831 3277 11965;0
8837;312 9173 8187 3560;0
8838;1224 12239;0
8839;685 2123 407 9173 6622 1801 3560;0
8840;11288 3394 10431 12122 10251 11862 164 102;0
8841;11667 5182 2203 7497;0
8842;5088 581 8697;0
8843;9732 9451 5301;0
8844;4436 5437;0
8845;3908 9451 11759 5061;0
8846;5271 3750 10489 6060;0
8847;680 7980 12004;0
8848;3950 6765 8758;0
8849;6226 3483 1470 5316;0
8850;1268 11084 4566 11593 1930 5303;0
8851;8176 6874 1223;0
8852;8515 11779 3370;0
8853;7407 8138;0
8854;8357 3800 6874;0
8855;8845 6496 5525;0
8856;9116 7851 9203 2278;0
8857;2268 5658 2029;0
8858;9878 2278;0
8859;10372 688;0
8860;580 5602 8583 898;0
8861;580 5602 898 179;0
8862;1268 4566 8750 9782 1090 455 11762;0
8863;4566 8750 3019 9385 455;0
8864;8722 1820 4046;0
8865;8734 8672 1848;0
8866;4311 8761;0
8867;11473 1380 8753;0
8868;3615 9217 9362;0
8869;2150 9896 11752;0
8870;12277 3600 1477 2217;0
8871;4541 12049;0
8872;9940 4300;0
8873;4300 8499;0
8874;6771 6590;0
8875;6771 1594;0
8876;4482 2132;0
8877;3144 11782;0
8878;10509 6819;0
8879;6819 12328;0
8880;4527 11218;0
8881;6905 11218;0
8882;8842 9305 4100 10766;0
8883;10170 9060;0
8884;9401 9060;0
8885;11416 11415;0
8886;7122 11415;0
8887;9567 10459;0
8888;9567 7685;0
8889;11371 2618;0
8890;11371 8415;0
8891;3757 9499;0
8892;9499 7792;0
8893;9717 3005;0
8894;9086 1074;0
8895;7229 9831;0
8896;8989 1698;0
8897;965 7706;0
8898;3536 10172;0
8899;9166 1883;0
8900;7159 7441;0
8901;5860 11842;0
8902;8267 2198;0
8903;10630 5763;0
8904;8775 7461;0
8905;4267 7427;0
8906;12197 9593;0
8907;12173 7251;0
8908;91 9728;0
8909;10874 2803;0
8910;5239 10618;0
8911;9904 4786;0
8912;1753 3023;0
8913;2865 6430;0
8914;4899 934;0
8915;4655 3259;0
8916;4902 8102;0
8917;4624 1471;0
8918;6703 5491;0
8919;10991 1487;0
8920;3385 5621;0
8921;9234 7984;0
8922;6549 3349;0
8923;6168 9344;0
8924;3973 11658;0
8925;5130 9477;0
8926;9128 3285;0
8927;7636 8787;0
8928;3845 8313;0
8929;9311 3825;0
8930;1349 7908;0
8931;5167 7054;0
8932;7872 1277;0
8933;7119 5746;0
8934;9912 8565;0
8935;1767 7733;0
8936;6322 6016;0
8937;11822 8315;0
8938;7119 1767 7872 9912 11822 6322 8825 8313 3825 7054 7908;0
8939;6281 2641;0
8940;6248 11365;0
8941;12287 9527;0
8942;10302 11486;0
8943;9520 8799;0
8944;2943 608;0
8945;1099 11655;0
8946;9867 6416;0
8947;1678 10634;0
8948;1415 1361;0
8949;1651 1202;0
8950;10743 3228 5635;0
8951;4865 7109;0
8952;7109 10023;0
8953;9340 3063;0
8954;9632 5708;0
8955;5708 3042;0
8956;5163 5708;0
8957;5708 9947;0
8958;8484 3112;0
8959;8484 1528;0
8960;8484 1838;0
8961;8484 1540;0
8962;7058 1295;0
8963;6205 7058;0
8964;10638 9184;0
8965;9184 2494;0
8966;4934 9184;0
8967;9184 3381;0
8968;6584 11978 7920 3017;0
8969;12141 12294 794 518;0
8970;958 4074;0
8971;3250 5879;0
8972;8068 4011;0
8973;1467 4011;0
8974;5497 6467;0
8975;7974 6467;0
8976;5654 5296 4374;0
8977;7934 5296 4374;0
8978;3451 8655 6532;0
8979;3451 8655 11945;0
8980;9857 8694 3180 11525 3715 8200 10531 3851 6309 7081 8145;0
8981;9857 8477 12029 6116 8694 3180 11525 3715 8200 3851 7081 3910 8145;0
8982;2097 10165 6445 3026 4217 6251 3013 12377 6 10487 11924 4639 2720 5384 12085 2113 3488 9937 5784 11391 8375;0
8983;2097 7402 6634 3026 11730 4217 3013 12005 6 9960 1069 5992 2720 5384 10747 12085 8164 5784 5392 11391 265;0
8984;10384 2374;0
8985;2391 8927;0
8986;9470 1053 10384 2832 3890 1872 11029 8927 1017 1316 10744 1648 10977 5745 2734 1279 10954 8486 5439 9677;0
8987;10373 11029;0
8988;10744 8729;0
8989;10977 9196;0
8990;11174 10954;0
8991;4248 2734;0
8992;5439 366;0
8993;11327 9677;0
8994;8412 2915;0
8995;9470 5327;0
8996;2832 6585;0
8997;1053 7300;0
8998;3890 9592;0
8999;1872 4363;0
9000;7174 1316;0
9001;2152 1648;0
9002;8012 1279;0
9003;10746 5745;0
9004;11636 8486;0
9005;5763 8227;0
9006;7461 11852;0
9007;4267 6947;0
9008;12197 6746;0
9009;12173 10315;0
9010;91 11678;0
9011;10874 11692;0
9012;10618 2503;0
9013;10008 4786;0
9014;3023 819;0
9015;2468 11455 7563 2772 8870 7867;0
9016;11455 2295 7779 2772 7867;0
9017;5215 6975;0
9018;2442 12375;0
9019;5437 2046;0
9020;5271 6561 2046;0
9021;6561 9359 2046;0
9022;12190 10878;0
9023;8884 4821 10878;0
9024;10853 4821 10878;0
9025;3035 4799;0
9026;4799 8076 8952;0
9027;4799 3261 8076;0
9028;10372 3277;0
9029;2275 3277 7429;0
9030;6540 2275 3277;0
9031;7939 9173 3560;0
9032;1224 8697;0
9033;12122 8697 5302;0
9034;5926 8697 5302;0
9035;4853 115 12184;0
9036;4052 9732 1987;0
9037;193 2945 9451;0
9038;2150 12004;0
9039;4996 12004 1477;0
9040;4996 12004 775;0
9041;3950 11779;0
9042;8035 11779 3483;0
9043;8035 11779 8936;0
9044;3888 3549 4836 1080 11593 8372;0
9045;7839 11742 5241 9203;0
9046;7851 7070 1140;0
9047;8138 5658;0
9048;2887 5658 1330;0
9049;5658 1330 6471;0
9050;8893 5372 6546;0
9051;4764 6762 2738 4383 3793 11590 7940 71 4175 11725 5959 6872 4977 497 4630 10721 4342;0
9052;1563 12075 5706 12052 12284 1306 120 4063 10506 6042 618 10492 982 1622 1090 12053;0
9053;8672 2645;0
9054;6024 8672 2567;0
9055;8672 2608;0
9056;4311 9362;0
9057;7126 3882 9362;0
9058;7126 9362 9666;0
9059;11582 5851 11255;0
9060;7038 5142 5879 11255 4550;0
9061;1401 9340 5879 11583 7008;0
9062;9340 10907 1461;0
9063;6099 4074 11255 2395;0
9064;7905 7109 4074 11500;0
9065;7295 7109 9525;0
9066;2959 2942 9471;0
9067;10029 2874 9471;0
9068;2895 3800 3419 10803 7070 7479 7658 6546;0
9069;2123 217 7940 7450 2203 9391 1801 362;0
9070;5526 12182;0
9071;5482 9107 12141 6673;0
9072;2895 10803 7070 7479 6546 9513 8347;0
9073;10001 9101 7641;0
9074;6584 11978 3215 11667 6660;0
9075;11288 8069 8863 9892 3587 474 10752;0
9076;11288 3394 5787 8249 11862 164;0
9077;2581 238 8249;0
9078;6985 9622 7535;0
9079;3419 8241 8353 3155;0
9080;12141 4898 6697;0
9081;6584 11978 3215 11667 12297;0
9082;1880 3155;0
9083;6101 12372 2319 1688 4159 7505;0
9084;12316 6857 8368;0
9085;4716 2180 8985;0
9086;11978 3215 7920 12184 11607;0
9087;8905 9107 12141 10274;0
9088;6584 9107 11429 7603;0
9089;8069 2488 3640 11152 9892 3587 474 8026 10752;0
9090;2772 10092 10124 3587 474 10556 8026;0
9091;4526 179;0
9092;2861 179;0
9093;1022 6109;0
9094;3734 6109;0
9095;10784 6770 1459 6734;0
9096;10784 5544;0
9097;685 7776 2317;0
9098;685 10153 2317;0
9099;7533 3906 10919;0
9100;3906 10919 12387;0
9101;536 12332;0
9102;536 2319;0
9103;4853 12303 5301;0
9104;4853 5301 10263;0
9105;1955 8198;0
9106;1955 7505;0
9107;4117 4052 1211;0
9108;6101 4052 1211;0
9109;6601 2945;0
9110;12372 2945;0
9111;5372 2278;0
9112;1995 8424;0
9113;7530 8176 5655 8752;0
9114;8176 7269 5655 8752;0
9115;3888 4234;0
9116;3888 11221;0
9117;10523 8583;0
9118;8583 5913;0
9119;10288 8583;0
9120;1386 3992;0
9121;9929 3992;0
9122;2851 871;0
9123;2851 2785;0
9124;7127 11138 3930;0
9125;4362 7127 3930;0
9126;8669 1271;0
9127;11116 1271;0
9128;9340 9437;0
9129;9437 7109;0
9130;8431 2949;0
9131;6600 2949;0
9132;9662 12284 982;0
9133;12284 6591 982;0
9134;12284 6668 982;0
9135;2681 12053;0
9136;12062 12053;0
9137;669 12053;0
9138;9594 1622;0
9139;2038 1622;0
9140;5345 1622;0
9141;12052 2712 618;0
9142;12052 618 6942;0
9143;12052 618 3703;0
9144;1563 5091;0
9145;1563 11155;0
9146;2151 1563;0
9147;1306 4447;0
9148;1306 10551;0
9149;8376 1306;0
9150;5706 4063 1830;0
9151;5706 4063 11235;0
9152;5706 4063 2492;0
9153;10506 1118;0
9154;10506 10469;0
9155;935 10506;0
9156;120 3574;0
9157;408 120;0
9158;120 11774;0
9159;12075 6042 1131;0
9160;12075 6042 5973;0
9161;12075 12021 6042;0
9162;71 4125;0
9163;10889 71;0
9164;3523 11725 5959;0
9165;11725 5959 6945;0
9166;3793 4175 9020;0
9167;3793 4175 4243;0
9168;7151 2738 6872;0
9169;6966 2738 6872;0
9170;5804 4977 10721;0
9171;4977 12177 10721;0
9172;8536 4342;0
9173;10310 4342;0
9174;4764 5849;0
9175;4764 8599;0
9176;4383 8280 4630;0
9177;4383 11576 4630;0
9178;6762 7443 497;0
9179;6762 10923 497;0
9180;11590 11921;0
9181;11590 11693;0
9182;2222 9451;0
9183;1465 1801;0
9184;3823 11489;0
9185;488 3155;0
9186;6175 3155;0
9187;9808 6434;0
9188;11826 1942 4254;0
9189;2861 5905;0
9190;1372 11732;0
9191;5282 6857;0
9192;4647 8368;0
9193;7851 7129;0
9194;2851 7638;0
9195;4679 12329;0
9196;7752 4541;0
9197;8477 10531;0
9198;2949 10492;0
9199;8359 3033;0
9200;4234 3987 11862;0
9201;11853 8947;0
9202;5708 8516;0
9203;8484 8516;0
9204;10548 4011 11138;0
9205;10548 6467 11138;0
9206;9184 2852;0
9207;2852 7058;0
9208;2268 2029;0
9209;8831 11965;0
9210;5088 581;0
9211;680 7980;0
9212;4197 1970;0
9213;8515 3370;0
9214;116 419;0
9215;10003 7109 5088;0
9216;1970 7109 3109;0
9217;3289 7980 9340;0
9218;1170 9340 8515;0
9219;9635 9340 2268;0
9220;9676 5913;0
9221;5913 3992;0
9222;7942 2861;0
9223;4414 8752;0
9224;7588 8176 5655 8752;0
9225;5520 2319;0
9226;1472 12387;0
9227;10153 2195;0
9228;596 12372;0
9229;6101 2086;0
9230;573 7505;0
9231;5544 9897 4159;0
9232;3888 9087;0
9233;3888 9951;0
9234;2124 10263;0
9235;268 5469 7940 2203 9391 9848;0
9236;80 5372 6125;0
9237;6231 6440;0
9238;5294 8505;0
9239;4661 6280;0
9240;10987 11772;0
9241;10661 4502;0
9242;3172 9471;0
9243;2900 9471;0
9244;484 8734 7980 8831 2268 8515 1970 9217 5088 3636 116;0
9245;7211 7980;0
9246;7980 4996;0
9247;7980 11233;0
9248;8515 6276;0
9249;8035 8515;0
9250;8515 10232;0
9251;1267 2268;0
9252;12106 2268;0
9253;2268 547;0
9254;8831 5144;0
9255;8831 10764;0
9256;11618 8831;0
9257;10180 8831;0
9258;5088 3246;0
9259;718 5088;0
9260;491 5088;0
9261;1970 12179;0
9262;1970 4727;0
9263;4964 1970;0
9264;6087 116;0
9265;116 4821;0
9266;9745 116;0
9267;4666 116;0
9268;11560 11772 1629 3505 4502 10405;0
9269;1022 10670;0
9270;2928 3734;0
9271;1417 1629 3505 7127 10405;0
9272;1268 5097;0
9273;7215 8187;0
9274;11455 8069 9675 3587 10752;0
9275;8069 2420 7269 9676 3587 474 10752;0
9276;8069 5183 5187 10551 8055 3587 474 10752;0
9277;2895 7266 5928 7070 7479 9878 9870 8646 6529 10556;0
9278;1930 455;0
9279;5469 7233 9848;0
9280;8734 4628;0
9281;8734 2567;0
9282;8734 10047;0
9283;8734 1848;0
9284;8734 2068;0
9285;9217 7334;0
9286;7126 9217;0
9287;9217 834;0
9288;3615 9217;0
9289;9217 214;0
9290;11455 9430 11471 7266 10610 12421 7867;0
9291;9190 2320 11471 10302 3800 10803 7867;0
9292;11455 7530 11471 359 3800 10803 7867;0
9293;11455 5660 11471 10893 7867;0
9294;10523 11952;0
9295;6546 7867;0
9296;6546 3587;0
9297;11471 7479 9878 6529;0
9298;7479 10752;0
9299;11455 2895 7070;0
9300;2895 7070 474;0
9301;7839 10893;0
9302;7839 11152;0
9303;3800 10803 8870;0
9304;3800 10803 10556;0
9305;4566 402 8752;0
9306;4812 319;0
9307;9187 10996;0
9308;5548 9173 319 7274 3560;0
9309;2895 202 2278;0
9310;8372 6874 11742;0
9311;7540 12421 2278;0
9312;8374 1688 322 3414 12421;0
9313;3373 12421;0
9314;7810 12421;0
9315;6345 9713 11717 11880 1779 7562 1869 580 11913 11001 10448 10322;0
9316;4331 2772 10880 6188 3587 474 8026 10173;0
9317;9187 10523;0
9318;10523 3596;0
9319;10523 7268;0
9320;10523 7977;0
9321;3857 536 1567;0
9322;7530 7675 4234 10556;0
9323;7530 12400 4234;0
9324;4846 389;0
9325;4846 2660;0
9326;2283 10830 5447;0
9327;7638 12229;0
9328;12098 4204;0
9329;1154 6099 5390 5851 6326 2874 4204 4550 5962 2727 3870;0
9330;5845 3187;0
9331;12455 4286;0
9332;6671 12455;0
9333;12098 12273;0
9334;12098 3348;0
9335;8271 9030 9339;0
9336;171 9030 9339;0
9337;4948 9030 9339;0
9338;9030 169 9339;0
9339;5469 1927 9848;0
9340;8187 6287;0
9341;8187 11887;0
9342;6427 7497;0
9343;11871 12184;0
9344;7940 9391 4903 12184;0
9345;10558 7497;0
9346;370 5469 9848;0
9347;10523 11037;0
9348;10523 10201;0
9349;507 615;0
9350;9562 742;0
9351;8930 1879;0
9352;6466 2576 4023;0
9353;7723 1377 9655 62;0
9354;5048 9285;0
9355;12293 7084;0
9356;5025 9419;0
9357;3215 5526;0
9358;9107 5526;0
9359;3597 1451;0
9360;6717 3597 10092;0
9361;3539 1426;0
9362;2488 3539;0
9363;7170 7916 10370;0
9364;322 7170;0
9365;7354 6154;0
9366;7354 8345;0
9367;6294 6644 8466;0
9368;8288 6644 8466;0
9369;11880 6969 2573;0
9370;10432 2573;0
9371;11001 10956 2695;0
9372;6781 10956;0
9373;464 10322 11631;0
9374;464 2579;0
9375;9713 10212;0
9376;9670 11717 2401;0
9377;9670 9431;0
9378;5078 3296 6962 4407 1029 10077 11699 3637 11301 280 645 2915;0
9379;6549 6168 3005 3973 965 2865 9166 1074 3259 3536 9831 9978 7159 5860 8787 8102 1698 1471 3285 8267 5491 1487 7984;0
9380;10008 6947 819 6746 5130 934 10315 1893 11678 11692 8227 5621 2503 11852;0
9381;1047 12488 6031 12005 6867 9839 4933 1846 5331 808 7465 6012;0
9382;6457 2949 7643 2985;0
9383;7151 5804 10923 11576 3793 10889 11693 8157 4175 11725 5959 8313 929;0
9384;2738 1349 3793 10889 11693 4175 3825 6872 5727;0
9385;5167 2738 10889 11693 6872 8105 7908;0
9386;6966 330 10889 7443 8280 1277 11921 4977 7054 4243 10721 4342;0
9387;4764 7872 5746 11921 4125 4342 5481;0
9388;4764 7119 4383 89 11921 8565 4125 12177 4630;0
9389;6966 6762 4383 9912 5564 7733 11921 4125 497 4630;0
9390;3523 10310 7151 8599 6762 1767 11576 11590 8318 4125 6016 497 12177 9020;0
9391;3523 11374 10310 7151 8599 5804 10923 11576 11590 6322 71 8315 9020;0
9392;7151 10006 8599 5804 9496 10923 11576 11822 11693 71 11725 5959 9020 4409;0
9393;2943 1563 2539 3888 11507 3228 8818;0
9394;7137 1099 10032 3820 670 7613;0
9395;6672 11726 835 9782;0
9396;9115 10582 3689;0
9397;7708 5788 2452;0
9398;8376 8219;0
9399;8376 7529;0
9400;2151 7613;0
9401;2151 12242;0
9402;6702 6668;0
9403;12142 6668;0
9404;12148 669;0
9405;669 10280;0
9406;11659 2492;0
9407;10608 2492;0
9408;5345 10573;0
9409;5345 2539;0
9410;3489 935;0
9411;2778 935;0
9412;2754 3703;0
9413;3703 876;0
9414;8055 1361;0
9415;5635 1202;0
9416;6248 5590;0
9417;6457 6116;0
9418;6416 3934;0
9419;8799 3228;0
9420;9676 7281;0
9421;7870 7667 2499;0
9422;7991 12021;0
9423;7193 12021;0
9424;1907 11774;0
9425;11774 6279;0
9426;1553 10163;0
9427;10814 6345 9561 11387 11523 8825 11907 6790 3363 1614 10163 6788 1624;0
9428;285 10185;0
9429;10814 9561 11387 12292 11523 8825 6790 3363 1614 5908 6788 10185 1624;0
9430;479 10288;0
9431;1555 7058;0
9432;4923 7058;0
9433;4627 4679;0
9434;2422 4679;0
9435;11221 7269 8646 2373 10893;0
9436;12287 10634 11655 6281 2277;0
9437;31 3735 5498;0
9438;10310 8599 6945 4243 1775;0
9439;5928 7269 855;0
9440;3711 6904;0
9441;408 1726 6600 12062 6591 2038 6942 5973 11235;0
9442;8211 5928 8646;0
9443;7213 5224 3017;0
9444;5928 7667 8646;0
9445;3546 6734;0
9446;794 8374;0
9447;9265 6734;0
9448;5548 9391;0
9449;3753 7776 8198;0
9450;8070 1580 6508 95 12364;0
9451;9924 11759 2317;0
9452;6672 2681 9662 4447 5091;0
9453;8795 1716 80 8663 1223;0
9454;3085 11373 8288 223 12236 10552 8345 7392;0
9455;5544 4159 9202;0
9456;1119 7675 7035;0
9457;6798 8893 1995 10803;0
9458;80 8663 11687 11742 1223;0
9459;4761 8198 6734;0
9460;10784 6770 3906 1459 10919 10582 1955;0
9461;10784 6770 3906 1459 10919 1955 2452;0
9462;6798 1995 1716 10881;0
9463;4234 5928 8646 10556 2939;0
9464;11221 7269 11152 474 3449;0
9465;2764 7530 4234 11152;0
9466;6018 7708;0
9467;1459 3723;0
9468;3294 3906 5182;0
9469;1673 1211;0
9470;12236 4820 5602;0
9471;4526 4000 3689;0
9472;8893 7479;0
9473;7266 9788 7269 11152;0
9474;1955 3908 7800;0
9475;2468 2591 1377;0
9476;7530 8646 12435 10556;0
9477;9430 6900 10969;0
9478;12189 11221 8870 10893;0
9479;355 1984;0
9480;6067 11945;0
9481;10938 9924 11759;0
9482;7530 447 4234 8646;0
9483;6798 11084 1995 4836;0
9484;7974 421;0
9485;4851 8870 10893;0
9486;5497 4587;0
9487;8893 5241;0
9488;5654 3196;0
9489;1467 5108;0
9490;3294 1801;0
9491;8594 8068;0
9492;7322 7934;0
9493;3857 11667 3187 9451 7800 7497;0
9494;7838 6532;0
9495;99 3595 7127 3930;0
9496;12383 8516 7982;0
9497;3215 7213;0
9498;6067 11725;0
9499;6717 10092 8538;0
9500;3419 8241 6332;0
9501;7375 10647 3904;0
9502;11892 2488;0
9503;11181 7708;0
9504;226 8353;0
9505;10348 4373 3118;0
9506;10552 7838;0
9507;8594 3511;0
9508;9250 5108;0
9509;3196 7392;0
9510;7322 9726;0
9511;4526 8636 3689;0
9512;7140 12364 7178;0
9513;12029 10766 12468;0
9514;7562 7838;0
9515;6196 11962 8374 1688 3414;0
9516;1869 5108;0
9517;1200 3196;0
9518;8594 11913;0
9519;7322 10448;0
9520;8176 5655 9171;0
9521;7919 1984 10370;0
9522;2499 355;0
9523;2468 5887 6493;0
9524;10333 9430 10969;0
9525;3003 6138 4052 1211 1955 8105 4977 10721;0
9526;9707 12400;0
9527;7779 336 4304;0
9528;2213 3419 8241;0
9529;2026 8762;0
9530;5988 11146 7673;0
9531;3161 846 9431 2949 10432 3595 3946 7350 7982 3699 3332 6781 2579;0
9532;4052 751 1211 2945 1042;0
9533;6966 3523 10310 6101 89 3906 536 10919 7443 4243 3364;0
9534;408 9190 9520 12052 6600 618 5973;0
9535;1678 8226 7281 7880 11462;0
9536;5183 10492 1651;0
9537;8080 7256;1
9538;799 5751;0
9539;8062 2224;0
9540;7769 2177;0
9541;10106 8327;0
9542;8322 12132;0
9543;6847 6959;0
9544;10428 12329;0
9545;10428 5879;0
9546;10428 4074;0
9547;10367 2045 6526;0
9548;12473 10367 2045;0
9549;10302 2045 2277;0
9550;1401 7905 31 1285 8561 6030 9796;0
9551;1154 12229 3971 1285 5390 6326 6030 9796 2727 3870 7228;0
9552;1401 7905 10830 3971 8561 9796 7228;0
9553;2418 7228;0
9554;3971 11543;0
9555;12106 1330;0
9556;2275 10764;0
9557;718 5302;0
9558;6561 4727;0
9559;4846 8076;0
9560;10367 5590 608 3934 10743 8055;0
9561;99 3946 1614;0
9562;2985 1614;0
9563;2155 10670;0
9564;2928 1527;0
9565;9471 5447;0
9566;3172 11255;0
9567;2900 7008;0
9568;1417 3363;0
9569;3735 3363;0
9570;8655 4362;0
9571;4362 4374;0
9572;670 1386;0
9573;5859 3876 319;0
9574;7942 2037;0
9575;5310 7129 3138;0
9576;5310 3138 6125;0
9577;5310 8424 3138;0
9578;10551 7496 11155 3138;0
9579;9929 6347;0
9580;9070 2222;0
9581;9070 3187 1465;0
9582;9070 12182 5061;0
9583;9070 1987;0
9584;3187 7800 115;0
9585;2120 8536 5849 7497;0
9586;5849 9848;0
9587;6210 2371 455;0
9588;4566 4190 9484;0
9589;11084 402 8663;0
9590;407 7274;0
9591;10784 4812 7274;0
9592;1584 8536 5849 4515 7274;0
9593;8536 1014 3560;0
9594;9116 5097;0
9595;8750 3267;0
9596;7268 615;0
9597;3596 6188;0
9598;7977 742;0
9599;7215 7800;0
9600;10919 7939 1567;0
9601;7233 1567;0
9602;11952 10173;0
9603;9924 1927;0
9604;2203 6287;0
9605;6622 11887;0
9606;6427 12184;0
9607;6584 11871;0
9608;2123 10558;0
9609;370 217;0
9610;11183 11037;0
9611;10201 10880;0
9612;507 11313;0
9613;10610 9562;0
9614;9339 1775;0
9615;9116 6874;0
9616;9116 1140;0
9617;3531 6874;0
9618;9116 1726 10551 11155 10469;0
9619;3549 1080 1223;0
9620;11978 268;0
9621;1673 5061;0
9622;193 5061;0
9623;5845 5061;0
9624;3549 8893 1080;0
9625;11667 171;0
9626;7920 4948;0
9627;7450 169;0
9628;12141 4903;0
9629;8271 11759;0
9630;9377 4254;0
9631;6985 9377 11845;0
9632;4716 9377 11845;0
9633;9377 4414;0
9634;7810 2772;0
9635;3373 9892;0
9636;10308 8646 11762;0
9637;2067 10308 11762;0
9638;10308 3639 11762;0
9639;10308 11762 3661;0
9640;10308 8795;0
9641;6862 676 5928;0
9642;6862 11314 676;0
9643;6862 676 8368;0
9644;860 676;0
9645;676 11687;0
9646;7266 10650 5303;0
9647;3627 10650 5303;0
9648;10650 5303 6857;0
9649;10650 5303 3155;0
9650;5020 10881 10650;0
9651;9171 11845;0
9652;7875 11732;0
9653;7875 9087;0
9654;6862 10452 9385;0
9655;10001 2053 4695 889 9513 6973;0
9656;3711 2053 6973 3033;0
9657;2213 4358;0
9658;8070 9897;0
9659;1580 2195;0
9660;1472 6508;0
9661;5520 95;0
9662;12237 2124;0
9663;573 5615;0
9664;4119 2086;0
9665;596 4084;0
9666;7526 6175;0
9667;3920 12208 1879;0
9668;919 10647;0
9669;11804 488;0
9670;238 5282;0
9671;5685 4647;0
9672;8930 406;0
9673;531 6726 4884;0
9674;10149 3546;0
9675;7542 9265;0
9676;3753 1649 7035;0
9677;7375 6298;0
9678;9707 10348;0
9679;5705 12107;0
9680;1880 7574;0
9681;4331 6386 6434 3692 6857;0
9682;11853 6857;0
9683;10388 10476;0
9684;1343 62;0
9685;9241 3118;0
9686;2581 8430;0
9687;5025 8309 6625;0
9688;1715 5905;0
9689;12381 9579 4023;0
9690;12293 849 4761;0
9691;6018 904;0
9692;4000 8469;0
9693;6900 2026;0
9694;6244 11181;0
9695;4373 11237;0
9696;8010 8636;0
9697;7961 2576;0
9698;5048 4304;0
9699;2369 8762;0
9700;11146 2597;0
9701;9655 3032;0
9702;9285 5106;0
9703;2804 7084;0
9704;5129 9419;0
9705;7069 608 10302;0
9706;10696 9561 1779 10674 12254 11737 706;0
9707;1119 4680 11793;0
9708;10344 3260 1716 10551 11155 10469;0
9709;1716 11742;0
9710;7696 1731;0
9711;1731 258;0
9712;8455 5837;0
9713;5837 10266;0
9714;4884 41;0
9715;5943 6139;0
9716;5943 154;0
9717;4967 5224;0
9718;4146 4967;0
9719;12293 6963;0
9720;7588 4695;0
9721;4695 4406;0
9722;9951 889;0
9723;889 5682;0
9724;8026 10996;0
9725;7723 7466 837;0
9726;7723 5624;0
9727;8337 1731;0
9728;5575 5837;0
9729;2576 4178;0
9730;6466 9202;0
9731;6466 12491;0
9732;3946 8825 1624;0
9733;8799 6790;0
9734;12254 6790;0
9735;1361 6788;0
9736;11737 6788;0
9737;10814 1202;0
9738;10814 706;0
9739;6248 11387;0
9740;10696 11387;0
9741;6416 11523;0
9742;10674 11523;0
9743;4829 2959;0
9744;8561 5390;0
9745;9905 9796;0
9746;2874 9796;0
9747;6143 1461;0
9748;1461 2727;0
9749;1401 182;0
9750;7905 3870;0
9751;7905 10931;0
9752;1401 1154;0
9753;6099 3971;0
9754;1285 1379;0
9755;1285 5851;0
9756;8561 7975;0
9757;2959 6326;0
9758;6030 5778;0
9759;6030 4550;0
9760;5962 7228;0
9761;5127 8750 10551 11155 9446 10469;0
9762;11084 8750;0
9763;10981 4818 8663;0
9764;11593 8663;0
9765;9732 11759;0
9766;2652 2086;0
9767;4846 7188;0
9768;608 9553;0
9769;7137 608;0
9770;10551 10469 9524;0
9771;1897 10551 11155;0
9772;1105 10551 11155 10469;0
9773;5590 11784 10469;0
9774;1666 10302;0
9775;3549 202 1080;0
9776;8536 5849 1804;0
9777;5849 358;0
9778;8536 5849 5799;0
9779;3934 8226 11155;0
9780;4234 164;0
9781;4331 6386 3692 4879;0
9782;8241 9878 6529 9892 4593;0
9783;7530 8069 11152 6386 10556 10752;0
9784;7530 11862 11152;0
9785;944 10604 10405 3494;0
9786;3800 9878 6529 6973;0
9787;11221 7269 8870 10893 10969;0
9788;6717 8069 11152 10752;0
9789;2681 10981 4447 9594 5091 1118;0
9790;10344 2038 6942 11235;0
9791;11471 2591 7266 11221 10893;0
9792;11707 6591 6942 11235;0
9793;2681 9662 4447 9594 9484 1830;0
9794;2681 2371 4447 9594 5091 1118;0
9795;408 8431 6591 6942 9446 5973;0
9796;11455 11471 7266 11221 7269 2499 8870 10893 7867;0
9797;3523 7443 8280 1014;0
9798;10153 5544 12387 3414 10263 179;0
9799;12473 1624;0
9800;6294 10120 1200 7423 898 6154;0
9801;5804 1584 7443 8280;0
9802;10153 919 5544 12387 4159;0
9803;6762 4383 3793 5859 11590 71 4175 5959 6872 4977;0
9804;8069 9878 6529;0
9805;11471 336 8870;0
9806;3971 5498 2959 1461 7228;0
9807;7266 5928 8310;0
9808;6798 1995 5655 11742;0
9809;6770 1459 4159;0
9810;3531 6529;0
9811;5066 10361 12468;0
9812;6345 1779 3930;0
9813;6798 5372;0
9814;6862 4077;0
9815;10938 6770 312;0
9816;11726 2712 9594 1118;0
9817;3523 10310 685 8599 6601 5564 3906 10787 10919 2317 12177 9020;0
9818;330 12372 8892 4853 358 1955 12332 3017 6945 5301;0
9819;11514 5441 11360 917 3119 1389 9341;0
9820;5035 7919;0
9821;536 4853 10894 5301 7578;0
9822;1268 10452;0
9823;2283 1285 2959 6030 1461;0
9824;6345 6526;0
9825;6067 12284;0
9826;2053 9892;0
9827;6345 12292;0
9828;1869 4063;0
9829;1200 618;0
9830;5867 1715 4967 6765 6180;0
9831;11804 8241 4937 10583 4804;0
9832;6671 6466 552 6912 4613 7461;0
9833;7392 10721;0
9834;3511 497;0
9835;5310 11707 10469 5783;0
9836;9250 4630;0
9837;2738 9726;0
9838;6717 5250 688 696 91 198 4286;0
9839;10552 3793;0
9840;498 8536 5469;0
9841;2123 3723 1801;0
9842;4526 3627 3536 9241 6660 3639 8368;0
9843;10029 2422 7350;0
9844;4627 3699 2942;0
9845;8646 8403;0
9846;5268 3904;0
9847;8472 4146 6143 2037;0
9848;3711 7574 7641;0
9849;12075 6395 7982;0
9850;8608 1372 8175 11804 1942 2964 11028;0
9851;6365 477 4785 3357 12316;0
9852;5482 8309 3661;0
9853;11537 9896 6639;0
9854;7526 8176 5655 10848 889 8752;0
9855;2071 1973 6395 12398 11436 1492 11757;0
9856;99 10548;0
9857;9046 7003 5737 10149 2224 6280 6709 12297 1487;0
9858;99 11346;0
9859;1897 2681 9662 2778 8431 1415 120 10634 2038 6942 10608 10277 1131;0
9860;11067 12364 7178;0
9861;8359 7526 4406 11154 3142 5023 5682;0
9862;12455 4786 2448;0
9863;4967 9507 2037 10294;0
9864;860 2625 4077 3627 10032 3639;0
9865;5020 1223;0
9866;11669 3888 9408 11804 8176 5655 8752;0
9867;408 9098 12287 6600 5973 11486;0
9868;4117 685 10784 6601 7670 6770 8318 1459 2317 7505;0
9869;8348 7535 7204;0
9870;12029 7643;0
9871;10120 421;0
9872;1649 6734;0
9873;4587 7423;0
9874;12381 10476;0
9875;11288 3394 2183;0
9876;10264 1715 11116 4967 8515 6484 12368;0
9877;11374 4117 10784 6601 6770 1459 2319 8198 2298;0
9878;52 5685 3012 5837 8947;0
9879;5482 12427 1505 11772 2177 5621 5618;0
9880;6671 12218 322 5763 7919 2649 1984;0
9881;4744 11429 10299 1765 8505 934 7692 3096;0
9882;606 5685 198;0
9883;10804 4587;0
9884;604 421;0
9885;6067 604 12398 10804 4820 3332 9250 9726 3511;0
9886;6853 11116 9849 6466 2576 3940 9217;0
9887;12242 5706 9867 8431 12062 4063 6591 11655 2038 6942 1118 2446 3574 8219 1131 6347;0
9888;6717 8669 11066 8831 2238 5343;0
9889;7535 3490 4469;0
9890;11346 5296;0
9891;3451 11346;0
9892;7875 8985;0
9893;11373 1540;0
9894;3785 11784 7869 10610 9527;0
9895;9131 958 11380 8112 7256 7542 11607;0
9896;7862 3755 2422 8327 362 179;0
9897;4526 4122 1410 799 8505 6660 8152 5491;0
9898;7354 9947 7512;0
9899;9789 9513;0
9900;5163 8466 2395;0
9901;8905 11870 4586 6493;0
9902;12465 11116 7980 12459 8473;0
9903;1105 6612 2681 7193 9662 1907 2712 9594 10492 5635 11235;0
9904;408 2681 12284 7991 2712 9594 5091 982 6281 8583 11235 9524 11923;0
9905;1973 1555 8516;0
9906;99 6395 7127 3930;0
9907;7776 12372 11186 7505;0
9908;10457 11221 8870;0
9909;11154 9789;0
9910;5025 8669 1970 1230 10546 11536;0
9911;1528 464;0
9912;11455 11471 6039 3587 8870 10893;0
9913;7038 1838 2852 10212;0
9914;3042 2573;0
9915;9670 9632;0
9916;3112 11583 2695;0
9917;5155 966 7779 336 8310 5879 2373;0
9918;4329 8669 10776 4605 116;0
9919;3250 1808 2865 2336 6231 2652 2571 9998 8532 918 12421;1
9920;1715 966 3280 344 4142;0
9921;3711 2053 3823 9513 6973;0
9922;8716 4627 6697 5490 4862;0
9923;7298 8669 6793 5644 1731 5088;0
9924;9622 7875;0
9925;2824 6039;0
9926;1908 7079 4439 4046;0
9927;8734 1680 9879 6254;0
9928;7203 7008;0
9929;11436 2695;0
9930;9340 8561 5879 1788 7008;0
9931;1492 11631;0
9932;2401 11757;0
9933;2071 6969;0
9934;11826 11845;0
9935;8299 7008;0
9936;223 10212;0
9937;6196 2610;0
9938;4846 9144 10238 2608 4257 10853 775 8936 9666;0
9939;546 1157 1043;0
9940;9098 2895 5928 7070 4962 10469 7867;0
9941;518 5526;0
9942;4898 5526 941;0
9943;7839 4593;0
9944;7839 6904 1499;0
9945;5221 11155;0
9946;8536 4409;0
9947;4680 5705;0
9948;3394 10556;0
9949;5221 479 3489 9214 8585;0
9950;12192 1761 10369 11719 11344;0
9951;7426 3687 6017;0
9952;1345 11872 3687 7711;0
9953;7422 9123 11200 7711;0
9954;7842 8592 7645 4389;0
9955;11719 8633 4208 10725 8592 5119;0
9956;4028 8087;0
9957;11529 6811 589 2767;0
9958;1395 4396 7536 3361 7098 12291;0
9959;1395 4396 3361 8324 7098 12291;0
9960;5946 10369 9363 8996 9600 11494 375;0
9961;5861 8996 7369 1626 11494 9505 375;0
9962;5861 8996 9308 1278 11696 9505 11828;0
9963;11544 2230 11494 11828 10416 3899;0
9964;11544 2230 1607 11494 235 1946 10416;0
9965;11544 11057 2230 11954 11696 9927 983 235 1946;0
9966;8874 1915 11954 5684;0
9967;8874 1915 1181 5684 9569;0
9968;9123 8874 1181 5684 8580 9569;0
9969;4928 8298 10925 4008;0
9970;771 6498 4239;0
9971;6982 8918 6938 67;0
9972;7096 11495 4162 5709 7717 5829 11556 5594 10586 8429 3434;0
9973;9422 1707 9438 3743 6811 5995 8432 8728 8429 7252;0
9974;6688 9310 2084 8087 1424 6620 9887 6110 7252 9245;0
9975;11529 4999 6811 4834 10933 12066 1337 5366 6110 10054 9245 589 5890;0
9976;9510 994 4568 3836 2417 7098 12291;0
9977;8624 994 3836 8836 3780 7098 12291;0
9978;4162 9887;0
9979;106 10871 10054;0
9980;5995 4396 10739 10871;0
9981;4523 5856 3115 7536 2999 8972 1060 6331;0
9982;4791 5424 11275 8972 9085 8324 3216 7230;0
9983;1424 11275 3194 6743 540;0
9984;4791 8532 6331;0
9985;12261 4791 6860;1
9986;4999 2914 4834 7536 9887 12342 6204 5890 540;0
9987;4096 11290 2281 8324 2920 6204;0
9988;4096 979 6743 6331;0
9989;11458 7179;0
9990;12013 101;0
9991;7160 1976;0
9992;7179 6245 12013 3115 7536 1060;1
9993;1707 12013 7160 5829 8972 9085 8324;0
9994;3115 7160 979 11275 6743;0
9995;7317 8086 5466 7756 10553 11397 1611 11099 9757;0
9996;2755 3041 4434 1611 9757;0
9997;10692 2755 12464 7756 10538 7645 1611;0
9998;9023 388 11769 1516 6141 2871 10917 10480;0
9999;11528 1152;0
10000;3028 3551 7481 6605 10945 12483 12440 10109 6327 7026 5966;0
10001;2714 5082 1163 3078;0
10002;11124 7854 9637 10053;0
10003;868 388 7026 10480;0
10004;7179 4008;1
10005;12013 6498;0
10006;7160 11185;0
10007;11124 6881;0
10008;9637 11769;0
10009;11057 4295;0
10010;11185 67;0
10011;11495 6930;0
10012;7317 12261;0
10013;9510 3836 2615;0
10014;8132 994 4931;0
10015;7426 10586;0
10016;11556 8728;0
10017;4568 10933;0
10018;8836 2417;0
10019;3041 10945;0
10020;804 833;0
10021;5054 5830;0
10022;4357 2265;0
10023;6675 39;0
10024;11245 10024;0
10025;5684 10480;0
10026;9600 2194;0
10027;2714 1437;0
10028;5082 5531;0
10029;11124 9800;0
10030;9637 1652;0
10031;11057 9927;0
10032;11954 10480;0
10033;1915 7026;0
10034;388 1181;0
10035;1376 1278 5082;0
10036;1376 1626 11696;0
10037;4295 983;0
10038;1607 11696 9894;0
10039;388 8580;0
10040;6811 6930;0
10041;12225 8432;0
10042;10828 6620;0
10043;724 12066;0
10044;11769 5558;0
10045;9600 9582 10480;0
10046;11769 2714 7026 2075;0
10047;388 4295 5082 132;0
10048;5662 11124 2230;0
10049;1611 7607;0
10050;2085 6881 12440 9582 4104;0
10051;1395 3361 7098 9345 12291;0
10052;1395 3361 7098 12291 3344;0
10053;10847 3361;0
10054;6688 3743 3726 3434;0
10055;4028 11571 1337 1430;0
10056;3836 12291;0
10057;3028 804 7078 7481 10395 12483 12440 6327 7026 5966;0
10058;804 2085;0
10059;5760 4931 2615 7522;0
10060;7481 10917 3804;0
10061;11719 11604;0
10062;9123 10917;0
10063;9023 7711;0
10064;8592 11528;0
10065;5119 11528;0
10066;12440 7645;0
10067;9510 4568;0
10068;8132 8836;0
10069;11495 10586;0
10070;8432 8728;0
10071;6620 7252;0
10072;12066 9245;0
10073;11495 8432 12066 12483 6620;0
10074;7317 10024;0
10075;3041 9757;0
10076;2755 833;0
10077;3041 833 7475;0
10078;9800 11828;0
10079;1652 10416;0
10080;9927 235;0
10081;8513 5547 9927;0
10082;10369 2194;0
10083;1437 375;0
10084;5861 5531;0
10085;5946 11696;0
10086;7051 11696 3899;0
10087;4028 1520 5995 12055 11571 11444 2767;0
10088;8513 6881 4457;0
10089;7481 8513 11769 4295 2714 9600 6881 5082;0
10090;6843 6930;0
10091;8432 12066 6620 2456 6930;0
10092;12464 10553 11397 4434;0
10093;1761 6605 6830 10200 6083;0
10094;1761 11604;0
10095;6384 132 2075 1981;0
10096;10109 5119 1611 9381;0
10097;868 10015 8874;0
10098;6083 11185 3078 12276 10053;0
10099;12117 8429 11456 12342;0
10100;8429 2281;0
10101;10739 6743 8429 6110;0
10102;5054 2999;0
10103;5424 4357;0
10104;6675 3194;0
10105;10688 5546 11528 1152;0
10106;10688 5466 5119 1152;0
10107;868 3028 12440 3965 12276 10053;0
10108;7756 7475;0
10109;1437 1163 2194 5531;0
10110;11245 8388 7475;0
10111;11245 8086 7475;0
10112;1376 9600;0
10113;8298 4931 8143 4417 180;0
10114;998 4704 2615 8541;0
10115;4928 3105 4104;0
10116;3105 4104 4239;0
10117;6982 10725 3105 4104;0
10118;9422 6811 2084 7717 2381;0
10119;5700 5366 11444;0
10120;1520 10054 2767 1430;0
10121;12192 5662 806 8513 11544 4295 5558 6017 12276 10053;0
10122;998 8298 8568 12117 6938 771 5677;0
10123;10298 9023 12192 806 8996 11769 4457 3804 3078 9381;0
10124;8086 1960 8388;0
10125;8132 9510 1516;0
10126;2633 12225 7717 6088;0
10127;9310 12225 8143 4417 180;0
10128;9438 585 4417;0
10129;9422 5162 10828 7544;0
10130;11529 10828 1213;0
10131;8087 4808 4704;0
10132;3921 724 2084 6638;0
10133;5312 4325 4396;0
10134;10015 5546 8388 11397 6083;0
10135;10024 10553 5119 1152;0
10136;8086 5466 12464;0
10137;3551 7481 6605 10945 12483 10725 12440 7026;0
10138;5411 252 1337 2545;0
10139;252 2974 9459 7230;0
10140;2633 12225 6088 5366;0
10141;5162 10828 3434;0
10142;969 1520 5594 2767;0
10143;9503 215 2545;0
10144;5856 215 945;0
10145;4999 8490 4834 5890;0
10146;4028 969 11571 1424 2381 6216;0
10147;12055 8270 11444;0
10148;3921 724 3743 6638;0
10149;8143 4008;0
10150;1213 6498;0
10151;4325 724 5594;0
10152;3921 724 1337 6638;0
10153;8918 67 6638;0
10154;5411 1337 5890;0
10155;6141 11604;0
10156;2714 9505;0
10157;9637 5558 1946;0
10158;7026 9569;0
10159;6384 1152;0
10160;806 6605;0
10161;804 3551;0
10162;1707 252 2974 9459;0
10163;5709 215 945;0
10164;5829 8270 3314;0
10165;12117 10871 11456;0
10166;4162 10054;0
10167;252 2974 8270 3314 9459 2920;0
10168;2914 215 945;0
10169;1761 9381;0
10170;1761 10015;0
10171;7842 1152;0
10172;806 1152;0
10173;10945 2218;0
10174;10847 5760 8429;0
10175;10847 5760 6110;0
10176;6688 6811;0
10177;7756 11696;0
10178;5466 1960 5546 11494;0
10179;1345 12276 10053;0
10180;11200 3078;0
10181;2456 11456;0
10182;12192 2085 6141;0
10183;9803 10395;0
10184;6384 11344 7607;0
10185;10553 11397 10538;0
10186;7842 466;0
10187;6017 9381;0
10188;10688 7475;0
10189;1520 2767 2545;0
10190;4028 5411 11571;0
10191;2633 8143;0
10192;5162 1213;0
10193;4325 8776;0
10194;3921 8776 6638;0
10195;979 3811;0
10196;1424 3811;0
10197;10625 1060 3611;0
10198;12342 3611;0
10199;9085 7420;0
10200;11290 2281 7420;0
10201;8568 1315 5677;0
10202;8568 12483;0
10203;1684 4008 10174;0
10204;4928 180;0
10205;11633 4239;0
10206;10847 12117;0
10207;9438 11571;0
10208;10925 8633 4208 10725;0
10209;2427 8633 4208 10725;0
10210;969 4834;0
10211;2974 2381;0
10212;945 2381 6216;0
10213;3105 1981 9142;0
10214;2075 821;0
10215;8270 3314 3216;0
10216;821 9142;0
10217;1395 5760;0
10218;5662 6881;0
10219;9310 1520;0
10220;5547 9800 1652;0
10221;7854 11057;0
10222;11633 4704 7544;0
10223;6088 4417 180;0
10224;3028 4208 6327;0
10225;1583 3726 6216;0
10226;6843 11185 3965;0
10227;2456 2871 651 6327;0
10228;8513 12276;0
10229;4523 8490;0
10230;8918 8633 4208;0
10231;106 11290;0
10232;10298 4295;0
10233;11633 4704 589;0
10234;4999 12055 11444;0
10235;3921 6982;0
10236;21 2518 2997 4206 1582;0
10237;7346 5328 11335;0
10238;6859 5328 5280 9412;0
10239;12475 5280 2462 7114;0
10240;2582 8922 3446 2923;0
10241;2518 7874 4327 3446 9237;0
10242;5436 7767;0
10243;5313 9462 8557 11844;0
10244;6441 7929 765 6577 450;0
10245;6441 208 765 6577 450;0
10246;6558 8459 2196 1582 7519 12130 1575;0
10247;12389 1297 2663 8459 3850 7519 12130;0
10248;5692 11244 12389 2663 8101 8147 12130;0
10249;448 12064 8459 8101 7808 2131;0
10250;448 4699 8459 10078 7094 7808 2131;0
10251;11244 448 4699 9402 9733 10078 3652 2131 9835;0
10252;8480 8843 9402 8311;0
10253;8480 8843 8311 4403 7650;0
10254;8480 8843 6599 4403 2462 7650;0
10255;2293 6479 9959 1040;0
10256;12003 12346 3322 4250;0
10257;8440 6593 11151 9061;0
10258;11266 9282 5823 9866 8420 3176 6916 4589 11656 9146;0
10259;6848 3438 1845 8680 8420 2112 5028 4356 1059 11844;0
10260;2613 10021 5199 5436 11740 11518 6722 12032 4356 8234;0
10261;5313 7728 7962 8557 7107 5199 3374 6555 539 8494 6722 9576 11844;0
10262;6441 364 6463 3725 7662 8184;0
10263;10187 6441 5907 3725 8184 495;0
10264;11740 6916;0
10265;11976 10873 539;0
10266;1918 10873 2112 6577;0
10267;2532 1261 8230 9138 382 7929 769 3647;0
10268;11830 10393 4914 5831 382 208 709 4894;0
10269;10021 4069 4914 5143 6166;0
10270;10393 7692 769;0
10271;4122 8174 10393;0
10272;1064 7728 11740 6555 7929 4313 8494 8266 5143;0
10273;7134 208 4313 11676 2860 5920;0
10274;1167 6166 769 2860;0
10275;3353 12185;0
10276;578 9301;0
10277;2146 11675;0
10278;3353 8230 9138 7929 1432;0
10279;5823 11675 9301 5831 382 208 1059;0
10280;1167 8230 11675 4914 6166;0
10281;1763 1452 1874 6694 10989 1630 8027 11112 3392;0
10282;9352 8745 8027 11270 3392;0
10283;11995 9352 1874 11070 8922 10162 8027;0
10284;5632 10983 11914 3322;0
10285;1151 4522;0
10286;11734 3807 8058 3822 3068 2932 8326 892 2791 4261;0
10287;10789 10449 6383 373;0
10288;5408 789 2017 1884;0
10289;3807 1889 9986 11340;0
10290;3353 1040;0
10291;9301 3322;0
10292;11675 9354;0
10293;8797 1884;0
10294;5284 789;0
10295;3425 3652;0
10296;8440 9354;0
10297;3353 3780;1
10298;11266 11641;0
10299;8174 11112;0
10300;8897 13 8184;0
10301;2250 3725 495;0
10302;7346 4589;0
10303;9866 5028;0
10304;364 7962;0
10305;5907 6463;0
10306;8745 2791;0
10307;3217 7286;0
10308;2010 5627;0
10309;161 10812;0
10310;6119 611;0
10311;3292 3709;0
10312;8480 1889;0
10313;2808 2196;0
10314;7130 373;0
10315;10789 10557;0
10316;8928 1884;0
10317;7254 789;0
10318;9733 3652;0
10319;9402 1889;0
10320;8311 3807;0
10321;9986 7650;0
10322;10522 10789 8147;0
10323;10522 11244 3850;0
10324;3425 9835;0
10325;11244 7254 7094;0
10326;9665 6599;0
10327;11641 11844;0
10328;6848 4670;0
10329;6964 5202;0
10330;3374 4607;0
10331;5284 10669;0
10332;1889 6485 2196;0
10333;5284 3807 10772 373;0
10334;10789 3425 9986 9580;0
10335;448 1884 6005;0
10336;8027 3752;0
10337;11343 8797 7558 6485 8058;0
10338;6441 765 4767 450;0
10339;6441 765 4068 450;0
10340;765 9860;0
10341;1845 361 9576 11656 8234;0
10342;7107 7767 5937 2904;0
10343;6441 3725 8184;0
10344;3217 10451 11734 3807 8058 3822 3068 6330 4261;0
10345;3217 11343;0
10346;10983 2250 13 10357 7460;0
10347;2703 10197 4261;0
10348;9669 2518;0
10349;2703 2462;0
10350;4793 5280;0
10351;3446 4522;0
10352;7874 4522;0
10353;8922 8058;0
10354;8897 364;0
10355;5907 495;0
10356;11266 4589;0
10357;6848 5028;0
10358;5202 4356;0
10359;3374 6722;0
10360;11266 6848 3374 5202 11734;0
10361;3292 11112;0
10362;8745 3392;0
10363;9352 7286;0
10364;8745 7286 5797;0
10365;8928 8101;0
10366;7254 7808;0
10367;9733 10078;0
10368;2329 9733 6127;0
10369;2808 1582;0
10370;7130 7519;0
10371;12389 10557;0
10372;11244 6558;0
10373;11244 12064 1836;0
10374;4181 9462 10641 2112 7767 2904;0
10375;8797 6127 414;0
10376;5284 10789 8797 3425 6127 2196 373 4261;0
10377;11641 5972;0
10378;6848 3374 5202 10357 11641;0
10379;6694 10989 10162 11270;0
10380;3659 2997 2563 8326 10485 5245;0
10381;9669 2997;0
10382;9580 11837 10772 7145;0
10383;7874 5075 892 8027;0
10384;8843 9598 11340;0
10385;2563 9354 2017 6383 1054;0
10386;8420 12115 8266 6925;0
10387;8420 5920;0
10388;1918 5199 8420 6166;0
10389;1261 5627;0
10390;11830 10812;0
10391;4069 611;0
10392;1229 10759 1151 4522;0
10393;1763 7874 10759 1151;0
10394;986 8058 2017 3068 1054 11340;0
10395;1874 5797;0
10396;10449 2808 7130 10557;0
10397;5797 3533 3709;0
10398;1452 5797 3709;0
10399;10522 2196;0
10400;2293 2250 9033 8173 1051;0
10401;3883 12346 13 11585 7335;0
10402;9959 7558 11189;0
10403;7558 11189 4250;0
10404;7558 6593 11189 9237;0
10405;11329 8680 3176 11518 11844;0
10406;1845 10641 9576 11656 8234;0
10407;4181 9462 539 5937;0
10408;10669 3425 11335 2017 1054 9657 6127 6005 4206 2131;0
10409;2293 12346 8060 11151 5756 5972 6925;0
10410;4793 5710 5284 5075 10197 6383 9657 4206 12130 414;0
10411;1452 3533 12333;0
10412;8897 10983 495;0
10413;4670 3176 5122 9572;0
10414;2613 4670 9033 8173 1051;0
10415;3438 4670 9033 8173 1051;0
10416;6964 2569 8680 2990;0
10417;5313 3883 6964;0
10418;5436 11585 1693;0
10419;8509 4607 5753 11518;0
10420;3431 6577 1146;0
10421;3533 6694 1229 2563 9598;0
10422;3292 7874 10989 1151;0
10423;1763 1452 10162;0
10424;11734 3807 8058 2932 9237 8326 2791 4261;0
10425;7107 4715 2640 3134;0
10426;1964 4894 3134;0
10427;4670 5122 9576 9572;0
10428;6964 2569 2990 11656;0
10429;4181 9462 9282 2510;0
10430;9811 2640 1436;0
10431;2532 1351 1436;0
10432;5016 7728 6555 8494;0
10433;10021 11329 8788 7767 2904 2510;0
10434;8125 10641;0
10435;1845 8509 4607 5753;0
10436;1040 1051;0
10437;3883 3322;0
10438;9282 4607 1146;0
10439;7107 8509 4607 5753;0
10440;8440 5753 9061;0
10441;7107 4715 8494;0
10442;9669 4480;0
10443;2663 373;0
10444;4699 10669 789;0
10445;4403 3807;0
10446;1151 11837;0
10447;8326 9657;0
10448;3217 2932;0
10449;1964 3134 1059;0
10450;1351 9146 1436;0
10451;8125 5823 38;0
10452;10873 12115 6925;0
10453;539 6916;0
10454;8125 1964 11676 3134 38;0
10455;1064 1351 1436;0
10456;2997 5075;0
10457;2997 9598;0
10458;2582 1151;0
10459;1151 9657;0
10460;5245 2791;0
10461;8420 7460 9860;0
10462;5199 7460 9860;0
10463;8234 11844;0
10464;11244 1874;0
10465;1763 8459 1229 12333;0
10466;6859 2017 1054;0
10467;12475 6383;0
10468;10357 12115;0
10469;11343 4480 4206;0
10470;10451 6406;0
10471;21 11837 3752;0
10472;6694 11070 10989;0
10473;2582 10826;0
10474;5075 11335;0
10475;5797 10759;0
10476;4181 9462 2640;0
10477;7767 4715 2904;0
10478;9572 1051;0
10479;3883 2990;0
10480;2948 1146;0
10481;2948 8509 5753;0
10482;3205 1167;0
10483;10021 3205;0
10484;9138 1422;0
10485;11740 1422 8266;0
10486;5831 1403;0
10487;7134 1403 5920;0
10488;8060 5756;0
10489;11734 8060;0
10490;9933 7383 1040;0
10491;9959 8173;0
10492;4250 7335;0
10493;6925 9860;0
10494;3438 2904;0
10495;6479 4327 9237;0
10496;12003 4327 9237;0
10497;6555 2510;0
10498;11329 1964 8788;0
10499;11329 1351 8788;0
10500;11189 10520 7145;0
10501;10390 10772;0
10502;8125 709 38;0
10503;10390 10520;0
10504;7460 450;0
10505;8797 6005;0
10506;4181 2613;0
10507;2329 8928 7254;0
10508;5408 3652;0
10509;2569 11585 7335;0
10510;5122 9033 8173;0
10511;4327 3822 3068;0
10512;361 8788;0
10513;986 9354 5972;0
10514;7383 390 3822;0
10515;1054 6127;0
10516;5016 3647;0
10517;4327 9061;0
10518;7134 11976;0
10519;5710 3425;0
10520;8557 11585 7335;0
10521;7728 10641;0
10522;8509 6593;0
10523;7495 8671 8458 1929 5900;0
10524;1266 2666 11758;0
10525;53 11758 2854 6887;0
10526;10536 1670 7172 6887;0
10527;1697 10497 12499 6995;0
10528;11768 7495 12499 5841 2159;0
10529;6242 8986;0
10530;3091 383 6780 1220;0
10531;10031 11996 8218 11581 4470;0
10532;10031 11996 8218 8859 4470;0
10533;4508 3366 8458 3310 6481 4341 493;0
10534;10631 6374 3310 12087 6481 4769 493;0
10535;4456 1114 10631 9858 4921 12087 493;0
10536;9326 9858 7958 3310 4900 9133;0
10537;8744 7958 6651 3310 4596 4900 9133;0
10538;3751 1114 8744 6651 5013 5040 4900 8999 9133;0
10539;3751 8179 1816 4385;0
10540;7397 8179 1816 7299 4385;0
10541;7397 1816 1670 7299 6730 4385;0
10542;7892 259 194 2036;0
10543;5833 143 10443 6426;0
10544;11097 4111 11653 352;0
10545;8908 222 3924 12007 10937 12360 9302 4516 7849 10167;0
10546;8908 3091 1985 6106 3350 5335 2511 3982 2817 3678;0
10547;11460 1393 6242 7483 332 5335 6228 3457 1926 4604;0
10548;5479 10726 3091 5716 8546 12209 3457 2430 6780 5712 8948 4604 1220;0
10549;10031 8237 5919 4845 20 10332;0
10550;10031 10000 8237 5919 5974 1562;0
10551;7483 9302;0
10552;5267 3593 5712;0
10553;3350 3424 3593 8218;0
10554;571 11856 8493 10297 5416 11216 4173 11581;0
10555;571 9804 4994 3185 5508 11160 7027 8859;0
10556;4994 2188 6228 8690 11597;0
10557;5508 323 11745;0
10558;10777 7003 5508;0
10559;10726 7483 8546 4225 2188 12209 12373 11581 10867;0
10560;2356 6953 2209 12373 8859 1525;0
10561;4089 2209 323 11597;0
10562;6999 11368;0
10563;5322 3643;0
10564;4861 8028;0
10565;10726 10297 8546 12209 11216 11581 11368 3643 10167;0
10566;571 12007 11160 8859 2817 3643 8028;0
10567;10297 4994 4089 11597 8028;0
10568;4118 12386 3279 7031 5287 2212 3486 2686 174;0
10569;73 8871 8931 3486 174;0
10570;12027 12386 9440 8931 4929 174 6995;0
10571;7637 143 9843 11496;0
10572;12392 7277;0
10573;11895 8281 9664 9276 2612 9549 9746 1839 12420 8339;0
10574;864 11293 8877 3716;0
10575;3552 4285 3070 4868;0
10576;9549 6397 4205 3154;0
10577;7892 11368;0
10578;143 3643;0
10579;6136 8028;0
10580;9393 4868;0
10581;2655 4285;0
10582;5166 8999;0
10583;11097 6136;0
10584;10187 11368;0
10585;12360 130;0
10586;10777 5287;0
10587;2299 8237 10379;0
10588;5919 7171 11450;0
10589;3924 2666;0
10590;10937 2511;0
10591;2430 10332;0
10592;4845 1562;0
10593;11895 73;0
10594;6989 5619;0
10595;2188 7265;0
10596;9763 12373;0
10597;4120 2779;0
10598;2253 6086;0
10599;4205 4385;0
10600;4508 752;0
10601;4771 8877;0
10602;11293 4070;0
10603;10749 4868;0
10604;614 4285;0
10605;5013 8999;0
10606;3751 4205;0
10607;8179 9549;0
10608;7397 6397;0
10609;11293 5789 4921;0
10610;1114 5789 6374;0
10611;5166 5040;0
10612;1114 4596 11770;0
10613;6397 6730;0
10614;3091 130;0
10615;1985 9979;0
10616;1393 3066;0
10617;5716 801;0
10618;10009 2655;0
10619;4508 2946 4205;0
10620;2655 8877 5260 9549;0
10621;11293 7580 5166 6397;0
10622;6767 4868 9133;0
10623;11595 174;0
10624;1392 9393 310 2946 1839;0
10625;10031 1791 11996 4470;0
10626;10031 11996 11947 4470;0
10627;11996 1161;0
10628;5479 11460 3982 6247 7849;0
10629;8986 8948 3834 5671;0
10630;10031 8237 5919;0
10631;8281 9664 6989 2612 9549 1548 1839 11950 8339;0
10632;1392 6989;0
10633;7637 1485 10379 11450 10675;0
10634;1571 8128 9664;0
10635;7495 10118;0
10636;1571 1670;0
10637;6887 952;0
10638;12392 12499;0
10639;12392 11768;0
10640;1839 6995;0
10641;2299 10332;0
10642;1562 7171;0
10643;3924 12360;0
10644;1985 2511;0
10645;1393 5335;0
10646;5716 3457;0
10647;1393 1985 5716 12360 2612;0
10648;2253 5287;0
10649;73 3486;0
10650;5619 8931;0
10651;1249 5619 73;0
10652;9858 10749;0
10653;7958 614;0
10654;6651 5013;0
10655;11093 1078 5013;0
10656;8458 752;0
10657;4771 6481;0
10658;12087 4070;0
10659;3366 1114;0
10660;9326 1114 1526;0
10661;11610 8986 383 3350 504 5671;0
10662;11093 9393 10131;0
10663;11093 4508 2655 11293 8877 9664 5166 9393;0
10664;130 7787;0
10665;1393 1985 5716 130 1485;0
10666;3279 9440 8871 2212;0
10667;5156 4109 9276 11867 8671 7661;0
10668;8671 10118;0
10669;6760 7580 7250 5260;0
10670;11768 8573 12420 174;0
10671;1816 5832 3154;0
10672;864 6136 11867 3070 7451;0
10673;8908 7323 963 10867;0
10674;8908 2356;0
10675;8908 3424 4604 11597;0
10676;7265 5416;0
10677;9763 3185;0
10678;2779 8690;0
10679;3616 12392 10219 7277;0
10680;3616 4118 11768 7277;0
10681;2436 5775 8339;0
10682;1249 12386;0
10683;4771 3716 752 4070;0
10684;1249 6086 6775;0
10685;1249 7031 6086;0
10686;4508 5789;0
10687;6267 3579 2036 11450;0
10688;12300 1586 6426 10379;0
10689;194 310 4939;0
10690;310 4939 10443;0
10691;310 352 4939 2159;0
10692;222 3091 6106 332 9022;0
10693;5479 11460 3982 504 7849;0
10694;11610 383 5712 3834;0
10695;11093 10009 1266 5166 5900 7508 3070 6767 4900 7451;0
10696;11653 7323 470 2036 11106 6426 7787;0
10697;8128 864 2655 4280 10131 8573 5900 7508 952 493;0
10698;7031 9723 6775;0
10699;2299 7637 7171;0
10700;222 6048 9979 7168;0
10701;4691 3579 1926;0
10702;6267 9979 3579 3678;0
10703;8479 6106 3066 9019;0
10704;3066 12300 1220;0
10705;6242 3066 12300 1586;0
10706;332 801 10324 11023;0
10707;6609 11653 8218 2009;0
10708;11867 3279 10219 6775 5832;0
10709;11768 2253 7277 2212;0
10710;4118 7031 9440;0
10711;11895 9664 9276 2612 9549 9746 1839 2159;0
10712;357 10413 8948 7198;0
10713;9804 5976 7198;0
10714;5479 6048 9979 7168;0
10715;8479 3066 9019 7849;0
10716;11610 6206 383 4516;0
10717;7227 10413 4516;0
10718;7227 8493 4180;0
10719;10726 8546 6592 12209;0
10720;8986 6206 9022 6228 8349 5671;0
10721;6206 1896 504;0
10722;801 3982 10324 11023;0
10723;7892 6267;0
10724;143 12300;0
10725;6609 801 4516;0
10726;801 10324 8948 11023;0
10727;11097 4111 11023;0
10728;10726 357 8948;0
10729;12111 10118;0
10730;8877 10631;0
10731;10009 8744 4285;0
10732;7299 9549;0
10733;7250 7277;0
10734;9276 7508;0
10735;6989 9746;0
10736;5976 2817 7198;0
10737;7227 4180 10167;0
10738;1896 12007;0
10739;3593 7323 963;0
10740;9302 5712;0
10741;1896 5976 7198 1525;0
10742;7227 4225 4180;0
10743;8671 8573;0
10744;8671 5832;0
10745;1697 7277;0
10746;7277 7508;0
10747;11895 4109;0
10748;8908 1161 10675;0
10749;4604 1161 10675;0
10750;11460 3091;0
10751;1114 12386;0
10752;4118 9723 10219 3310;0
10753;2854 3070 7451;0
10754;864 7172;0
10755;1485 963;0
10756;1392 12111 5900;0
10757;9100 11950;0
10758;11595 7250 1929;0
10759;12027 3279 2212;0
10760;1697 1849;0
10761;1266 8573;0
10762;3616 1249;0
10763;11610 383 10413;0
10764;8986 357 5671;0
10765;6048 6267;0
10766;8479 12300;0
10767;12080 6609;0
10768;12080 10324 11023;0
10769;6361 4089;0
10770;6361 6228;0
10771;11216 6642;0
10772;7483 6642 10867;0
10773;10542 11160;0
10774;2356 6953 10542;0
10775;470 11106;0
10776;2612 11106;0
10777;4280 10131 1133;0
10778;259 194 3579;0
10779;5833 10443 1586;0
10780;7323 1161;0
10781;3678 5671;0
10782;259 5841 2159;0
10783;5833 5841 2159;0
10784;6206 8546;0
10785;9022 5976 8349;0
10786;9022 4180 8349;0
10787;6760 12431 4939;0
10788;5260 4135;0
10789;1896 7027;0
10790;4135 12431;0
10791;10675 4470;0
10792;9393 6767;0
10793;11610 1926;0
10794;1078 614 10749;0
10795;3552 8999;0
10796;9019 1586;0
10797;7168 3579;0
10798;8281 5841 8339;0
10799;6247 8349;0
10800;3242 5775 7787;0
10801;8281 11496 1133 1485 10750;0
10802;11093 7451;0
10803;11856 6592;0
10804;4111 5841;0
10805;5267 6953;0
10806;5166 4280;0
10807;6780 1586;0
10808;12209 504;0
10809;352 10324;0
10810;8581 12231 1655 8864 10468;0
10811;1724 933 11665;0
10812;11711 11611 10199 11665;0
10813;6751 11711 9259 10858;0
10814;2438 3429 8900 10796;0
10815;8864 9627 5038 1494 10796;0
10816;4588 8129;0
10817;1813 11509 8875 8240;0
10818;11222 9604 3464 3412 5898;0
10819;11222 9604 3464 3412 4247;0
10820;5030 8941 9480 10468 418 5485 8135;0
10821;7433 8941 10017 6621 5485 418 11083;0
10822;9827 8941 11157 11361 10017 11083 12180;0
10823;4266 11396 6428 11157 6924 5485;0
10824;11396 6428 2206 6924 11307 1855 5485;0
10825;12023 11396 11706 6428 11361 356 11307 7510 1855;0
10826;12023 1935 8925 5535;0
10827;1935 6911 8925 5535 9993;0
10828;6911 8925 5535 10858 8363 9993;0
10829;9671 5000 6320 4658;0
10830;3923 11079 12166 7022;0
10831;6812 6662 6178 105;0
10832;7262 4191 5541 7447 5510 3232 6229 8214 1878 3281;0
10833;1625 12093 2160 10027 3583 8875 5071 8286 7921 8214;0
10834;1625 8861 9150 1342 8129 1463 6402 7528 8804 6159;0
10835;5707 11509 1342 8875 11884 8240 2108 236 6400 5100 2175 6159 9964;0
10836;11222 9041 9926 7344 1534 2216;0
10837;2590 11222 3175 9452 9926 2216;0
10838;4191 8804;0
10839;743 10735 9964;0
10840;10380 5071 3464 10735;0
10841;213 6218 671 9038 1027 2891 5898 10877;0
10842;4721 7141 530 5881 11333 1027 4247 12089;0
10843;10982 1463 4090 6618 12089;0
10844;9702 7324 4142;0
10845;12427 9702 3018;0
10846;5707 10982 10730 1768 2108 6400 8804 12178 5898;0
10847;10730 9255 8293 1956 4247 3049;0
10848;9255 7324 10774 6618;0
10849;12367 5921;0
10850;8442 6418;0
10851;11243 6653;0
10852;5707 8442 5541 5921 2108 2891 6400 5898 10877;0
10853;4721 8442 2160 6653 5510 1027 4247;0
10854;6653 2891 10774 6618 12089;0
10855;5463 3037 10387 9625 11459 1347 9779 2027 6130;0
10856;3037 2748 303 10387 3333;0
10857;2438 3037 12222 303 8201 6130 7759;0
10858;10340 8059 1546 631 6153 9158 12121 10561;0
10859;7305 813;0
10860;7901 4803 3676 5592 2907 5148 11967 4660 3127 8151;0
10861;6511 2386 5432 1556;0
10862;8004 11578 9687 5227;0
10863;10340 5592 1546 6058;0
10864;5921 4658;0
10865;8442 7022;0
10866;6653 11008;0
10867;11578 5774;0
10868;9687 9158;0
10869;11706 1439;0
10870;11008 105;0
10871;10000 5921;0
10872;7262 6976;0
10873;5463 3018;0
10874;10155 2704 2216;0
10875;8009 9608 9926;0
10876;933 1878;0
10877;12093 3232;0
10878;7344 2175;0
10879;9452 1534;0
10880;2748 11967;0
10881;896 12109;0
10882;10982 5099;0
10883;10730 9535;0
10884;693 1837;0
10885;11039 10102;0
10886;10340 5535;0
10887;9480 2273;0
10888;2386 1183;0
10889;1556 5656;0
10890;11578 11724;0
10891;9687 2312;0
10892;11706 11939;0
10893;10340 12023;0
10894;5592 1935;0
10895;1546 6911;0
10896;3938 1556 12180;0
10897;3938 11361 6621;0
10898;1439 356;0
10899;11805 2206 11361;0
10900;1546 8363;0
10901;8875 6976;0
10902;11176 8286;0
10903;10898 6402;0
10904;391 11884;0
10905;9158 4633;0
10906;10340 9480 1500;0
10907;5592 1127 2386 9158;0
10908;1546 1556 1439 4664;0
10909;11578 3067 6428;0
10910;3037 10127;0
10911;7901 6182 3957 5774 1500;0
10912;11222 9604 3412 9003;0
10913;11222 3191 9604 3412;0
10914;6564 3412;0
10915;8861 3583 4592 5100 3281;0
10916;1496 4588 4219 236;0
10917;11222 9926 2216;0
10918;7901 5592 490 3127 12109 11555 8151;0
10919;6182 12109;0
10920;2704 9608 2955 3098 12121;0
10921;3127 10561 3526;0
10922;8864 11485;0
10923;10858 10561;0
10924;11711 8059;0
10925;7305 10796;0
10926;7305 5038;0
10927;7901 2438;0
10928;10155 7344;0
10929;8009 9452;0
10930;7262 1878;0
10931;12093 8286;0
10932;1625 6402;0
10933;1342 11884;0
10934;7262 8286 11884 6402 8151;0
10935;5463 10102;0
10936;2748 10387;0
10937;303 896;0
10938;2748 896 6856;0
10939;11724 11157;0
10940;2312 6924;0
10941;11939 11307;0
10942;839 2815 11939;0
10943;10468 2273;0
10944;1183 418;0
10945;11083 5656;0
10946;5030 11361;0
10947;4266 2127 11361;0
10948;1813 4588 5071 9748 4219 7384;0
10949;839 3403 5774;0
10950;2386 3127 839 9480 9158 1556 1439 5774;0
10951;8964 6976;0
10952;8286 11884 6402 3098 6976;0
10953;12222 9625 11459 3333;0
10954;1655 8779 854 4660 2023 8833;0
10955;1655 11485;0
10956;10164 7000 1127 4664;0
10957;7353 4803 3037 5038;0
10958;9822 6058 8925;0
10959;8004 8779 6511 7970 11008;0
10960;5591 6956 8214 12178;0
10961;8214 1956;0
10962;10380 6618 8214 6159;0
10963;671 5099;0
10964;5881 9535;0
10965;4090 1837;0
10966;7305 813 6858 10398;0
10967;813 6858 2027 5038;0
10968;7901 8004 2907 1253 6058 7970;0
10969;6856 6130;0
10970;5432 1183 2273 5656;0
10971;11039 6856 699;0
10972;11039 6856 1347;0
10973;9480 3938;0
10974;9671 9952 9608 7973;0
10975;11079 2704 4283 185;0
10976;11268 5000 3957;0
10977;11268 3923 3957;0
10978;11268 6812 9627 3957;0
10979;8875 7447 7921 7528 2986;0
10980;8861 3583 5100 7384 3281;0
10981;1813 1496 9748 9964;0
10982;1724 8004 12231 7970 1405 3067 11396 839 1439 4633;0
10983;9671 11079 1549 6956 1076 6662 8964;0
10984;7353 8059 12231 6511 1405 8941 5944 9158 3403 3526;0
10985;11041 1347 699;0
10986;8009 10155 12121;0
10987;11176 12118 7447 1948;0
10988;9952 9150 11176 7973;0
10989;9952 11176 10027 7973;0
10990;10898 7921 10227 3805;0
10991;11509 10898 185;0
10992;8129 4283 10898 185;0
10993;391 11849 7528 6311;0
10994;12426 3464 140;0
10995;8779 9822 11459 10398 699;0
10996;813 10102 9625 5038;0
10997;12222 1347 2027;0
10998;7901 5592 5148 11967 4660 3127 9627 8151;0
10999;12347 10502 304 236;0
11000;7141 304 11287;0
11001;11176 12118 1948 5100;0
11002;10898 10227 3805 3281;0
11003;1813 1541 9748 6229;0
11004;12347 321 5401;0
11005;6218 321 10676;0
11006;5707 8543 2108 6400;0
11007;1919 4588 1541 1463 4219 2986;0
11008;1541 8329 7384;0
11009;391 3583 11849 6311;0
11010;7973 4658;0
11011;185 7022;0
11012;391 140 6229;0
11013;391 11849 236 6311;0
11014;6178 105 6311;0
11015;5707 10502 236;0
11016;6153 11485;0
11017;2386 10017;0
11018;9687 4633 1855;0
11019;5592 9993;0
11020;813 7000;0
11021;1405 4660;0
11022;5148 12109;0
11023;2160 304 11287;0
11024;5541 321 10676;0
11025;5510 8329;0
11026;5591 6956 10735;0
11027;4191 9964;0
11028;304 8329 11287 3049;0
11029;1768 321 10676;0
11030;7353 1655;0
11031;1655 9822;0
11032;813 8900;0
11033;813 1405;0
11034;11967 2023;0
11035;6564 2955 8214;0
11036;6564 2955 6159;0
11037;8861 8875;0
11038;11361 6130;0
11039;11041 2027 10398 5485;0
11040;8004 7970 10199;0
11041;6511 9259;0
11042;5591 3098;0
11043;12231 6182 6153;0
11044;3990 11555;0
11045;8581 7000 10127;0
11046;9625 11459 7759;0
11047;11811 8900;0
11048;7353 1724;0
11049;6858 6856;0
11050;1813 12347 9748;0
11051;4588 10502 4219;0
11052;7973 12118;0
11053;185 10227;0
11054;140 4942;0
11055;11849 4942 6311;0
11056;10774 2637;0
11057;1463 2637;0
11058;2536 10877;0
11059;2536 8804 12178;0
11060;4721 4416;0
11061;4416 8293 1956;0
11062;1549 1076;0
11063;1076 8151;0
11064;7572 5944 4658 3403;0
11065;5000 9952 6320;0
11066;3923 4283 12166;0
11067;6956 6564;0
11068;10027 4219;0
11069;6320 9627 1494;0
11070;12166 9627 1494;0
11071;1541 2108;0
11072;1919 2986 11287;0
11073;1919 2986 10676;0
11074;10164 11268 5323;0
11075;10613 1127;0
11076;530 8329;0
11077;10613 5323;0
11078;9604 2955;0
11079;3067 5774;0
11080;9150 9748;0
11081;11724 2312 2815;0
11082;11706 5227;0
11083;4283 3805;0
11084;9952 1948;0
11085;3676 2907 1494;0
11086;1919 4592;0
11087;1253 8964 11008;0
11088;11712 3676 7572 631 3098;0
11089;7970 839;0
11090;8543 213;0
11091;6178 1494;0
11092;743 8293;0
11093;5944 1439;0
11094;4283 8240;0
11095;6400 7384;0
11096;6812 11849;0
11097;12217 11386 1824 5539 4629;0
11098;6073 4380 6979;0
11099;6613 1387 10397 6979;0
11100;2065 10397 11141 2193;0
11101;12413 12341 5891 711;0
11102;7257 6955 5581 711 4629;0
11103;10036 10539;0
11104;10424 746 1590 11538;0
11105;12079 11660 5840 10074 11942;0
11106;12079 9395 5840 10074 11942;0
11107;403 11386 3794 1912 11354 3575 985;0
11108;2693 4787 3794 8097 1912 985 6194;0
11109;4575 4676 8097 1912 10415 6194 5308;0
11110;3452 11809 9075 1182 985 5308;0
11111;8650 4156 4334 3452 11809 1182 985;0
11112;8650 10897 4156 8733 8791 11809 1182 6829 10415;0
11113;992 3693 6829 5352;0
11114;6348 992 3693 5352 3479;0
11115;6348 992 3799 3693 11141 3479;0
11116;1963 7417 4454;0
11117;5257 8197 599 1800;0
11118;11998 1124 11679 8579;0
11119;11366 8705 4802 11281 168 461 8696 1138 5667 11615;0
11120;11366 63 5494 4525 634 6035 1590 7183 5300 2292;0
11121;5626 1757 63 11228 10539 10285 7793 4559 6773 2439;0
11122;5626 5877 11520 10424 598 1025 667 1590 11538 991 10911 10062 2439;0
11123;10768 12210 10074 3861 2558 5399;0
11124;2670 2117 10074 2558 8851 5399;0
11125;1757 5667;0
11126;5877 9294 255;0
11127;11709 11942 7183 255;0
11128;11660 12406 4703 9434 8866 9532 144 11261;0
11129;8707 2149 9395 5689 11594 9175 2978 9532;0
11130;8524 2978 7700 6773 10242;0
11131;10827 10239 11594;0
11132;1958 5387 11594;0
11133;1757 11660 11520 7644 4058 991 33 10062 10242;0
11134;11086 9395 10142 10849 10844 33;0
11135;10827 11086 8524 4532;0
11136;603 3855;0
11137;1718 4781;0
11138;1755 3944;0
11139;11660 11520 603 11281 4781 473 991 11261 10062;0
11140;8707 9395 4525 3944 4781 9532 8696;0
11141;8524 4703 3944 2978 4532;0
11142;2232 5456 12411 8604 635 6095 11103 3402 9192;0
11143;5456 8533 635 4993 10842;0
11144;5456 4993 5891 10863 7898 7762 9192;0
11145;127 8605 8992 599;0
11146;4570 12447;0
11147;10475 10698 778 11125 7820 4904 8841 847 5039 7212;0
11148;5732 3765 8040 7627;0
11149;5277 3421 4148 7047;0
11150;5347 8444 778 3465;0
11151;603 10249;0
11152;4781 599;0
11153;3944 5014;0
11154;11173 5277;0
11155;3421 10944;0
11156;8791 6915;0
11157;1124 5014;0
11158;2590 603;0
11159;168 3912;0
11160;8604 5387;0
11161;9802 10179 5399;0
11162;12035 7367 2558;0
11163;4380 1138;0
11164;8705 2292;0
11165;10768 1025;0
11166;2670 3861;0
11167;5039 10842;0
11168;2454 6696;0
11169;2836 10242;0
11170;4705 6494;0
11171;4087 12072;0
11172;2514 11634;0
11173;5347 992;0
11174;11354 10967;0
11175;4422 3765;0
11176;9243 8040;0
11177;5277 4890;0
11178;3421 4634;0
11179;8791 6939;0
11180;5347 6829;0
11181;778 5352;0
11182;3465 3479;0
11183;4676 7738 8040;0
11184;2693 7738 10415;0
11185;8733 6915;0
11186;4334 10415 4634;0
11187;7886 3799;0
11188;1590 3912;0
11189;5494 897;0
11190;10285 12339;0
11191;667 2314;0
11192;6921 10944;0
11193;5347 11354 3854;0
11194;6608 778 3765 10944;0
11195;3465 8040 6883 6915;0
11196;5277 11809 8272;0
11197;5456 2585;0
11198;9749 11173 11125 8559 3854;0
11199;12079 2040 5840 10074;0
11200;12079 1322 5840 10074 6919;0
11201;12079 2711;0
11202;598 4802 7793 10066 5300;0
11203;10036 5086 10911 1631;0
11204;10074 2558 5399;0
11205;3396 10475 778 11125 7820 4904 7212 6696 1397;0
11206;8559 6696;0
11207;3 9739 8605 7367 9802;0
11208;7608 12454 7212;0
11209;6869 4629;0
11210;12454 11141;0
11211;7015 10397;0
11212;12447 711;0
11213;7257 12447;0
11214;11125 5891;0
11215;10768 10179;0
11216;12035 2670;0
11217;168 1138;0
11218;5494 2292;0
11219;63 10285;0
11220;5626 667;0
11221;10475 5494 667 10285 168;0
11222;8604 11634;0
11223;635 10842;0
11224;2454 4993;0
11225;2454 9603 10842;0
11226;4890 5308;0
11227;3452 4634;0
11228;8650 6939;0
11229;2802 11896 6939;0
11230;11386 10967;0
11231;4422 3794;0
11232;9243 8097;0
11233;3575 10415;0
11234;2089 9075 10415;0
11235;354 10036 7491 746 5086 7183;0
11236;11173 11796 2802;0
11237;11173 2802 11354 3765 7212 10944 8040 6915;0
11238;1659 3912;0
11239;3 5494 667 10285 3912;0
11240;2232 12411 8533 7762;0
11241;7499 12217 9110 847 4346 12470;0
11242;12217 6869;0
11243;6608 3384 2963 6883;0
11244;10698 8301 7257 5456;0
11245;8444 6370 3693;0
11246;5732 11549 12470 5014 7047;0
11247;11366 3221 7644;0
11248;11366 10142;0
11249;11366 11709 8524 2439;0
11250;9434 2836;0
11251;9175 6494;0
11252;7700 12072;0
11253;3342 4570 128 12447;0
11254;7257 4570 128 11103;0
11255;8444 11125 10235 4904 11549 7047;0
11256;9603 9192;0
11257;4422 9243 7627 10967;0
11258;2514 9300 9603;0
11259;2514 9603 3402;0
11260;7738 11354;0
11261;3448 2583 7417 7367;0
11262;9634 8197 9802 6782;0
11263;9749 9005 2742;0
11264;9749 9005 5257;0
11265;9749 9005 5581 11998;0
11266;6035 461 1590 4559 5954;0
11267;354 598 4802 7793 5300;0
11268;5877 7491 746 1631;0
11269;6073 1824 11549 4581 2802 6921 8272 1182 6915 7047;0
11270;1659 9129 7417 7236 9785 8197 8579;0
11271;7608 5732 8301 11796 1824 4581 1912 7015 10944 2350;0
11272;9300 1650 3402;0
11273;12035 8605 10179;0
11274;4277 6303 897 461;0
11275;3448 2583 11228 897;0
11276;3448 2583 634 897;0
11277;6035 4859 7001 12339;0
11278;10424 6782 12339;0
11279;10539 9634 6782 12339;0
11280;9494 4559 2314 565;0
11281;4548 11942 468;0
11282;3342 9300 12411 6370 12470;0
11283;7257 2232 4570 11634;0
11284;11103 3402 7762;0
11285;10475 778 5581 11125 8841 847 5039 7212;0
11286;6149 6257 8977 10911;0
11287;1145 2149 8977;0
11288;4277 6303 598 897;0
11289;4802 4859 7001 12339;0
11290;7491 746 4730 11615;0
11291;1787 10562;0
11292;3586 12406 10562;0
11293;11520 2285 991 10062;0
11294;11735 10036 5086 4730 6773 5954;0
11295;354 4730 7273;0
11296;9494 2314 5300 565;0
11297;3448 10249;0
11298;6782 599;0
11299;4548 2314 11615;0
11300;9494 10911 2314 565;0
11301;9494 1124 11679;0
11302;11520 6257 10911;0
11303;6869 245;0
11304;3765 6194;0
11305;4156 3421 6921;0
11306;6348 778;0
11307;4570 2963;0
11308;4581 847;0
11309;8841 6696;0
11310;1145 4525 8977;0
11311;3586 11281 10562;0
11312;8696 7273;0
11313;9785 9286 255;0
11314;5877 5667;0
11315;1145 10849 8977 7273;0
11316;3586 10562 4058;0
11317;8301 12217;0
11318;12217 6370;0
11319;4570 12341;0
11320;4570 4581;0
11321;5039 4346;0
11322;11366 9739 2711;0
11323;9739 2711 2439;0
11324;7793 1590;0
11325;10415 9192;0
11326;3342 1650 985 11103;0
11327;11549 1387 7047;0
11328;5732 2193;0
11329;3 9286;0
11330;1824 8559 245;0
11331;5728 1397;0
11332;2585 2963 5539;0
11333;2232 12411 7898;0
11334;110 12341;0
11335;6073 8301;0
11336;128 9603;0
11337;6149 7491 746;0
11338;10036 6257 5086;0
11339;3448 6303;0
11340;4859 6782;0
11341;4548 8823;0
11342;9494 8823 565;0
11343;4532 8959;0
11344;6773 8959;0
11345;10606 11261;0
11346;10606 1757 7644;0
11347;8707 7303;0
11348;7303 10142 10844;0
11349;9129 7236;0
11350;10475 7236;0
11351;3299 11796 9680 2350 10249;0
11352;2742 2583 4454;0
11353;5257 9634 1800;0
11354;9785 2711;0
11355;634 5086;0
11356;6955 5581 4454;0
11357;6955 5581 1800;0
11358;4730 991;0
11359;1145 11735 5954;0
11360;11735 3586 5954;0
11361;9005 3384 8517;0
11362;6608 192;0
11363;5689 7273;0
11364;192 8517;0
11365;9739 5840;0
11366;11173 8272;0
11367;11228 7491;0
11368;4890 11896 4634;0
11369;8791 4148;0
11370;9634 7001;0
11371;4277 2583;0
11372;6955 7820 4904;0
11373;11735 10066;0
11374;1659 10235 5014;0
11375;7820 9680 8992;0
11376;11549 2802;0
11377;2285 8866;0
11378;6955 11679;0
11379;9294 10844;0
11380;2350 6915;0
11381;9634 11538;0
11382;354 10062;0
11383;11998 565;0
11384;11047 7844 6486 11622 4147 12152 9764 10946 8882 12438 3367 3273 136 2665 1479 11250 11168 5211 7018 3558 465 9861 7197;0
11385;4573 4264 6699 5688 1676 5800 315 8215 176 5211 4901;0
11386;5688 1969 5815 10866;0
11387;9131 1410 2627 5737 1505 6793 2964;0
11388;7155 7434 8005 5110 8283 4130 4540 4971 8973 1209 11917 12207 3233 10360 2114 8858 6222 6260 9743 574 11623 7330 3968;0
11389;9852 8120 4384 2091 5110 2254 5561 2092 5373 135 8595 11442 3139 3083 10048 3853 852 1460;0
11390;4573 4384 5246;0
11391;6806 11066 4404 5551 10776 11536 3096;0
11392;1012 7845 5246 7552 9194 6084 4200 918 6217 3218 840;0
11393;5758 4269 3117 10593 14 12498 11540 4238 7652 7238 2294;0
11394;11540 3544;0
11395;10576 8718 81 8411 6815 2142 9024 5586 6626 11339 45 6571 6845 4507 10920;0
11396;9024 3669;0
11397;10433 2777 9172 3683 61;0
11398;4483 6381;0
11399;5562 755;0
11400;1210 8471;0
11401;9443 4674;0
11402;807 11953;0
11403;4013 728;0
11404;5938 5896;0
11405;5068 7093;0
11406;807 2245;0
11407;8220 7511;0
11408;8048 7754 7511;0
11409;9793 8185 7516;0
11410;4129 12147;0
11411;1663 1694 9819;0
11412;5068 12147;0
11413;10341 7584 5936;0
11414;57 6132;0
11415;1134 7584 10329;0
11416;807 1243;0
11417;5450 865 7310;0
11418;10145 4483 1858;0
11419;9626 9319;0
11420;7110 1817 7773 11135 8794 9418;0
11421;8072 1325 5717 6483;0
11422;8435 7387 3935 11035;0
11423;2902 11979;0
11424;8921 2603;0
11425;9711 307 6409 8664;0
11426;1260 6483;0
11427;11799 6483;0
11428;5703 6483;0
11429;12318 7660;0
11430;10959 10070;0
11431;1643 7100;0
11432;10136 9000;0
11433;10341 12134;0
11434;10341 2345 207 5381;0
11435;10869 5381;0
11436;2600 12434;0
11437;3220 10329;0
11438;4794 4054 3030 2256 9980 11135 3050 10128 943 59 4105 4758;0
11439;2902 3635 12318 10959;0
11440;12054 8191;0
11441;9291 11342 10905;0
11442;11671 9307 11912 9319 10058 5026;0
11443;3501 1010 7400;0
11444;7360 7799;0
11445;4970 12216;0
11446;12216 12147;0
11447;10216 4013 2705 8330 11423 2474 10082 6381;0
11448;12458 6015 8915 7739 10640 7235 187 5896;0
11449;9053 3416 10033;0
11450;2368 7117 2768;0
11451;8017 4794 4371 11126 3351 2429 2256 11394 2443;0
11452;4794 4371 11126 3351 2429 2256 11394 2443 3606;0
11453;10341 11441;0
11454;5450 8651;0
11455;9365 7093;0
11456;7729 8575 576;0
11457;10341 8651;0
11458;2210 576;0
11459;10341 4381;0
11460;11891 3863 4265 1728;0
11461;10099 1134 12054 10447;0
11462;4483 4381;0
11463;6686 4371 10869 7431 11126 3351 2429 11671 9307 11868 11394 2443 9288 8631 9531 5026;0
11464;9793 501;0
11465;6409 12382;0
11466;959 8664;0
11467;2600 5450 10460 8471 10995 6415 2282;0
11468;9711 8662;0
11469;4483 293 10350 11912 2607 9365 755;0
11470;4896 1694;0
11471;3935 4500;0
11472;11035 4805;0
11473;807 2011;0
11474;5715 334;0
11475;7387 8944;0
11476;5068 6028;0
11477;10426 10117;0
11478;3057 10660;0
11479;10045 9809 7446 2210 11132 1743;0
11480;2210 12216;0
11481;4718 458;0
11482;4870 458;0
11483;4870 4292;0
11484;8827 4292;0
11485;8827 5412;0
11486;5412 3157;0
11487;8700 3157;0
11488;11710 8700;0
11489;10771 11710;0
11490;10771 2408;0
11491;2408 3220;0
11492;10869 10426 12318;0
11493;7431 10959 10660;0
11494;2902 9443 11868;0
11495;7431 10869 6409 3935 3869;0
11496;7431 11868 11035 9000 8664 8146;0
11497;9711 7387 10508 3179 11868;0
11498;12404 4265 567 6971 9768;0
11499;8846 567 2821 7185 6971 9768;0
11500;277 5971 2144 10494 11324 543 10261 4941 551 4653 2676 11760;0
11501;9918 7914 5488 8123 3236 3052 7279 867 7090 8116 1806;0
11502;807 4420;0
11503;3979 4644;0
11504;6203 7011;0
11505;11005 5483;0
11506;11953 2821;0
11507;2245 6971;0
11508;1243 7185;0
11509;2011 9768;0
11510;7093 10058;0
11511;7282 6721 8291 207 5209 12033;0
11512;2845 334;0
11513;11891 1037;0
11514;5440 576;0
11515;3863 4737;0
11516;1871 576;0
11517;12216 1305;0
11518;2210 1325;0
11519;12147 5717;0
11520;10341 207;0
11521;10869 10447;0
11522;7431 347;0
11523;11868 5936;0
11524;5697 2474;0
11525;8063 7235;0
11526;7739 1714;0
11527;1714 11790;0
11528;11423 6850;0
11529;7523 10082;0
11530;10640 4707;0
11531;6721 7739 11790 187 12344;0
11532;4297 10216;0
11533;187 10486;0
11534;4297 40;0
11535;12344 10486;0
11536;4746 9288;0
11537;9288 5026;0
11538;7235 6813;0
11539;11096 10082;0
11540;10216 2705 5209;0
11541;2705 2664;0
11542;4746 2664;0
11543;4371 10082 40;0
11544;3351 2429 9307;0
11545;4371 11126;0
11546;8915 6040;0
11547;12458 9307 9531;0
11548;3351 2256 9531;0
11549;2474 9531;0
11550;11671 9531;0
11551;11383 3249 84;0
11552;10640 9307 12344 5026;0
11553;12458 6015 10640 11790 7235 12344;0
11554;4746 8330 2474 10082 40;0
11555;12458 93;0
11556;4371 11671 11790 7235;0
11557;6686 11394 9288;0
11558;3624 4707 114 3199;1
11559;11126 2443 5026;0
11560;2474 4997;0
11561;10640 4323;0
11562;4371 2429 11394;0
11563;6686 11671 2443;0
11564;12458 11383;0
11565;5697 4418;0
11566;8063 7394;0
11567;7394 7523;0
11568;8915 2691;0
11569;1714 719;0
11570;9357 10486;0
11571;7739 4310;0
11572;187 6678;0
11573;10216 10800;0
11574;9064 2705;0
11575;6475 11423;0
11576;4297 5112 697;0
11577;6062 2664;0
11578;862 1861 2095 2226 5552 8366 4209 3199;0
11579;10039 12283 8123 3624 350;0
11580;4093 5070 6654 7444 279 114 4973;1
11581;9147 5971 10059 4415 84 1136;1
11582;11453 7302 3249 9039;0
11583;7730 7799;0
11584;4171 6889 10094;0
11585;9288 10094;0
11586;8340 5981 7799;0
11587;10094 7799;0
11588;9439 10033;0
11589;11869 9067 2768;0
11590;12401 7400;0
11591;7730 3179;0
11592;7730 11353;0
11593;8832 3341 7310;0
11594;10145 8832 3362;0
11595;8980 3362 7310;0
11596;10145 8980 11332;0
11597;10581 11332;0
11598;10581 8115;0
11599;3389 8115;0
11600;11671 9307 2282 5026;0
11601;11912 6132;0
11602;870 11927;0
11603;11927 2282;0
11604;2739 870;0
11605;2739 10107 2282;0
11606;7282 6415 2282;0
11607;893 10869 7431 1705 11912 3235 11868 12216 2267 10094 7799 576;0
11608;893 10869 7431 1705 5114 11868 6415 11940 12216 10094 7799 576;0
11609;9618 3570 11940 1222 3606;0
11610;5114 1826 10414;0
11611;8017 2993 2267 5593 1480;0
11612;733 3235 1523;0
11613;10099 7282;0
11614;8294 6415;0
11615;6172 6415 7144;0
11616;8531 6172 11912;0
11617;8531 6183;0
11618;8294 6183;0
11619;12016 3329 11639 59 9361 9463 9189 4758;0
11620;2256 3376 12353 3075 3329 7011 9840 4644 9361 11005;0
11621;2918 7649 4105 4758;0
11622;4054 8988 2732 9463;0
11623;4054 2918 4105;0
11624;4794 1705;0
11625;3050 10128;0
11626;3050 3329 11639 943 9361 9189;0
11627;59 943;0
11628;4794 12016 9980 12077 3329 11639 7757 7146;0
11629;2830 3030 3376 9980 8988 9361 9463;0
11630;7679 3030 10128 11639 7757 9463 9189 7146;0
11631;4693 5209;0
11632;893 2702 717 12353;0
11633;11422 893 1965 11869 2056 9793 7400 7511 2768 1694 6483 3487 10033;0
11634;11422 11353 24 157 2056 6483 3487;0
11635;2600 150 24 764 3487;0
11636;3271 5599 764;0
11637;4693 5164 5599;0
11638;703 6721 4693 1446;0
11639;703 7815 5089;0
11640;1705 7815 3223;0
11641;2256 8988;0
11642;4054 9463;0
11643;1965 12353;0
11644;893 1705 157;0
11645;7815 9840;0
11646;703 9842;0
11647;1685 4693;0
11648;5599 1446;0
11649;5769 764;0
11650;2007 24;0
11651;150 2056;0
11652;2600 1260 1728 1613 10521;0
11653;4878 6015 93 6678 4310 6813 4323;0
11654;11096 9064 4478 8330 4997 10800;0
11655;9502 10094 7799;0
11656;1685 5769 2007 150 1965 157 9840 1728 9842 1446;0
11657;2830 9463;0
11658;7679 8988 9463;0
11659;12077 9463 9189;0
11660;7649 9361;0
11661;4878 3444 4478 207 8146;0
11662;4878 4478 9021 5440 207 6040 3179 6850 5381 3220 11441 6381;0
11663;6721 207 5209 1603 12033 1283;0
11664;93 6029;0
11665;10292 4997;0
11666;11096 2575;0
11667;4986 4323;0
11668;2696 6813;0
11669;4885 4310;0
11670;6678 4364;0
11671;6831 10800;0
11672;9064 1001;0
11673;7681 2600 7629;0
11674;347 8146;0
11675;1134 347 5936;0
11676;3487 7629;0
11677;1134 10447 12033;0
11678;3444 5450 8631 10447 5936 1283;0
11679;9021 347 10447 5936 12385;0
11680;11422 7629;0
11681;7757 9361;0
11682;2918 7146;0
11683;3376 9189;0
11684;8988 9361;0
11685;12016 9463;0
11686;1899 7629;0
11687;10094 7799 7629;0
11688;10447 3869 7100;0
11689;10508 5936 2603;0
11690;3376 8988;0
11691;8988 3329;0
11692;2918 8988;0
11693;11639 9361;0
11694;8072 1871 1305;0
11695;8435 7783 9000;0
11696;10151 4896;0
11697;9067 6450;0
11698;1587 4896 501;0
11699;7539 5703;0
11700;12404 2821 7185;0
11701;9439 6450 10521;0
11702;4591 10286;0
11703;12006 12324 2626;0
11704;10434 5702 7990 2626;0
11705;10529 11153 10286 12324;0
11706;9908 12324;0
11707;5865 577 12324;0
11708;5801 12324;0
11709;1979 12324;0
11710;6908 12324;0
11711;96 12324;0
11712;12324 2016;0
11713;12324 103;0
11714;12324 6100;0
11715;267 10995;0
11716;2827 2345 10136 959 10460 8921 4594 8662 1643 7568 12382;0
11717;10350 666;0
11718;293 4129 4970;0
11719;12134 11979 4674 10117 2607 7660 3057 10070;0
11720;6978 10463 12226 7501 1270 6884 12090;0
11721;1243 8006 1427 12324;0
11722;8896 10845 11721 10652 9088 11780 6641 4273 4915 6910 9464 4354;0
11723;11191 10798 10887 2621 5254 209 2076 10223 11613 561 9251;0
11724;9131 1410 6853 6806 1505 11066 5551 6793 10776 11536 11791 3096;0
11725;8896 10845 11721 10652 9088 9224 11780 6641 4273 4915 6910 4354;0
11726;4361 11130 3354 9309 3456 11398 9188 6692 586;0
11727;12076 10527 2679 2916 297 12070 9186 10334 8452 1107;0
11728;10817 4359 9759 8377 2840 5005 11635 9893 11100 2489 2548;0
11729;4789 94 5332 4278 7221 1363 704 5528 2687 5666;0
11730;9163 12324;0
11731;4361 11130 3354 3928 9309 3456 11398 9188 6692;0
11732;12076 431 2679 2916 297 12070 9186 10334 8452 1107;0
11733;7635 10817 4359 9759 8377 2840 5005 11635 9893 11100 2548;0
11734;4789 94 5332 4278 7221 1363 704 5528 5666 5107;0
11735;6999 4514 11188 6396 5322 1888 660 10262 11857 12487 10096 6418 1615;0
11736;12465 11559 1055 6853 9210 10264 4404 9289 6254 4538;0
11737;1755 11994 1469 7559 12024 11516 9778 4911 516;0
11738;12006 2011 3341;0
11739;4282 8811 10002;0
11740;7741 107 3388;0
11741;167 10140 4831;0
11742;10198 1616 6719;0
11743;11047 11622 4264 12152 9764 6699 8882 12399 3367 334 4455 5815;1
11744;8917 8943 7824 3053 9730 5225 2105 3545 2813 1729 3557 1769 257;0
11745;9365 12324;0
11746;12324 4718;0
11747;12324 458;0
11748;4870 12324;0
11749;12324 4292;0
11750;8827 12324;0
11751;5412 12324;0
11752;3157 12324;0
11753;8700 12324;0
11754;11710 12324;0
11755;10771 12324;0
11756;2408 12324;0
11757;5486 6062 4045;1
11758;9357 1307 8103;1
11759;4677 4045 1833 8465 10968;0
11760;5486 9721 8385 9880 7152;0
11761;7591 11305 8103 6046;0
11762;11900 2709 5197 11670 8144 1307;0
11763;3031 7194 1031 10160 12133 10968 12031;0
11764;3790 5200 2376 1833 7911 1412 11839 5041;0
11765;1507 12071 7152 7968 677 2587;0
11766;9721 622 7416 7237 1326 8888 3862;0
11767;8385 3632 2880 825 3512 3538;0
11768;2054 9219 10010 4854 2850 9880;0
11769;4677 6396 3325 7928 7702 2128 6432;0
11770;8461 2363 9955 3254 1887 8465;0
11771;8437 6943 4640 8920 8144 11457 5724;0
11772;9656 11919 8995 6412 11670 5238 3308;0
11773;6165 12024 4289 7591 7554 930 11059;0
11774;5111 6543 10953 5197 11022 5355 8747;0
11775;5105 339 549 6920 6046;0
11776;9554 9097 11080 9540 2164 11305 9143 8448;0
11777;2709 9613 583 10467 4545;0
11778;7774 11900 6299 3591 3141 3509 10342;0
11779;1002 5713 2639 475 10684;1
11780;1055 3455 4343;1
11781;2522 1002 9536 7076 937 1825 5010;0
11782;9057 9092 7748 5713 11791 2483;0
11783;4129 2639;0
11784;4970 2639;0
11785;148 1742 275;0
11786;148 4129;0
11787;1620 11747;0
11788;4129 4970 1742 11747;0
11789;5822 275;0
11790;10362 148 5822;0
11791;35 10362;0
11792;35 10260;0
11793;10260 11107;0
11794;148 2315;0
11795;10962 4160;0
11796;1007 2237 1949;0
11797;10667 5634;0
11798;2345 7990 7449;0
11799;12134 9371;0
11800;2345 6579;0
11801;4706 9371;0
11802;4462 2178;0
11803;3315 4722;0
11804;10962 4418;0
11805;12134 7449 7616;0
11806;2345 9895;0
11807;9682 7741 290;0
11808;9895 7616;0
11809;2700 1939 10002;0
11810;9397 1616 4597;0
11811;10140 2333 4926;0
11812;8708 3928 12394 9371;0
11813;317 2178;0
11814;6579 950 4392 586;0
11815;3315 3839 54;0
11816;12405 2215;0
11817;11215 8172 4562 9989 6499 3459 5189 5107 4160;1
11818;7635 2341 9155 412 9795 9157 54 1986 11437;0
11819;3839 3603 6832 7214 9466;0
11820;3201 431 738 8149 317 6630 3413;0
11821;6026 2841 11477 5288 2577 2687 5634 1318 3756;1
11822;11568 10533 7359 3149 1949 12037 8659 2489 7897;0
11823;1007 1115 9014 4749 11646;0
11824;10527 7349 5017 2215 12104 5453 8848;0
11825;5702 8549 1939;0
11826;7680 8549 290;0
11827;11985 7680;0
11828;1783 11985 290;0
11829;1783 1293 1939;0
11830;3554 1293;0
11831;3554 11075;0
11832;10434 4926 210;0
11833;5951 4597 210;0
11834;8252 5951;0
11835;8252 500 4597;0
11836;4965 500 4926;0
11837;4965 4659;0
11838;5157 4659;0
11839;10117 2178;0
11840;12405 7568;0
11841;12405 12382;0
11842;9544 8207;0
11843;12405 1643;0
11844;7660 2178;0
11845;9112 3510 9204;0
11846;9112 10117;0
11847;7698 8207 1643 7568 12382;0
11848;6784 1643 10955;0
11849;10117 7660 10955 3510;0
11850;7698 7568 9204 3387;0
11851;9333 9112 3387;0
11852;11703 9333 12382;0
11853;11703 9444;0
11854;9444 7698;0
11855;6057 9112 3257 78;0
11856;3966 7698 2513 12309;0
11857;3315 3057;0
11858;2827 2237;0
11859;959 2237;0
11860;1828 8325;0
11861;10136 2237;0
11862;3315 10070;0
11863;5597 10283 3257;0
11864;3057 3257;0
11865;2827 10136 959 2513 8325;0
11866;2289 10136 69;0
11867;5597 69 3057 10070;0
11868;2827 656 10283 2513;0
11869;656 3257 10050;0
11870;959 3100 10050;0
11871;3100 788;0
11872;2513 788;0
11873;4674 10962;0
11874;4594 10667;0
11875;8662 10667;0
11876;6442 1129;0
11877;8921 10667;0
11878;11979 10962;0
11879;6057 1219 5650;0
11880;6057 4674;0
11881;6442 3966 8921 4594 8662;0
11882;1466 8921 2313;0
11883;11979 4674 1219 2313;0
11884;3966 4594 7946 5650;0
11885;6057 7946 681;0
11886;8662 6156 681;0
11887;6156 3916;0
11888;3966 3916;0
11889;10648 521 9597 666 9647;0
11890;11433 267 10624 4689 3059;0
11891;697 9900 2790 4320;0
11892;2289 8352 2592 5865 2245 10107 2467 1466 1936 11276 10255 6784 1620 9703 6725 9209 273 562 7144 11203;0
11893;577 6270 4016 11230;0
11894;1994 11350 6261 10648 7411 12233 5109 9823 6794 12040;0
11895;47 9458 11681 521 8476 5291 5663 8154 4784 7992 4860 10080 5504 8038 3400 2648;0
11896;6001 3561 399 10547 9794 12356 9360 9597 7095 9076;0
11897;6582 8395 4275 3020 6291 828 2988 11750 2340 782 9647 3838 4893 1390 3646 489;0
11898;9001 9508 5582 2507 7202 4560 9 9413 2593 11433 990 6317 3143 5121 4237 12321 9145 1374 5607;0
11899;7009 3762 10525 7385 1545 11195 8160 7861 8108 10624 6520 5924 2800 4056 6878 2761 1298 9970 11257;0
11900;8292 11911 8854 6429 3244 4689 72 9433 10465 1515 7498 5960 8136 4773 7655 6778 8451 7470 4473;0
11901;3952 859 7632 5516 2509 9766 2882 9693 1336 11973 8975 3423 11404 3059 11727 7032 3081 8990 3151;0
11902;10998 8628 10491 1703 10519;0
11903;5226 2574;0
11904;858 4326 10138 9900;0
11905;7065 7326 5773 2790;0
11906;1132 812 5217 12042;0
11907;3302 2385 3578 8929;0
11908;3745 5948 2393 9073 2646;0
11909;2470 10248 8188 4501 5365;0
11910;11425 10757 10287 10518 1104;0
11911;4419 5141 5317 3347 10296;0
11912;2389 2944 3284 587 3433;0
11913;3039 4987 5283 11002 4317;0
11914;9239 4188 11358 10891 4709;0
11915;9853 10611 2556 8946 446;0
11916;2509 8854 10253 8975;0
11917;859 5395 8451 4473;0
11918;2507 2593 12457 9970;0
11919;3762 7385 9145 6683;0
11920;9290 2882 8292 8990;0
11921;3889 10465 7498 7032;0
11922;9001 3212 6520 5607;0
11923;4237 8085 6878 1298;0
11924;7534 1320 6936 371;0
11925;2710 12252 12247 1831;0
11926;11217 3943 7500 2208;0
11927;11587 6038 10605 12126;0
11928;9766 10493 3244 3423;0
11929;6907 9433 4773 3081;0
11930;12480 4560 9413 2800;0
11931;1545 8160 3143 3984;0
11932;261 12233 4893;0
11933;4035 7095 3400;0
11934;6001 11681 10080 1743;0
11935;6261 828 5012;0
11936;11797 6794 2988 489;0
11937;5963 9360 4784 4860;0
11938;9458 399 5291 7714;0
11939;11350 3020 5052 1390;0
11940;4492 8395 7411 782;0
11941;8765 10547 9794 5504;0
11942;5663 8038 9076 4725;0
11943;4275 3484 11750 12040;0
11944;2601 7996 6766 1925 3645;0
11945;739 9537 6329 6482 7899;0
11946;1570 7301 3208 798 11502;0
11947;1254 9818 8742 1588 6495;0
11948;4005 496 8381 430 11294;0
11949;10770 8384 11003 11835 2051;0
11950;10823 6624 5489 6297 2936;0
11951;11242 767 11771 4752 6404;0
11952;5516 11911 1891 11973;0
11953;9508 5582 9093 4056;0
11954;3952 10038 5960 7470;0
11955;7009 10525 12321 7379;0
11956;9693 4943 11404 1515;0
11957;4352 7655 6778 3151;0
11958;990 5121 158 2761;0
11959;7861 8108 1374 4814;0
11960;12026 9040 8061 9568 1885;0
11961;4382 3369 7044 10707 3527;0
11962;1669 2251 948 9990 4446;0
11963;10836 8552 2843 2825 5529;0
11964;5827 12068 5090 6888;1
11965;5557 9786 9672 1429 652;1
11966;5714 7775 3798 4336 9776;1
11967;9720 4268 12331 3481 1612 11413;1
11968;7964 11088 9844 11279 8512 9235;1
11969;429 1637 3986 4555 9080;1
11970;2976 5487 74 10697;1
11971;10005 7045 1952 6122 7012;1
11972;5722 7788 7488 4616 4034;1
11973;11370 10504 6407 768 7634;1
11974;7604 253 199 5964 2697;1
11975;6085 7555 10100 12082 7386;1
11976;6291 1072 9823 3646;0
11977;12356 8154 7992 11061;0
11978;47 8849 3561 8476;0
11979;1994 6582 8914 2340;0
11980;11609 4326 11817 5991;1
11981;7326 4221 425 7887 2021;1
11982;9476 9206 9648 11775 12042;1
11983;2694 8134 2365 11193 8929 866;1
11984;6114 10965 291 12314;0
11985;4751 8216 6552 7789;0
11986;2148 4552 6828 11897;0
11987;2274 9735 4554 11249;0
11988;7632 9718 1336 6429;0
11989;9322 72 11727 8136;0
11990;11566 7202 9 5924;0
11991;11195 6317 7261 11257;0
11992;7615 4743 7297 8518 12099;0
11993;5571 7117 1944 11337 877;0
11994;5855 2368 1304 9042 5549 9518;0
11995;7327 11598 838 8047 87 7149;0
11996;2385 4893;0
11997;2509 5208;0
11998;9693 5208;0
11999;3567 10193;0
12000;9766 5208;0
12001;2385 489;0
12002;3369 3646;0
12003;8530 3369 6274 8384 10248;0
12004;10248 4893;0
12005;8384 12314;0
12006;7632 1925 3698 8990;0
12007;5516 5503;0
12008;2509 9766 9693 10193 11002;0
12009;7534 4223;0
12010;8308 782;0
12011;5503 8990;0
12012;9766 838 9209 8990 7347;0
12013;8530 7534 12314 782 4893 3646 489 7347;0
12014;2509 11792 6274 838 1925 11002;0
12015;11792 3369 8384 292 10248;0
12016;9693 292 6946;0
12017;6946 11277;0
12018;1925 11277 11002;0
12019;7632 5503;0
12020;7632 838;0
12021;3698 1598;0
12022;8308 3646;0
12023;12314 4223;0
12024;7490 8507 5208;0
12025;2385 4182 5975;0
12026;4223 4132 4936;0
12027;5834 276 8308;0
12028;5503 5670 1194;0
12029;4419 5141 5317 10296;0
12030;2944 3284 587 3433;0
12031;10836 8552 2843 5529;0
12032;739 6329 6482 7899;0
12033;7615 4743 8518 12099;0
12034;4005 496 430 11294;0
12035;858 10080;0
12036;3736 9970;0
12037;2761 3736;0
12038;2434 7020;0
12039;2800 3736;0
12040;858 5291;0
12041;2251 8476;0
12042;2251 11425 12307 6404 6682;0
12043;11425 10080;0
12044;4552 6404;0
12045;1254 1206 6520 5924;0
12046;4020 4056;0
12047;10611 2434 2800 2761 9970;0
12048;11217 8653;0
12049;5663 5895;0
12050;4020 6520;0
12051;5571 6520 2800 6725 3958;0
12052;11217 4552 8476 5291 5663 10080 3958 6682;0
12053;10301 1254 5571 10611 12307 9970;0
12054;10301 8955 2251 11425 6404;0
12055;8955 11628 2761;0
12056;10602 11628;0
12057;1254 10602 10611;0
12058;4020 5924;0
12059;5571 5924;0
12060;1206 12443;0
12061;8476 5895;0
12062;4552 8653;0
12063;10918 11570 3736;0
12064;858 2388 11506;0
12065;8653 9969 11470;0
12066;8597 5895 11617;0
12067;4020 7039 4471;0
12068;2470 10248 8188 4501;0
12069;3039 4987 5283 11002;0
12070;4382 3369 10707 3527;0
12071;2601 7996 6766 1925;0
12072;7327 11598 838;0
12073;10770 8384 11003 2051;0
12074;7065 3838;0
12075;3762 6103;0
12076;7861 6103;0
12077;8790 10013;0
12078;1545 6103;0
12079;7065 1390;0
12080;8552 2340;0
12081;437 4833 496 8552 5141;0
12082;5141 3838;0
12083;496 9735;0
12084;6329 6310 6878 11257;0
12085;7009 10205;0
12086;3762 1545 7861 8790 3284;0
12087;11587 11557;0
12088;11210 11750;0
12089;10205 6878;0
12090;1545 10892 8518 6878 11203;0
12091;437 10892 11587 9735 11750 2340 3838 1390;0
12092;3762 4833 10705 6329 8518 3284;0
12093;10705 496 8552 2954 5141;0
12094;7861 5402 2954;0
12095;5402 3097;0
12096;6329 3097 3284;0
12097;10205 11257;0
12098;8518 11257;0
12099;3101 6310;0
12100;11210 2340;0
12101;9735 11557;0
12102;1544 2162 6103;0
12103;7065 5543 2106;0
12104;6104 90 11557;0
12105;9954 11210 2197;0
12106;10205 785 9936;0
12107;1132 2648;0
12108;3453 4473;0
12109;3453 6778;0
12110;2677 658;0
12111;3453 4773;0
12112;1132 4784;0
12113;9040 8154;0
12114;6624 9040 5948 5188 9584;0
12115;5948 2648;0
12116;6624 6552;0
12117;3208 11517 7498 8136;0
12118;2139 7470;0
12119;4188 2677 4773 6778 4473;0
12120;12252 12201;0
12121;9794 9945;0
12122;2139 7498;0
12123;9042 2426 7498 9703 4773;0
12124;12252 6552 9794 8154 4784 2426 5188 2648;0
12125;3208 4188 9042 9584 4473 1903;0
12126;6624 9040 5948 1089 1903;0
12127;10488 6778 1089;0
12128;1 10488;0
12129;3208 1 4188;0
12130;2139 8136;0
12131;9042 8136;0
12132;11517 6238;0
12133;8154 9945;0
12134;6552 12201;0
12135;3453 4590 5326;0
12136;1132 11206 8889;0
12137;8862 12201 3263;0
12138;9945 4506 4873;0
12139;2139 6308 3956;0
12140;3745 5948 2393 9073;0
12141;9239 4188 11358 10891;0
12142;12026 9040 8061 9568;0
12143;1570 7301 3208 11502;0
12144;1304 5549 9518;0
12145;10823 6624 6297 2936;0
12146;5109 3578;0
12147;8854 7949;0
12148;1515 7949;0
12149;5158 7242;0
12150;3244 7949;0
12151;2988 3578;0
12152;6291 3527;0
12153;11167 10856 11003 3527 4501;0
12154;5109 4501;0
12155;10965 11003;0
12156;7996 11988 8292 6429;0
12157;11911 7021;0
12158;5158 3039 8854 3244 1515;0
12159;6936 10328;0
12160;8395 10444;0
12161;8292 7021;0
12162;8292 1936 3244 190 7149;0
12163;10965 8395 6291 5109 2988 190 11167 6936;0
12164;7996 3039 8854 462 10856 7149;0
12165;462 11003 3527 4501 10653;0
12166;1515 427 10653;0
12167;4809 427;0
12168;7996 4809 3039;0
12169;6429 7021;0
12170;6429 7149;0
12171;11988 10623;0
12172;6291 10444;0
12173;10965 10328;0
12174;882 2763 7949;0
12175;3578 3727 1084;0
12176;1238 10328 8169;0
12177;3436 2782 10444;0
12178;5281 2471 7021;0
12179;7095 12042;0
12180;7775 8451;0
12181;7775 7655;0
12182;5577 3865;0
12183;7775 9433;0
12184;9360 12042;0
12185;12026 12356;0
12186;10823 12026 2355 9698 3745;0
12187;3745 7095;0
12188;10823 4751;0
12189;1570 12365 72 10465;0
12190;5960 2697;0
12191;9239 9433 3865 7655 8451;0
12192;2710 4441;0
12193;10547 10697;0
12194;10465 2697;0
12195;2592 11561 1304 9433 10465;0
12196;4751 11561 2710 9698 10547 12356 9360 7095;0
12197;1570 5363 2355 1304 9239 8451;0
12198;10823 4490 5363 12026 3745;0
12199;4490 8625 7655;0
12200;10988 8625;0
12201;1570 10988 9239;0
12202;72 2697;0
12203;1304 72;0
12204;1221 12365;0
12205;12356 10697;0
12206;4751 4441;0
12207;4441 8482 5847;0
12208;12233 8929;0
12209;8975 11413;0
12210;11404 11413;0
12211;4686 6547;0
12212;3423 11413;0
12213;6794 8929;0
12214;9823 10707;0
12215;3426 1142 10707 8188 2051;0
12216;12233 8188;0
12217;6114 2051;0
12218;2601 10101 2882 1336;0
12219;11973 12082;0
12220;4686 4987 8975 3423 11404;0
12221;10371 1320;0
12222;7411 1952;0
12223;2882 12082;0
12224;7327 2467 2882 1120 3423;0
12225;6114 7411 12233 3426 9823 6794 1120 1320;0
12226;2601 7327 4987 8975 3320 1142;0
12227;3320 9031 10707 8188 2051;0
12228;11404 11490 9031;0
12229;11490 5817;0
12230;2601 4987 5817;0
12231;1336 12082;0
12232;7327 1336;0
12233;10101 5925;0
12234;9823 1952;0
12235;6114 10371;0
12236;10371 6360 4064;0
12237;8501 5226;0
12238;11953 8501;0
12239;5112 5362 8829 9355;1
12240;5435 11316 5754 719 10971;1
12241;4002 1294 6407;0
12242;3609 4137 5964;0
12243;10351 7386;0
12244;3122 1247 253 6036;0
12245;5842 4034 3541;0
12246;5722 4732 8235;0
12247;1754 4616 3623;0
12248;11370 1482 10484;0
12249;7731 7765 768;0
12250;1904 7555;0
12251;3256 9274 7634;0
12252;7604 32;0
12253;7788 5996 1719;0
12254;6978 6085 5945 11308;0
12255;3663 506 155 10100;0
12256;7396 199 9628;0
12257;5857 2976 12502 5608;0
12258;6425 8278 1637 328;0
12259;1661 11088 6707 8510;0
12260;1046 940 3986 4065;0
12261;10005 8606 9382;0
12262;8725 11575 6171 6122;0
12263;4760 1399 7758 4468 7012;0
12264;6519 4840 11279 6405;0
12265;4421 11909 1398 7045 5741;0
12266;7964 1201 7060 3819;0
12267;7683 1645 74 8812;0
12268;9069 4555 7464;0
12269;5487 9376 2662 8269;0
12270;12150 8089 9235 11626;0
12271;9844 4308 2816 11843;0
12272;10798 6570 7926 9080;0
12273;4591 11131 10491 2586 8629 9641 9435 7092 2855 9468 1809;0
12274;10184 4386 9102 3925 6888 266;0
12275;43 5827 8544 0 1231 12350 762;0
12276;2750 12068 3945 9343 9281;0
12277;6351 4724 1739 11834 11345 5886 1612;0
12278;1814 3798 1749 9091 5918;0
12279;6802 857 8333 4268 6266 550 413 3704;0
12280;1983 9224 9985 1177 9672;0
12281;8285 2584 12065 6451 652 6335 2490;0
12282;5019 6065 295 9137 10643 8401 1429 2794;0
12283;535 2163 1475 2965 7590 9776;0
12284;3442 5714 4165 12319 1827 7249 7955;0
12285;1329 3858 12331 10331 11431;0
12286;2713 7413 4336 10986 5460;0
12287;9720 12009 1796 609 8111;1
12288;6433 5325 6230 10607 3481;0
12289;1579 1752 770 5557 4982;0
12290;6162 11609 8654 7864 3942 2432;0
12291;600 1256 3607 5991 11474 2924 10559;0
12292;5244 11817 12250 9436 7049;0
12293;8598 270 628 11280 10257 6411 866;0
12294;9206 2165 12167 5493 8223;0
12295;8904 3960 2834 5605 11193 682 5349 3146;0
12296;3685 5004 9464 1773 7887;0
12297;12278 8555 8967 6990 10464 425 3522;0
12298;12288 8872 1128 8013 7694 10577 5216 2021;0
12299;9476 8924 12195 3555 6578 3084;0
12300;5223 1359 8677 8780 11775 8933 1600;0
12301;2694 8447 3004 11720 1153;0
12302;8661 4654 9648 11686 9792;0
12303;2243 2365 6186 1413 9946;1
12304;4807 9615 8134 5115 10126;0
12305;1881 7028 88 4221 178;0
12306;8007 10999 12399 9355;0
12307;5305 12063 8829 1513 6089 9762;0
12308;5362 5781 7362 10591;0
12309;211 188 11807 10971;1
12310;7132 10686 11959 563 5754 3909 7468;0
12311;4315 11316 3732 2302 9642;0
12312;5620 3198 5435 8619 9833 4641;0
12313;3198 931 2094 6789 8665;0
12314;2061 4315 11379 9911 6823;0
12315;1543 1168 10939 9542 4641 9160;0
12316;11980 9617 7089 8935 7080 3909 12253;0
12317;7143 156 6741 2302 4114;0
12318;10686 3482 2098 5933 10654 10364 4260;0
12319;8755 6507 5138 7836 4852 4688 9642;0
12320;7132 2770 7786 5811 3204 7492 10019 306;0
12321;10718 4033 2881 6410 563 10540;0
12322;9957 6252 4584 9455 6250 3732 7184;0
12323;2598 11296 10765 1003 11807 4014;0
12324;2012 6918 12137 4976 1737 7468;0
12325;2191 11430 11959 9094 11129 2877;0
12326;7824 8619 4330 5772 6933 12424;0
12327;5620 11584 9881 11015 1062;0
12328;5009 9833 1789 9519 4650;0
12329;12351 211 6056 5563 3129;0
12330;11783 11812 5492 11903 188 2173;0
12331;11681 10138;0
12332;2507 1638;0
12333;990 1638;0
12334;11685 999;0
12335;9413 1638;0
12336;9458 10138;0
12337;47 948;0
12338;11949 10409 948 4752 10287;0
12339;11681 10287;0
12340;4752 6828;0
12341;9 1588 5668 5607;0
12342;5582 6465;0
12343;2507 9413 990 2556 11685;0
12344;12441 3943;0
12345;4177 8038;0
12346;6465 5607;0
12347;8352 9413 6394 877 5607;0
12348;47 9458 11681 11949 6394 3943 6828 8038;0
12349;2507 10409 6706 877 1588 2556;0
12350;6706 948 4752 10992 10287;0
12351;990 10992 6680;0
12352;6680 11121;0
12353;1588 11121 2556;0
12354;6465 9;0
12355;9 877;0
12356;3770 5668;0
12357;47 4177;0
12358;12441 6828;0
12359;1638 5027 4366;0
12360;10138 2370 4128;0
12361;1052 12441 2502;0
12362;4177 10354 2620;0
12363;1564 6465 1366;0
12364;11425 10287 10518 1104;0
12365;9853 10611 2556 446;0
12366;1669 2251 948 4446;0
12367;1254 9818 8742 1588;0
12368;5571 1944 11337 877;0
12369;767 11771 4752 6404;0
12370;828 5773;0
12371;9145 8015;0
12372;1374 8015;0
12373;3365 1082;0
12374;3143 8015;0
12375;3020 5773;0
12376;6582 5529;0
12377;4419 4953 10761 11294 5529;0
12378;4419 828;0
12379;11294 11249;0
12380;6317 4237 7899 9923;0
12381;12321 8805;0
12382;2944 1082 3143 9145 1374;0
12383;10571 10605;0
12384;4275 2069;0
12385;4237 8805;0
12386;7615 3143 153 4237 10255;0
12387;6582 4275 3020 153 828 4953 10605 11249;0
12388;7615 2944 9145 10761 2642 7899;0
12389;4419 11294 2642 10913 5529;0
12390;1374 10913 2407;0
12391;4723 2407;0
12392;2944 7899 4723;0
12393;6317 8805;0
12394;7615 6317;0
12395;9299 9923;0
12396;6582 2069;0
12397;10571 11249;0
12398;8011 8015 7801;0
12399;10076 5773 8351;0
12400;10571 8336 7556;0
12401;8303 2069 5744;0
12402;816 3902 8805;0
12403;6001 4326;0
12404;2593 5090;0
12405;5121 5090;0
12406;10471 6538;0
12407;4560 5090;0
12408;399 4326;0
12409;3561 4446;0
12410;9620 2762 11771 4446 10518;0
12411;6001 10518;0
12412;11771 11897;0
12413;9001 7202 8742 3619;0
12414;9508 7488;0
12415;10471 4560 2593 5121 446;0
12416;7500 1703;0
12417;8512 9076;0
12418;9001 7488;0
12419;9001 5339 4560 11337 562;0
12420;6001 5339 9620 3561 399 7500 11897 9076;0
12421;2593 2762 12069 11337 8742 446;0
12422;11771 12069 4446 2048 10518;0
12423;5121 1273 2048;0
12424;1273 6078;0
12425;8742 6078 446;0
12426;7202 7488;0
12427;7202 11337;0
12428;12414 3619;0
12429;3561 8512;0
12430;1703 11897;0
12431;812 3400;0
12432;859 3305;0
12433;3305 3151;0
12434;2249 2367;0
12435;3305 3081;0
12436;812 4860;0
12437;8061 7992;0
12438;10186 12171 6297 8061 2393;0
12439;2393 3400;0
12440;6297 8216;0
12441;7301 7830 11727 7032;0
12442;3952 12275;0
12443;859 10891 2367 3081 3151;0
12444;12247 627;0
12445;5504 6340;0
12446;12275 7032;0
12447;5549 7032 273 3081 12428;0
12448;10186 8216 12247 7992 4860 5504 3400 12428;0
12449;859 12171 7301 10265 5549 10891;0
12450;6297 109 10265 8061 2393;0
12451;109 4905 3151;0
12452;4905 10936;0
12453;7301 10936 10891;0
12454;12275 11727;0
12455;5549 11727;0
12456;6783 7830;0
12457;7992 6340;0
12458;8216 627;0
12459;3305 754 4768;0
12460;812 10717 2729;0
12461;10689 3009 627;0
12462;12249 10763 6340;0
12463;12275 12234 10811;0
12464;6261 7326;0
12465;7385 9786;0
12466;8108 9786;0
12467;5457 8987;0
12468;8160 9786;0
12469;11350 7326;0
12470;1994 2843;0
12471;690 2843 4734 430 5317;0
12472;6261 5317;0
12473;430 4554;0
12474;11195 6482 1298 6635;0
12475;10525 10504;0
12476;7385 8160 8108 8987 3433;0
12477;6038 2574;0
12478;429 12040;0
12479;10504 1298;0
12480;8160 11276 10598 12099 1298;0
12481;1994 11350 6261 690 6038 4554 10598 12040;0
12482;7385 3951 4734 12099 6482 3433;0
12483;3951 2843 430 6787 5317;0
12484;8108 6787 5290;0
12485;5290 3474;0
12486;6482 3474 3433;0
12487;11195 10504;0
12488;11195 12099;0
12489;3203 6635;0
12490;1994 429;0
12491;4554 2574;0
12492;4870 7110 10771 8827 11710 5412 2408 8700 3157 4718 458 4292;0
12493;7730 2210 5599 12216 10094 12147 7799 576 9418;0
12494;5068 1817 893 7815 12353 24 2056 764;0
12495;703 7773 4693 1705 7584 8631 11441 10329;0
12496;8483 3160 476 4044 4826 4415 8879 5386 3173 5403 8759;0
12497;4789 94 5332 4278 7221 7302 1363 704 5528 5666;0
12498;6342 11338 3880 7115 7877 7072 1834 7846 9888 11800 1136 6567;0
12499;996 3077 3493 6032 3258 10421 1301 10056 9039 5588 6066 5953;0
12500;9147 11426 9047 118 11439 8407 9078 5998 9497;0
12501;11453 8903 149 7071 9816 1236 11204 1282 10943 1619 5777 12380 10651;0
12502;11044 3495 10059 6922 5006 4305 4876 6799 4322;0
12503;7617 8306 4402 7444 8247 5242 9029 3535 9162 10159 3664;0
12504;4423 10039 5259 230 9225 8314 9156 6134 10256 7231 7630 8307 5892;0
12505;5192 11562 1861 3559 527 9176 10202 4907 7691 513;0
12506;8350 862 11722 9126 3679 664 8710 3638 5032 10655 7609;0
12507;2095 5729 8078 749 10758 7764 8054 9974 7458 1740 6533;0
12508;11905 9447 1355 350 926 8409 1776 8763;0
12509;7602 2276 2170 12479 294 12481 151 9538 2226 1877 7749 11846;0
12510;11956 6550 2049 6417 12241 6366 10402 279 11209 726 10966;0
12511;3407 3496 4681 2015 11434 9252 9050 9996 5552 4598 2403 3959;0
12512;11864 3210 5398 12163 10320 713 8366 4029 10840 4728;0
12513;11929 2118 11825 251 2081 6236 10499 411 10244 553 4973;0
12514;5444 2971 8682 3140 10356 11475 12161 3879 10114 7653 4209;0
12515;10685 6536 11036 7956 7432 5070 7594 2219 11873 6840 7944 5639;1
12516;1551 12286 3622 4093 4351 12160 1656 1416 11756 1286 2496;0
12517;3907 2528 5113 2682 6654 9279 1101 5203;0
12518;6328 12283 7987 5568 6505 8784 9599 8334;0
12519;10771 8827 5412 2408 8700 4718 10414;0
12520;10771 733 8827 5412 2408 8700 4718;0
12521;10306 3405 2116 5334 9292 3485 3585 1506 11208 3509 6476 640;0
12522;4428 8706 3297 9119 11718 3537 7248 9485 1233 2805 7131 930 6737;0
12523;444 12205 6305 5230 3705 10511 10386 6974 5724;0
12524;7774 2910 1360 6839 4983 559 11463 4126 4938 5417 1628 10046 1317;0
12525;8396 6167 1687 7582 9379 1819 8500 3141 6111;0
12526;8793 2611 4337 878 8042 8639 3728 9727 9143;0
12527;7910 3917 5007 6053 2211 4542 2110 12371 632 11457 422 10703 7421;0
12528;11191 9097 10887 2621 5254 10223 561 9417 7052;0
12529;9554 5276 2479 11147 8637 11781 25 10225;0
12530;1174 11898 3981 6695 660 10262 7554 7166 10096 11925 1615;0
12531;4487 3668 7959 11964 5396 8295 6610 7057 2164 2133 4244 9899 12131;0
12532;11243 6999 6165 4514 11188 5322 3152 1888 11857 12487 6418;0
12533;2361 2252 4289 7161 186 1990 6376 8228 5922;0
12534;228 10463 583 7501 11765 1270 11943 12500 6884 12090 2019;0
12535;2972 830 4534 10756 549 4858 2638 2930 4497 1093 8950;0
12536;6752 11532 60 6034 980 381 11558 2491 10714 5355 2921;0
12537;5120 3007 4640 6796 11612 3519 9151 4022 1489 1560 2596;0
12538;5154 3304 6913 4036 8934 3471 10396 8920 714 3064 9651;0
12539;11046 3404 2437 9441 7365 6958 11030 3371 9227 9511 9179 4766 5238;0
12540;4141 10791 5949 10 2669 10228 5759 10833 3308;0
12541;229 4671 6253 10820 11072 3712 8448 11738 1044;0
12542;2614 8437 10071 8491 7409 5802 6544 5934 10220 11410 8909 10711;0
12543;10190 6543 1352 9028 4757 1977 10590 12418;0
12544;8131 11876 9939 6943 10439 7546 4922 2588;0
12545;7105 7319 7412 7727 8178 8563 8982 3411 3828 4545 1015 9063 8802;0
12546;12460 10440 12367 3193 1718 1066 10510 384 6920 9317 2989 3855 9573;0
12547;11815 8703 2057 209 3270 2076 10467 1917 11247 11613 8949 9251 1235;0
12548;10934 3759 2428 3380 2961 8050 3440 2765 8747;0
12549;4861 2169 6589 4918 1790 206 4611 6170 11955 11059 4169;0
12550;6121 10376 9656 11814 10778 5862 11592 8894 3432 643 5042 4438 7712;0
12551;9331 11080 7113 6715 10353 4610 9236 8321;0
12552;353 9750 9613 7945 7253 5915 6462 9606 7004 7963 11006 3642 8037;0
12553;5219 1764 1486 6176 5105 4216 7709 9140 6914 5218 2787;0
12554;4930 10824 7777 481 2493 2707 12050 545 9540 10657 5752 8551 3914;0
12555;4115 11960 6652 3497 5389 5111 2559 4309 8785 9825 5955 7503 5353;0
12556;12461 8995 4698 2671 4445 2981 11689 3058 1141 1438 3674 5514 2440;0
12557;7631 8163 1207 9062 11163 3591 3130 8887 5505 326 9134;0
12558;4030 4103 5056 6299 12463 4952 6980 3601 1702 6772 1736 4199 264;0
12559;9506 11498 6412 3377 9605 12354 5184 10473 10916;0
12560;9851 11563 6871 9712 3328 11919 9336 12327 7337;0
12561;12226 10822 10953 10399 569 7332 3929 8167 5031;0
12562;6064 104 339 4412 3000 467 1957 9925 11452;0
12563;5695 1299 10693 11393 4172 5965 11022 4880 4321 11118;0
12564;8475 18 4043 10544 1514 8645 9770 1024 11064 10342 12038 6199;0
12565;7105 7727 8563 2880 4309 8785 9825 9063 7503;0
12566;3668 7959 1326 9606 6610 7004 7963 11006 7057 2133 4244 9899 12131;0
12567;6121 10376 11814 10778 5862 11592 8894 3432 643 2850 5042 4438 7712;0
12568;7910 3917 5007 6053 2211 4542 2110 12371 1412 632 422 10703 7421;0
12569;4487 8793 11964 5396 8295 2611 4337 878 3862 8042 8639 3728 9727;0
12570;1764 1486 3254 4534 4858 1957 2930 4497 1093 8950;0
12571;5276 2479 11147 10353 8637 7237 11781 9236 8321 25 10225;0
12572;5154 3304 5120 3007 7911 10396 714 3519 3064 1489 9651;0
12573;1352 4757 1977 10590 10399 569 3538 7332 8167;0
12574;4141 10791 5949 10 2669 10228 7968 5759 10833;0
12575;2910 1360 6839 4983 559 11463 4126 4938 5417 1628 10046 1317 12031;0
12576;8461 11046 3404 11689 1438 10916 3674 5514 2440;0
12577;8396 6167 1687 7582 9379 1819 8500 10160 6111;0
12578;9851 9506 11498 3377 12354 5184 10473 2587;0
12579;1174 11898 3981 9939 7546 6695 4922 7166 5041 2588 11925;0
12580;2363 6176 2972 4216 830 10756 7709 9140 2638 5218 2787;0
12581;4428 5200 11876 9119 10439 7248 2805 7131 6737 9151 1560;0
12582;2614 8131 10071 8491 7409 2376 5802 6544 5934 10220 11410 8909 10711;0
12583;8475 18 4043 10544 1031 9770 1024 11064 6199;0
12584;4861 2169 6589 3325 4918 1790 206 4611 6170 11955 4169;0
12585;4115 11960 6652 3497 5389 2559 825 5955 5353;0
12586;5695 1299 9441 7365 3371 4854 3380 9227 2961 4880 4321 3440 2765;0
12587;12226 10822 7501 11765 1270 11943 12500 3512 6884 3929 5031;0
12588;228 10463 11815 8703 2057 3270 8888 1917 11247 12090 8949 1235 2019;0
12589;6752 10693 11532 60 10010 11393 9028 6034 4172 5965 11118;0
12590;3031 3405 2116 5334 9292 1514 3485 3585 8645 1506 12038;0
12591;229 12461 6253 9955 4698 2671 4445 9605 2981 3058 1141;0
12592;4930 11563 481 6871 9712 3328 9336 1507 12327 7337;0
12593;4030 4103 5056 12463 4952 6980 3601 1702 6772 1736 12133 4199 264;0
12594;1755 11243 5219 11994 1469 7559 3152 9778 4911 6914 516 2128;0
12595;10824 7777 2493 4671 2707 12050 545 10657 5752 8551 3914 11738 677;0
12596;10190 2054 10934 3759 2428 980 2491 8050 10714 2921 12418;0
12597;622 9750 7945 7253 6462 209 2076 11613 9251;0
12598;444 3790 12205 6305 5230 6796 3705 11612 10511 10386 6974 4022 2596;0
12599;2437 9219 6958 11030 381 11558 9511 9179 4766;0
12600;11191 10887 2621 7416 5254 10223 561 9417 7052;0
12601;7319 7412 8178 353 3632 5915 8982 3411 3828 1015 3642 8802 8037;0
12602;2361 2252 7161 186 7928 1990 6376 8228 5922;0
12603;7631 7194 8163 1207 9062 11163 3130 8887 5505 326 9134;0
12604;8706 3297 11718 3537 9485 1233 11516 7702 9317 2989 3855 9573;0
12605;9331 7113 10820 6715 11072 4610 12071 3712 1044;0
12606;6064 104 4412 3000 467 9925 1887 11452;0
12607;12460 10440 12367 3193 1718 1066 10510 384 6432;0
12608;10306 6913 4036 8934 11208 3471 6476 640 11839;0
12609;405 4540 1868 11291 8973 1209 11917 3233 5010 574;0
12610;6486 4147 4264 1676 5800 1479 315 8215 176 9861 2483 4901;0
12611;7434 2522 2091 8283 4971 12207 8858 3083 6260 11623;0
12612;7844 1969 9092 12438 3273 136 2665 11168 3558 465 7197 10866;0
12613;8120 1012 937 5373 4200 918 10360 6217 10048 3853 7330;0
12614;12465 11559 9210 10264 9057 9289 6254 4538;0
12615;5737 7076 2092 2964 135 3218 6836 840;0
12616;9852 4130 9536 5561 8595 2114 3139 852 1460;0
12617;7155 8005 7845 1825 7552 6084 11442 6222 9743 3968;0
12618;11047 11622 12152 9764 6699 10946 8882 3367 7748 4455 11250 7018 5815;0
12619;2627 9194 4455 6836 4343;0
12620;11424 12228 950 3478 607 9044 10401 2537 85 11741 10295;0
12621;5063 10846 2410 1503 9521 8104 7805 4392 5050;0
12622;11424 12228 3478 607 9044 10401 2537 12394 85 11741 10295;0
12623;5063 8708 10846 2410 1503 9521 8104 7805 5050;0
12624;729 3532 7226 1491 7999 9581 6307 3580 7336 10418 8848 12257;0
12625;10694 5017 3763 3988 7048 7187 8614 7950;0
12626;9266 12014 6284 3972 9215 2793 12298 5453 9623 2498 2901;0
12627;7349 9325 3022 9111 9850 8408 11159 1772 10429 7348;0
12628;8772 5309 5629 4910 12104 9492 9566 7456;0
12629;729 3532 7226 3201 1491 7999 9581 6307 3580 7336 10418 12257;0
12630;10694 738 3763 3988 7048 7187 8614 7950;0
12631;9266 12014 6284 3972 9215 2793 12298 9623 2498 3413 2901;0
12632;9325 3022 9111 8149 9850 8408 11159 1772 10429 7348;0
12633;8772 5309 5629 4910 9492 9566 6630 7456;0
12634;1175 6368 3149 11068 4827 8527 6140 797 4556 7462;0
12635;8907 3359 11682 11334 7537 4749 1805 5652 8876 2858;0
12636;7366 8711 2190 2756 9590 3779 777 8659 7391;0
12637;5673 6757 5261 7359 11861 8056 6509 9864 10864 8735;0
12638;7308 2547 11606 2833 6420 7290 6449 12028 10224 12037 6530 3319 5360;0
12639;7747 10533 9261 11851 7803 8053 142 8319 7852 3816 4101 572 9221;0
12640;10745 6458 7791 1115 2342 11150 4813 7053 424;0
12641;4810 9667 4710 3062 9014 1597 2984 11254 8819;0
12642;11568 11875 11382 6513 1049 11600 972 8830 4602 4293 1851 11045;0
12643;1498 9875 2735 2632 7695 1732 12330 3939 9390 7897 9533 8712;0
12644;7567 1966 7263 3502 2109 12215 11646 10680;0
12645;1175 6368 11068 4827 9157 8527 6140 797 4556 7462;0
12646;8907 3359 11682 11334 7537 1805 6832 5652 8876 2858;0
12647;7366 8711 2190 2756 9590 3779 777 7391 11437;0
12648;5673 6757 5261 11861 9795 8056 6509 9864 10864 8735;0
12649;7308 2547 11606 2833 6420 7290 6449 12028 10224 6530 3319 5360 1986;0
12650;7747 9261 11851 412 7803 8053 142 8319 7852 3816 4101 572 9221;0
12651;10745 6458 7791 2342 3603 11150 4813 7053 424;0
12652;4810 9667 4710 3062 7214 1597 2984 11254 8819;0
12653;11875 11382 6513 9155 1049 11600 972 8830 4602 4293 1851 11045;0
12654;1498 9875 2341 2735 2632 7695 1732 12330 3939 9390 9533 8712;0
12655;7567 1966 7263 3502 2109 12215 9466 10680;0
12656;6342 11338 3880 7115 7877 11477 7072 1834 7846 9888 11800 6567;0
12657;277 2144 10494 11324 543 10261 5288 4941 551 4653 2676 11760;0
12658;996 3077 3493 6032 3258 10421 1301 10056 5588 6066 5953 3756;0
12659;11044 3495 2841 6922 5006 4305 4876 6799 4322;0
12660;11426 9047 118 11439 8407 9078 5998 9497 1318;0
12661;8483 3160 6026 476 4044 4826 8879 5386 3173 5403 8759;0
12662;8903 149 7071 9816 1236 2577 11204 1282 10943 1619 5777 12380 10651;0
12663;6342 11338 3880 7115 7877 7072 1834 7846 9989 9888 11800 6567;0
12664;277 2144 10494 11324 543 10261 4941 551 3459 4653 2676 11760;0
12665;996 3077 3493 8172 6032 3258 10421 1301 10056 5588 6066 5953;0
12666;11044 3495 6922 5006 6499 4305 4876 6799 4322;0
12667;11426 11215 9047 118 11439 8407 9078 5998 9497;0
12668;8483 3160 476 4044 4562 4826 8879 5386 3173 5403 8759;0
12669;8903 149 7071 9816 1236 11204 1282 10943 5189 1619 5777 12380 10651;0
12670;6121 5862 11592 3432 5945 5042 12418 7712;0
12671;3297 11994 11718 1233 11516 4732 3855 9573;0
12672;6752 3663 1299 60 9028 1977 5965 4880 11118;0
12673;104 4412 9062 467 11463 32;0
12674;8178 8563 4309 3411 3828 11308 9063 7503 8802;0
12675;2910 3609 8163 6839 8887 4938 326 9134;0
12676;8475 3405 2116 5334 10544 1506 9770 1024 9628 12038;0
12677;11243 6999 5322 5842 1888 10262 10096 6418;0
12678;7731 8793 2479 10353 8637 4337 8042 11781 9727;0
12679;3122 12205 5230 6796 11208 640 10511 10386 4022;0
12680;10934 4757 3759 155 3380 10714 3440;0
12681;9331 10824 4610 5752 9274 3914 3712 11738 10225;0
12682;4428 1174 11876 9119 3981 1719 2805 7166;0
12683;8131 10071 8491 2252 5996 5934 11410 10711 5922;0
12684;11046 10791 5949 1904 4766 5759;0
12685;7030 12010 10628 3463 2225 3103 3265 9643 8935 791 2799 10020 10870;0
12686;8835 10718 4561 8828 4527 10630 9940 8775 6590 6514 2132;0
12687;9131 3757 10459 1505 2881 5551 6793 9593 7427 2618 7251 4211;0
12688;5574 4401 7721 12484 11786 8312 2877 11065 5819 2935 9124 1384 3177;0
12689;6617 3002 4958 9094 2957 6145 2982 836 984 329 12471 9504 1106;0
12690;205 6572 6177 351 6306 8258 4215 9519 5942 12159 6398 4909 4667;0
12691;10068 2953 820 1892 3385 841 8798 9234 11855 11658 1737 6919 6430;0
12692;5826 2698 7487 4333 3082 5160 5811 981 6965 1793 4657 3439 4158;0
12693;5861 6056 1915 11954 1181 11828 235 10416;0
12694;1900 11264 3665 534 1263 10612 7960 9596 7292 6933 11312 8814 1495;0
12695;11584 571 10297 4994 11984 3457 1091 6277 1784 10332 4536;0
12696;9455 1379 9507 7975 1941 5778 6143 182;0
12697;364 11675 9301 5907 5492 382 4589 5028 6722 4356;0
12698;8853 9332 2308 1073 10352 6507 9984 7821 3286 8496 2862 8613 4488;0
12699;7434 2091 3482 8283 4130 4971 2114 8858 3083 11623;0
12700;435 11632 11174 7174 3893 12020 3999 7592 7836 2715 8729 4687 11841;0
12701;405 1618 4540 1868 11291 8973 11917 2173 574;0
12702;5858 8445 5737 10991 2964 1883 6224 7441 6836 840 12137;0
12703;5626 2061 63 3944 4781 9532 1138 2292;0
12704;6252 11238 4829 8963 3012 10594 6189 2950 335 9781 1095 5909;0
12705;3079 5009 9659 4599 3809 6082 8658 5190 1542 3731;0
12706;2943 9520 9210 1099 4852 2641 9289 4538;0
12707;12023 1935 6911 6789 11157 6924 10468 10858 11307 418 11083;0
12708;11711 5463 2438 303 10387 8864 11665 8665 10796;0
12709;480 1168 4969 1269 12412 282 8195 10178 7518;0
12710;8571 4530 6184 11780 6641 5772 6518 4354;0
12711;9128 8120 2534 7636 9976 5373 918 10360 8865 9284 4260 9477 3847;0
12712;10264 6806 4033 8989 10776 10172 11536 7706 9728 12143 4095;0
12713;11047 11622 4264 9764 6699 10946 11296 11250 7018;0
12714;635 2188 4993 9911 2209 5508 12373 323 5891 11141 3479 711 4629;0
12715;5770 11081 231 5117 9552 1807 1789 1940 5814 9645;0
12716;10006 7033 7879 5785 11327 5138 5327 8412 2610 9592 11798 6585 3339;0
12717;8896 10845 11721 10652 9088 4330 4273 4915 6910;0
12718;3924 12022 7622 5335 2511 1062 11368 3643 1562 8028;0
12719;6801 6076 1248 10769 7492 4696 9324 6870 5307 7082;0
12720;8519 5149 6234 3087 6882 11795 4503 12424;0
12721;9858 7958 10939 6651 12087 12499 6887 6934;0
12722;11637 5867 10276 7988 9644 3093 4688 1188 11902 10091 8857 11190;0
12723;12152 8882 3367 334 4455 260 1003 5815 6157;1
12724;10825 2770 11145 4539 11608 1209 1108 3233 1435 7399 5767 10065;0
12725;7143 8842 9305 11514 4100 5066 5441 10361 917 1389;0
12726;11980 1746 1895 8956 6960 6891 10394 4306 10751 5124 10233 7625;0
12727;4863 4519 10691 9335 3738 7358 3983 3621 526 5279 579 5448 4650;0
12728;7371 10900 5866 4584 696 11537 11968 3040 3357 5415 6912 9758;0
12729;10932 1524 451 5818 7701 1484 7979 12453 6020 170 10189 8760 7080;0
12730;6102 7339 3445 5665 2908 7786 9965 2752 9077 7191 10865 8587 1391;0
12731;12465 1410 6853 10170 11066 2958 4257 10540 6092 3096 6254;0
12732;7155 7845 7552 11442 6222 9743 10048 10364 3968;0
12733;3751 9607 7397 1670 9542 8458 6481 11076;0
12734;11812 12389 9352 2518 8922 3446 1582 11112 7519 3392;0
12735;3204 8757 11767 200 3827 2043 10737 3572 11357 2692 7199 3852 8023;0
12736;4096 10150 4791 12013 7160 3115 11275 3129 136 8972 6204 6331 540;1
12737;4563 11926 5337 11758 8931 9160 3486 3313;0
12738;1672 5808 1385 7179 11982 11040 4394 11552 9575 9270 10019 9200 1444;0
12739;12277 9957 10786 1908 4694 11591 3605 12012 2658 1227 6314 3963 1043;0
12740;2683 4792 1543 8179 7495 11777 5287 6995;0
12741;1012 8005 2098 6084 4200 6217 3853 7330;0
12742;1625 12093 8442 1342 6653 5921 9452 2094 7344 1878;0
12743;9852 5561 2092 8595 3139 10654 852 1460 6288;0
12744;1753 9904 9717 9086 11315 10509 11891 7229 6410 4265 567 5239 2803;1
12745;4899 9948 4655 4835 4902 10427 2012 10035 256 11149 8231 7504 9344;0
12746;10369 2755 11719 5563 9123 3687 7711 8592 7645 375 9757;0
12747;8084 7689 8457 5933 3941 12207 12269 6791 6260;0
12748;7844 6700 1969 12438 3273 2665 11168 3558 465 4014 7197 10866;0
12749;7148 1112 4174 11129 11224 6894 12116 1334 9742 2025 6044 2560 5400;0
12750;7619 8898 5743 7924 8562 4484 5375 7089 9790 7241 11663 2349 9773;0
12751;9867 1415 1678 1651 11365 9527 11486 4114;0
12752;7210 9958 1911 1517 2220 931 8732 9253;0
12753;7866 7581 1358 12312 9043 4281 2673 8890 11580 4258 5675 306 8302;0
12754;7317 4568 12351 8836 10586 8728 7252 9245;0
12755;10373 3845 5167 2391 7300 6741 7733 1277 4248 4363 6016 9196;0
12756;10827 11086 8604 10768 4703 11594 2670 2978 6823 33 10242;0
12757;6486 4147 1383 5780 7363 5800 10765 9861;0
12758;8650 3452 11379 11386 3794 8097 6829 5352 10397 6979 5308;0
12759;2359 12078 4712 1353 1967 10203 524 135 6918 5087 8602 3218 3056;0
12760;11559 8755 2152 10879 10746 8012 11636 6135 2374 4932 2101 9889 366;0
12761;8701 11484 4113 11310 8539 11384 3792 11934 9617 1088 3604 7296 8545;0
12762;2828 1045 1943 542 1873 11283 11054 5147 8962 12202 3234 7184 3515;0
12763;11783 5328 9402 8311 5280 2462 7650 8101 10078 7808;0
12764;9311 1349 5746 156 8565 8315 3119 9341;0
12765;3353 8230 10393 11903 4914 7575 3133 4313 5143 9181 769 2860;0
12766;12429 6615 11196 8572 11015 10902 10526 4246;0
12767;2598 1676 11627 1479 315 2497 9295 8215 9469 176 4901;0
12768;2191 1660 10336 4479 1760 10979 11704 9226 7819 12073 6490 6984 9706;0
12769;4520 11303 8845 10931 11543 378 2418 198 6250 9905 3142 8397;0
12770;11877 10040 2390 6703 3582 4624 4303 463 3349 2198 11842 10855 4976;0
12771;7306 1414 6019 11565 10025 4031 2578 8770 6262 8189 5170 12253 11624;0
12772;1794 10524 12219 11430 3116 8043 3730 10543 6646 7016 9125 11621 701;0
12773;10982 10730 9255 9702 7324 603 9493 9881 1027 2891 12089;0
12774;1755 11994 1469 7559 1201 11516 9778 4911 516;0
12775;6519 9939 5120 7546 3007 4922 10396 714 3519 2588 1489 9651;0
12776;5219 1764 1661 1486 4534 4858 4497 6914;0
12777;6064 104 6707 1957 9925 2930 1093 8950;0
12778;4030 4103 5056 12463 4952 6980 3601 1702 6772 1736 4199 264 5608;0
12779;11046 3404 4141 10791 5949 2669 5759 9382 10833;0
12780;1399 7727 12226 10822 7501 11765 12500 6884;0
12781;5154 3304 5230 6405 3705 10386 6974 3064;0
12782;4115 5389 11575 2559 1352 1977 10399 569 7332 5955 8167;0
12783;9506 11498 8278 545 10657 3377 12354 5184 10473;0
12784;10 6958 11030 381 11558 10228 5741 9179;0
12785;8706 3297 11718 3537 9485 1233 7060 9317 2989 3855 9573;0
12786;9851 6425 4930 11563 7777 481 6871 9712 12050 12327 7337;0
12787;8475 18 4043 10544 1645 9770 1024 11064 12038 6199;0
12788;4487 3668 6570 7959 11964 5396 8295 6610 7057 2133 4244 9899 12131;0
12789;1794 12219 1524 5818 10427 6266 10543 2225 9125 7504 9344 1384 10751 10020;0
12790;10369 5861 5325 9123 1915 3687 11954 7711 1181 11828 235 10416 375;0
12791;7617 3907 1329 5113 10150 2682 4402 5242 9279 1101 9029 3535 9162 5203 10159 3664;0
12792;9918 2750 12429 6615 11196 8572 10526 867 7090 1806;0
12793;6433 7317 2755 4568 11719 8836 10586 8728 8592 7252 7645 9245 9757;0
12794;6801 6076 1358 12312 4696 1752 5675 9324 6870 8302 5307 7082;0
12795;5019 1618 10825 11145 4539 8757 11608 3827 1108 3572 7399 3852 8023 10065;0
12796;231 5117 9552 3621 1807 9343 579 9599 8334 5814;0
12797;205 6572 6177 3053 770 351 9730 6306 8258 4215 5942 12159 6398 4909 4667;0
12798;3442 10373 11174 7174 10879 8012 11636 12020 2391 6135 2715 4363 2101 9889 11841 9196;0
12799;4113 7148 1895 7030 1088 6894 8312 1334 9742 6451 7016 2560 10394 5400;0
12800;10459 10170 2163 2958 10630 9940 8775 9593 7427 4257 2618 6092 6514 4211 12143 4095;0
12801;1414 6019 10025 1760 4031 1383 2578 8770 5375 6262 4303 11663 6984 11431 9706 9773;0
12802;1672 2698 5808 1746 1385 7179 6965 10643 11040 4394 3439 6891 9270 1444;0
12803;7371 10900 5866 696 2308 11537 11968 3040 3357 5415 6912 7955 9758;0
12804;1794 12219 1524 5818 10427 5605 10543 2225 9125 7504 9344 1384 10751 10020;0
12805;10369 5861 5115 9123 1915 3687 11954 7711 1181 11828 235 10416 375;0
12806;7617 3907 8447 5113 10150 2682 4402 5242 9279 1101 9029 3535 9162 5203 10159 3664;0
12807;9918 5244 12429 6615 11196 8572 10526 867 7090 1806;0
12808;7317 2755 4568 11719 8836 10126 10586 8728 8592 7252 7645 9245 9757;0
12809;6801 6076 1358 12312 4696 5675 9324 6870 178 8302 5307 7082;0
12810;1618 10825 11145 4539 8757 11608 3827 1108 1128 3572 7399 3852 8023 10065;0
12811;231 5117 9552 3621 1807 579 9599 8334 5814 7049;0
12812;205 6572 6177 3053 351 9730 6306 8258 4215 1881 5942 12159 6398 4909 4667;0
12813;10373 11174 7174 10879 8012 11636 12020 1359 2391 6135 2715 4363 2101 9889 11841 9196;0
12814;4113 7148 12278 1895 7030 1088 6894 8312 1334 9742 7016 2560 10394 5400;0
12815;10459 10170 2958 10630 9940 8775 12195 9593 7427 4257 2618 6092 6514 4211 12143 4095;0
12816;1414 6019 10025 1760 3004 4031 1383 2578 8770 5375 6262 4303 11663 6984 9706 9773;0
12817;1672 2698 5808 1746 1385 7179 6965 11040 4394 3439 6891 9270 10577 1444;0
12818;7371 10900 5866 696 2308 11537 8780 11968 3040 3357 5415 6912 9758;0
12819;11559 9210 5781 10946 11250 9289 7018 4538;0
12820;9852 4130 1513 2092 135 8595 3139 3218 6836 852;0
12821;8120 7155 7845 6089 5373 918 10360 11442 10048 3968;0
12822;12465 6853 10264 6806 4265 11536 10591 567 3096 6254;1
12823;7434 2091 8283 4971 5561 12207 2114 8858 3083 6260 9762 11623 1460;0
12824;7844 8007 1969 12438 3273 136 2665 11168 3558 465 7197 10866;0
12825;405 5305 4540 1868 11291 8973 1209 11917 3233 574;0
12826;6486 4147 10999 1676 5800 1479 315 8215 176 9861 4901;0
12827;9131 1410 5737 1505 11066 5551 6793 10776 2964 7362 840;0
12828;1012 12063 8005 7552 6084 4200 6217 6222 9743 3853 7330;0
12829;703 7730 4693 9618 2210 24 2056 5599 764 12147;0
12830;6686 7815 7584 12353 9288 9531 1222 10329;0
12831;4870 11710 3157 1826 458 4292;0
12832;4054 3030 9980 3050 10128 3570 943 59 4105 4758;0
12833;703 7730 4693 2210 2993 24 2056 5599 764 12147;0
12834;6686 7815 7584 12353 9288 9531 10329 5593;0
12835;4870 11710 3157 1523 458 4292;0
12836;4054 3030 9980 3050 10128 943 59 4105 1480 4758;0
12837;1754 1764 6176 7709 6914 2787;0
12838;6167 5056 559 4137 1628 1736;0
12839;4861 2361 2169 1990 4918 1790 206 3541;0
12840;353 7945 7253 6610 7004 7963 10484 7057 3642;0
12841;5007 6053 2211 6036 2110 9151 10703 7421;0
12842;5154 4036 1247 7546 3007 4922 3471 10396 3064 1489;0
12843;6652 5389 10351 10399 5955 8167 5031 5353;0
12844;4103 7396 1687 9379 6980 3601 8500 6772;0
12845;2972 10756 4858 1957 2930 4497 3623;0
12846;4002 9506 11689 5184 1438 10916;0
12847;11563 7777 481 3328 1294 10657 12327 7337;0
12848;12461 6253 11072 2671 3256 9605 2981 12354;0
12849;11191 4487 3668 2621 7765 11964 12131 7052;0
12850;7365 10 6958 506 3371 381 2491 9511;0
12851;1482 11815 8703 2076 10223 1917 8949 9251;0
12852;1755 12460 12367 1718 1066 516 8235;0
12853;12460 10440 12367 3193 1718 1066 10510 384 3819;0
12854;6752 11532 60 6034 11909 980 2491 10714 2921;0
12855;1174 11898 3981 6695 660 8089 10262 7166 10096 11925 1615;0
12856;6121 10376 11814 3328 8894 3432 9336 5042 8606 4438 7712;0
12857;5276 2479 11147 10353 8637 9069 11781 9236 8321 9417 7052;0
12858;228 10463 1270 11943 1917 11247 12090 7758 8949 1235 2019;0
12859;2910 1360 4412 6839 4983 3000 559 11463 8269 5417 1628 10046 1317;0
12860;2361 2252 7161 186 1990 6376 8228 11843 5922;0
12861;229 12461 6253 4698 940 2671 4445 2981 3058 1141;0
12862;9605 11689 1438 10916 328 3674 5514 2440;0
12863;4428 11876 9119 12150 10439 7248 2805 7131 6737 9151 1560;0
12864;444 10306 12205 6305 11208 8812 6476 640 10511;0
12865;3917 6913 2662 4036 4126 8934 5505 4938 3471;0
12866;2614 8131 5802 4840 6796 11612 10711 4022 2596;0
12867;4861 2169 6589 4918 1790 206 4611 6170 2816 11955 4169;0
12868;9331 7113 4671 10820 6715 11072 4610 4065 3712 11738 1044;0
12869;7105 8563 4309 8785 8982 3411 3828 1015 9825 9063 7503 4468;0
12870;2437 4421 9441 7365 3371 9227 9511 4766;0
12871;7631 9376 8163 1207 9062 11163 3130 467 8887 326 11452 9134;0
12872;7683 3405 2116 5334 9292 1514 3485 3585 8645 1506;0
12873;5857 7910 5007 6053 2211 4542 2110 12371 632 422 10703 7421;0
12874;4760 7319 7412 8178 353 9750 7945 7253 5915 6462 3642 8802 8037;0
12875;11243 6999 4514 11188 5322 3152 1888 11857 12487 6418 4308;0
12876;11960 6652 3497 8725 10934 4757 10590 8050 3929 5031 5353;0
12877;11815 8703 2057 7926 9606 3270 7004 7963 11006;0
12878;10190 10778 5862 11592 11393 9028 643 3759 2428 4172 5965 6171 12418;0
12879;10071 8491 7409 6544 5934 10220 11410 8909 11626;0
12880;10824 1046 2493 2707 5752 8551 3914 25 10225;0
12881;5695 1299 10693 1398 3380 2961 4880 4321 3440 2765 11118;0
12882;8793 2611 4337 878 8042 8639 3728 7464 9727;0
12883;6176 2972 4216 830 8510 10756 7709 9140 2638 5218 2787;0
12884;8396 6167 1687 7582 9379 1819 8500 12502 6111;0
12885;5770 11081 1579 7987 3983 526 5279 8784 1940 9645;0
12886;8604 635 2188 4993 3944 2209 4781 12373 5891 11141 3479 711 5460 4629;0
12887;8835 4561 11315 10509 11891 8828 7229 4527 10986 6590 2132;1
12888;8701 11484 11384 3792 8956 4657 6960 8545 4158 9643 791 4306 2490 5124 10233;0
12889;8084 6328 7689 6505 8457 3941 11552 12269 4982 6791 9200;0
12890;7602 2276 4724 2170 12479 11864 294 12163 12481 151 9538 1877 7749 11846;0
12891;8842 9305 11514 4100 9091 5441 10361 917 3119 1389 9341;0
12892;11956 2049 6417 2219 12241 6366 10402 6230 11209 10966 7944 5639;1
12893;571 10297 4994 11984 3457 12350 1091 6277 1784 10332 4536;0
12894;5626 10827 63 11086 2713 10768 4703 11594 2670 2978 9532 1138 33 2292 10242;0
12895;1753 3757 9904 9717 9086 7413 8989 10172 7706 9728 5239 7251 2803;0
12896;11929 7306 2118 11825 251 2081 6236 10499 3858 411 10244 553;0
12897;6102 7866 7339 3445 5665 2908 295 9965 1248 10769 10737 4258 7199 1391;0
12898;1551 12286 3622 11345 9050 4351 926 12160 1656 1416 11756 1286 2496;0
12899;5858 11877 10040 10932 8445 11565 6703 4624 10991 3385 550 6020 8189 5170 8760 10855;0
12900;9352 5328 11675 2518 5280 382 6722 11112 2794 3392;0
12901;1625 11711 1342 12023 1935 1231 6911 8864 10468 10858 1878 11665 10796;0
12902;8917 534 9596 7292 5225 1177 3545 2813 1729 257;0
12903;364 7581 9301 5907 9043 2673 4589 5028 8401 4356;0
12904;2943 9520 1099 7988 11327 1188 11902 8857 5918 3339;0
12905;9128 4899 2534 7636 4655 4902 2953 9976 10203 841 9234 413 8865 9477 6430 3847;0
12906;12277 10786 1908 4694 11591 3605 12012 2658 1227 1475 6314 3963 1043;0
12907;2683 11758 5287 11157 8931 12499 6924 3486 11307 266 418 11083 6995;0
12908;4401 3002 2584 12484 11224 3103 6044 5819 2935 12471 9124 7625;0
12909;8650 10982 3452 11386 10730 3794 8544 9255 8097 1027 2891 10397 12089 5308;0
12910;5729 8078 749 609 10758 7764 8054 9974 7458 1740 6533;0
12911;5463 12093 2438 8442 6653 303 10387 5921 9452 7344 762;0
12912;1660 4479 3116 1112 7721 12065 8043 11786 6646 1776 329 3177 9504 11621 1106;0
12913;10006 535 10931 11543 1073 2418 2610 9905 3142 6143;0
12914;2359 1353 1967 820 1892 8798 1883 11855 7441 463 3704 2198 8231 11842 6919 6288;0
12915;5192 3407 3496 4681 2015 11434 9252 527 9996 4907 7691 513 5886 4598 2403 3959;0
12916;4386 3751 9607 7397 8179 1670 8458 10902 282 6481 4246 11076;0
12917;8571 4530 1983 6184 8519 5149 6234 3087 6882 11795 4503 6518;0
12918;8350 11722 11834 9126 10356 3679 664 8710 10320 3638 5032 10655 7653 7609;0
12919;6617 11310 8539 12010 8285 10628 4174 3463 3604 12116 2982 3265 2025 984 2799;0
12920;2528 6700 10336 10979 11704 9226 11627 2497 9295 7819 9469 12073 10331 6490;0
12921;9311 5167 1349 1749 5746 7733 1277 8565 8315 6016;0
12922;43 3924 12022 7622 5335 2511 11368 3643 1562 8028;0
12923;480 3925 4969 7958 1269 12412 8195 6934 10178 7518;0
12924;435 5867 3893 3999 9644 1379 12319 1941 3093 5778 4687 8496 11190;0
12925;10184 4563 4792 9858 7495 11777 6651 12087 6887 3313;0
12926;4520 11303 8845 11238 4829 378 8963 3012 10594 2965 9781 8397;0
12927;857 5574 12078 4712 9948 10035 256 11149 524 11065 11658 5087 8602 3056 9284 10870;0
12928;9102 7210 9958 1911 1517 11926 5337 2220 8732 9253;0
12929;2152 3845 7033 10746 5327 8412 4248 2374 8729 1827 4932 11798 6585 366;0
12930;1739 11905 3353 8230 10393 9447 7630 1355 4914 8409 4313 5143 8763 769 2860;0
12931;0 9702 7324 603 9493 5508 6829 323 5352 6979;0
12932;5444 2971 3210 5398 8682 3140 11475 12161 3879 10114 713 8111 4029 10840 4728;0
12933;4863 7914 4519 10691 5488 9335 3738 7358 5568 5448 3236 9281 3052 7279 8116;0
12934;1814 9867 1415 1678 5066 1651 2641 11365 9527 11486;0
12935;7619 8333 4835 5743 2390 10068 3582 8562 4484 7979 6224 7241 3349 260 2349 6157;0
12936;3079 9659 3945 4599 3809 6082 8658 5190 1542 3731;0
12937;1900 11264 3665 8943 1263 10612 7960 9985 2105 3557 1769 11312 8814 1495;0
12938;6802 10524 451 8898 7924 7701 1484 3730 5780 7363 12453 170 9790 10189 11624 701;0
12939;198 9507 7975 6189 2950 7590 335 1095 182 5909;0
12940;4423 6351 11562 5259 230 9225 8314 9156 6134 10256 3559 7231 9176 10202 8307 5892;0
12941;5826 7487 3082 9137 11982 1793 4281 2043 8890 9575 11580 10865 8587;0
12942;6065 4333 5160 11934 11767 200 2957 2752 7296 9077 11357 7191 2692;0
12943;10685 6536 11036 7956 7432 8306 6550 7594 8247 11873 6840 10607 726;1
12944;4096 4791 12013 1796 7160 3115 11275 8972 6204 6331 540;0
12945;4958 981 7575 3133 6145 836 9181 1435 5767 6335;0
12946;8853 11632 9332 7879 5785 10352 7300 7592 9984 7821 9592 3286 2862 7249 8613 4488;0
12947;12389 12009 9402 8311 8922 2462 7650 3446 8101 10078 7808 1582 7519;0
12948;2828 11637 1045 10276 1943 4165 542 1873 11283 11054 5147 8962 12202 3234 10091 3515;0
12949;5770 11081 7987 3983 526 5279 8784 1940 88 9645;0
12950;4654 8604 635 2188 4993 3944 2209 4781 12373 5891 11141 3479 711 4629;0
12951;8835 4561 11315 10509 11891 8828 7229 4527 6590 11686 2132;1
12952;8701 11484 11384 3792 8956 4657 6960 8545 4158 9643 791 4306 5124 10233 3522;0
12953;8084 6328 7689 6505 8457 3941 11552 12269 6791 7028 9200;0
12954;7602 2276 2170 12479 8598 11864 294 12163 12481 151 9538 1877 7749 11846;0
12955;8842 9305 11514 4100 5441 12167 10361 917 3119 1389 9341;0
12956;4807 11956 2049 6417 2219 12241 6366 10402 11209 10966 7944 5639;1
12957;571 10297 4994 11984 3457 1091 6277 1784 10332 10559 4536;0
12958;8661 5626 10827 63 11086 10768 4703 11594 2670 2978 9532 1138 33 2292 10242;0
12959;1753 3757 9904 9717 9086 8989 10172 7706 9792 9728 5239 7251 2803;0
12960;11929 7306 2118 11825 251 2081 6236 10499 411 10244 1153 553;0
12961;6102 7866 7339 3445 5665 2908 12288 9965 1248 10769 10737 4258 7199 1391;0
12962;1551 12286 3622 9050 4351 926 11280 12160 1656 1416 11756 1286 2496;0
12963;5858 11877 10040 10932 8445 11565 6703 4624 10991 3385 6020 8189 5170 5349 8760 10855;0
12964;9352 5328 11675 2518 5280 382 6722 5216 11112 3392;0
12965;1625 11711 1342 12023 3607 1935 6911 8864 10468 10858 1878 11665 10796;0
12966;8917 534 9596 7292 3685 5225 3545 2813 1729 257;0
12967;364 7581 9301 5907 9043 2673 4589 7694 5028 4356;0
12968;2943 9520 1099 7988 11327 1188 11902 8223 8857 3339;0
12969;9128 4899 2534 7636 4655 4902 2834 2953 9976 10203 841 9234 8865 9477 6430 3847;0
12970;12277 10786 1908 4694 11591 3605 12012 2658 1227 3555 6314 3963 1043;0
12971;6162 2683 11758 5287 11157 8931 12499 6924 3486 11307 418 11083 6995;0
12972;8555 4401 3002 12484 11224 3103 6044 5819 2935 12471 9124 7625;0
12973;8650 10982 3452 1256 11386 10730 3794 9255 8097 1027 2891 10397 12089 5308;0
12974;5729 8078 6186 749 10758 7764 8054 9974 7458 1740 6533;0
12975;5463 12093 2438 8442 6653 303 10387 5921 9452 7344 2924;0
12976;1660 4479 3116 1112 7721 8043 11786 6646 1776 329 10464 3177 9504 11621 1106;0
12977;10006 10931 8924 11543 1073 2418 2610 9905 3142 6143;0
12978;2359 1353 1967 820 1892 8798 682 1883 11855 7441 463 2198 8231 11842 6919 6288;0
12979;5192 3407 3496 4681 2015 11434 9252 527 9996 4907 7691 513 4598 2403 6411 3959;0
12980;3751 9607 7397 8179 8654 1670 8458 10902 282 6481 4246 11076;0
12981;8571 4530 6184 8519 5149 6234 3087 6882 11795 4503 6518 1773;0
12982;8350 11722 9126 10356 3679 10257 664 8710 10320 3638 5032 10655 7653 7609;0
12983;6617 11310 8539 12010 10628 4174 3463 3604 6990 12116 2982 3265 2025 984 2799;0
12984;2528 6700 10336 11720 10979 11704 9226 11627 2497 9295 7819 9469 12073 6490;0
12985;9311 5167 1349 5746 7733 1277 8565 2165 8315 6016;0
12986;600 3924 12022 7622 5335 2511 11368 3643 1562 8028;0
12987;480 4969 7958 3942 1269 12412 8195 6934 10178 7518;0
12988;435 5867 3893 3999 9644 1379 1941 3093 5778 4687 8496 8933 11190;0
12989;4563 4792 9858 7495 11777 6651 2432 12087 6887 3313;0
12990;4520 11303 8845 11238 4829 378 8963 3012 10594 9781 8397 3084;0
12991;5574 12078 4712 9948 10035 256 11149 524 11065 11658 5087 8602 3056 9284 3146 10870;0
12992;7210 9958 1911 1517 11926 5337 2220 7864 8732 9253;0
12993;2152 3845 7033 10746 5327 8412 4248 2374 8729 4932 11798 1600 6585 366;0
12994;11905 270 3353 8230 10393 9447 7630 1355 4914 8409 4313 5143 8763 769 2860;0
12995;9702 7324 603 9493 11474 5508 6829 323 5352 6979;0
12996;5444 2971 3210 5398 8682 3140 11475 12161 3879 10114 713 4029 10840 9946 4728;0
12997;4863 7914 4519 10691 5488 9335 3738 7358 5568 5448 3236 3052 7279 9436 8116;0
12998;9867 1415 1678 5066 1651 2641 11365 5493 9527 11486;0
12999;7619 4835 5743 3960 2390 10068 3582 8562 4484 7979 6224 7241 3349 260 2349 6157;0
13000;3079 9659 12250 4599 3809 6082 8658 5190 1542 3731;0
13001;1900 11264 3665 8943 1263 10612 7960 2105 5004 3557 1769 11312 8814 1495;0
13002;10524 8904 451 8898 7924 7701 1484 3730 5780 7363 12453 170 9790 10189 11624 701;0
13003;198 9507 7975 6189 2950 335 6578 1095 182 5909;0
13004;4423 11562 5259 230 9225 8314 628 9156 6134 10256 3559 7231 9176 10202 8307 5892;0
13005;5826 7487 3082 11982 1793 4281 2043 8890 8013 9575 11580 10865 8587;0
13006;4333 5160 11934 11767 200 8872 2957 2752 7296 9077 11357 7191 2692;0
13007;10685 6536 11036 7956 7432 9615 8306 6550 7594 8247 11873 6840 726;1
13008;4096 4791 12013 7160 3115 11275 8972 1413 6204 6331 540;0
13009;4958 981 8967 7575 3133 6145 836 9181 1435 5767;0
13010;8853 5223 11632 9332 7879 5785 10352 7300 7592 9984 7821 9592 3286 2862 8613 4488;0
13011;12389 2243 9402 8311 8922 2462 7650 3446 8101 10078 7808 1582 7519;0
13012;2828 11637 1045 10276 1943 8677 542 1873 11283 11054 5147 8962 12202 3234 10091 3515;0
13013;9847 10985 11446 11827 6807;0
13014;10038 8441 9699 3779 710 9502 4437;0
13015;9093 7379 9774;0
13016;8505 6231 6280 6892;0
13017;3882 11501;0
13018;87 7149;0
13019;5855 9042;0
13020;7014 2887;0
13021;1516 2456 7522;0
13022;6024 4439;0
13023;479 6188 615 7658 5913 742 10996 3992 6347;0
13024;4234 3692;0
13025;5849 9173 8953;0
13026;8357 1716 3267;0
13027;3019 9782;0
13028;217 7450 6622 941;0
13029;217 12294 7920 6622;0
13030;3261 9359 5926 3636;0
13031;11591 8036;0
13032;860 4077 3627 905 4074 3661;0
13033;670 10996 1499;0
13034;6658 164;0
13035;11221 10311;0
13036;3023 12012 4558 12455;0
13037;9437 10604 5142 3734;0
13038;6671 12197 3605 8758;0
13039;480 4969 6615 10902 7518 8717;0
13040;7311 8717;0
13041;9601 6549 6769 7845 4502;0
13042;9601 7862;0
13043;3259 6280 11745 4586 840;0
13044;10625 9887;0
13045;4267 6671 1227 11752;0
13046;3280 11772 8102 3218;0
13047;1269 12412 282 6934 1552;0
13048;1552 11886;0
13049;5333 11255;0
13050;8767 4558;0
13051;7295 4074 5962;0
13052;8715 12429 8195 4246 10178;0
13053;10652 7210 9088 1911 7285 11926 11777;0
13054;4792 9958 3841 8732 11076;0
13055;4563 9607 2220 7837 3313;0
13056;2683 1517 5337 3599 9253;0
13057;1474 2166 7913 1420 2323 5628;0
13058;5791 7550 7206 12379 4202 6738;0
13059;10532 10596 11402 8641 2447 10951;0
13060;3833 7075 1501 7828 6098 8578;0
13061;11372 6131 725 9674 7244 6313;0
13062;4256 1085 5523 7605 11754 8392;0
13063;5880 6399 4055 6296 5930 722;0
13064;9386 6010 11881 6865 5008 56;0
13065;10831 4150 9500 272 1691 6932 1162 1847;0
13066;216 3563 2279 7181 1974 9423;0
13067;11267 5151 11446 3086 2847;0
13068;10245 5429 2617 4290 5421;0
13069;2246 6285 11007 10084 7424;0
13070;9168 10210 7682 5764 8225;0
13071;9798 6573 2083 12193 517;0
13072;1991 191 7394 184 9754;0
13073;1357 10282 1658 11172 11026 11904 3318 6353 10408 1030 2415 1741;0
13074;3219 1747 673 10851 1354 741 4062 10754 4762 4102 2722;0
13075;4530 8572 11795 6082 6518 10526 4354 5533;0
13076;8335 8571 8519 5149 11780 6882 1542;0
13077;5480 9016 7217 2969 9872 3896 895 6219 3102;1
13078;4411 7553 851 2527 10312;0
13079;10043 3791 5740 8341 978 10566;0
13080;6014 46 1812 12317 9367 4979;0
13081;12388 9913 12448 11990 10816 2022;0
13082;10699 7646 10732 8238 6129 1968 2869 8371 10748 6727 10807 8122;0
13083;687 4753;0
13084;4753 4459;0
13085;503 2322;0
13086;2322 11946;0
13087;483 6011 2844 12096 5169 1980 1155 4603 8741 10534 9114;0
13088;994 7098;0
13089;6688 3743 5700 3434;0
13090;7096 9425;0
13091;12055 9425;0
13092;11633 771 1213 8541;0
13093;1315 6843;0
13094;7096 1583 5366;0
13095;11992 503;0
13096;5749 5562 707;0
13097;11713 5583 8820 810 10588 172 4207 2207 3564 2798;0
13098;261 10045 7457;0
13099;2223 7446 4035;0
13100;8239 9809;0
13101;11132 5012;0
13102;11797 8575 5963;0
13103;7729 5052 7714;0
13104;11342 2208 12126;0
13105;1831 10905 371;0
13106;6028 4718;0
13107;9718 9053 7261;0
13108;11566 9322 3416;0
13109;7297 11869 8047;0
13110;9290 1010 3889;0
13111;3501 3212 8085;0
13112;3455 12434;0
13113;10253 5395 8185;0
13114;12457 6683 7516;0
13115;4943 4352 9819;0
13116;1663 158 4814;0
13117;10493 6907 8048;0
13118;12480 3984 7754;0
13119;1158 4420;0
13120;5715 1158 1037;0
13121;8794 2691;0
13122;6475 9626;0
13123;5109 7457;0
13124;2223 2648;0
13125;8239 3838;0
13126;3302 5217 4320;0
13127;1072 4171 11061;0
13128;8849 8914 6889;0
13129;8765 4492 8340;0
13130;3484 5981 4725;0
13131;702 11424 4576 3478 3885 661 9044 10401 2537 11741 7933 5195 10781;0
13132;6071 4296 6325 6852 629 12445 4897;0
13133;7287 7312 11348 8803 5970;0
13134;12025 7044 2825;0
13135;10392 2646 5365;0
13136;3911 9990 1885;0
13137;10757 705 3347;0
13138;10392 705 10964;0
13139;6115 3776 5984 9414 10644 560 5379 12081 6580 2168 12101 11073 5220;0
13140;8773 6115 2784 6437 6350 5247 2744 5984 11323 522 1521 2398 5379 10564 8233;0
13141;12136 2744 12267 3776 5984 4037 2723 976 4355 2229 10564 12081 1319 5397 5404 8233;0
13142;10695 9537 3645;0
13143;2274 291 6371;0
13144;6115 12136 9380 3789 5247 695 12267 10458 460 3824 12081 5356 5404 2050 8233 5220;0
13145;6424 8381 11835;0
13146;12136 6437 911 9242 3776 575 3548 7938 6928 3700 1634 4557 8208 1319;0
13147;4709 4317 10678;0
13148;10896 4856 8498 4672 3386 6902 6714 2838 12451 9222 10914 5299;0
13149;2549 798;0
13150;2148 7789 11212;0
13151;5489 11242 12223;0
13152;2389 8946 11104;0
13153;5407 6495;0
13154;2549 10695 9442;0
13155;10326 4779 4978 1706 5839 2719 4116 9551;0
13156;1172 7732 8171 5765 4701 5576 3437 9084 885 5681;0
13157;1173 8940 2248 8912 4742 6594 4232 8203 3895 12299 10018;0
13158;10699 10732 11683 8238 6129 9065 2869 8371 5318 2445 6727 8122 12279;0
13159;11372 9004 9526 8186 9856 7525 5084 8726 7478 5586 3231 1537 56;0
13160;4067 4844 452 4549 1431 4850 1686 8807 2035 12417 3145;0
13161;1954 6079 7321 108 456 8367 10922;0
13162;5423 951;0
13163;8548 81 7550 8364 8570 4631 6341;0
13164;9516 1905 10041 829 1876 3691 1950 5757 2142 318 9751 2326 11751 9722 5213;0
13165;9640 5146 3088 45 6738;0
13166;441 12224 3038 8380 10835 818 5102 10882 7485 11362 11889;0
13167;8158 1667 12403 2111 971 11698 7664 4152;0
13168;12494 10204 1289;0
13169;6373 7120;0
13170;9400 6735;0
13171;4511 2728;0
13172;6724 3662 9329 7686 2001 3417 10462 5985 5382 4543 11493 4350 112 3540 7088;1
13173;8052 322 7919 1984;0
13174;154 9808 606 3409 2228 10266;0
13175;6496 2228;0
13176;8845 6276 7189;0
13177;389 2968 9953;0
13178;12293 12395 10348 10092 3118;0
13179;12173 4785 4286;0
13180;2373 7673;0
13181;9166 936;0
13182;2067 11314 12208;0
13183;2067 11314 6726;0
13184;10880 6188 10124 10173 3992;0
13185;11313 6188 3640 7281 10173 3992;0
13186;409 7159;0
13187;10523 11183 670 8863 11313 10173 3992;0
13188;409 4866;0
13189;11183 615 5913 8347 742 3992;0
13190;936 2818;0
13191;7494 4924;0
13192;4924 4605;0
13193;9144 2567;0
13194;5437 3950 12190 584;0
13195;10372 4149;0
13196;6195 5271 12122 8884 8952;0
13197;6540 484 4226 6471;0
13198;2150 1449;0
13199;9947 7821 3566;0
13200;11820 8516 1188;0
13201;10814 9561 6333 11387 12292 11523 8825 8496 6790 3363 1614 6788 1624;0
13202;226 9011 8348;0
13203;5066 7983;0
13204;7204 7983;0
13205;5856 9998 12342;0
13206;4162 7536 2571;0
13207;4523 1808;0
13208;4744 7929 8266 3647;0
13209;11380 6231 1471 6860;0
13210;7579 11862;0
13211;5705 12155 7035;0
13212;10239 5551 4502 4862 7984;0
13213;5328 9598 9657 5721 8027 4206;0
13214;12242 1080 10280 7529;0
13215;8431 612 3574 1131;0
13216;12062 5783;0
13217;408 6600 7618 5973;0
13218;2757 915 3505;0
13219;7563 10880 742;0
13220;2295 11183 615 10610;0
13221;408 6600 6702 2712 4447 9594 5091 7869 12053 5973 11235;0
13222;6600 12062 4447 6591 876 1118 1830 3574 5973 8818 10996;0
13223;9662 8431 12062 10506 2038 6942 7529 3574 11659 1131 7880;0
13224;12075 2681 9662 9594 6042 6279 6942 11235 8585;0
13225;860 8275 4077 1942 3155 3661;0
13226;1306 8431 12062 6591 2754 3820 2038 1118 1830 3574 1131;0
13227;6101 12387 837 10263;0
13228;7940 7920 7603 9391 7800 1567;0
13229;10274 7450 2203 1567;0
13230;217 6673 7450 6622;0
13231;5804 10923 1804 751 8280 6945 5727;0
13232;6138 7443 8280 5799 6945 4243;0
13233;6966 7443 8280 10894 6945 4243 12177 5481;0
13234;1973 846 3699 10563;0
13235;3161 2466 7350 7982;0
13236;10712 1973 846 3699;0
13237;958 2155 5333 10907 2494 2453 7512;0
13238;2757 12383;0
13239;11458 1790;0
13240;1066 101;1
13241;8491 1976;1
13242;4999 5709 6245 4834 5890;0
13243;998 2427;0
13244;7096 7544;0
13245;6498 651;0
13246;10298 3092 4457;0
13247;5966 10174;0
13248;3092 1684;0
13249;9330 5546 10200 8388 9381;0
13250;9330 2218;0
13251;7078 2218;0
13252;9459 6216;0
13253;969 3314;0
13254;9503 5594;0
13255;2427 4704;0
13256;10925 4417;0
13257;8633 5966;0
13258;12225 585 8143 180;0
13259;11633 10828 1213 4808;0
13260;6384 1761 9803 5312 6938;0
13261;4918 12185;0
13262;578 2169;0
13263;2146 1990;0
13264;7728 9301 6555 8494 1432 9146;0
13265;5632 10357 8822;0
13266;5710 9933 414;0
13267;11914 390;0
13268;4793 2703 4480 5284 1889 9986 8822;0
13269;3217 3533 3659 1229 5075;0
13270;6330 5245;0
13271;2510 38;0
13272;9282 9811;0
13273;6479 9033;0
13274;12003 11585;0
13275;3883 6964 7335 1693;0
13276;3431 2997 11151 11837 6406;0
13277;2436 6136;0
13278;1571 2655 12111 9843 6397 4205 952;0
13279;1839 3242 3070 3154 7451;0
13280;7892 10750;0
13281;5156 10219 6775 8573;0
13282;4109 1548;0
13283;4691 6267 9979;0
13284;9100 7250 8671 2009;0
13285;11712 7022;0
13286;7353 854 12109 10398;0
13287;3676 2907 3475;0
13288;490 3475 2023;0
13289;6229 5401;0
13290;12426 7000 1655 6662 3990;0
13291;2742 1963 10249;0
13292;3299 3;0
13293;5347 3465 127 12454 245 7015 10944;0
13294;3342 8301 9110;0
13295;3396 4346;0
13296;1787 11999;0
13297;3221 9785 9286;0
13298;6149 11999 11615;0
13299;12217 5728 2963 468 8579;0
13300;405 2254 1868 11291;0
13301;4547 2520;0
13302;8844 3330 2266 11963 10595 10420 720;0
13303;7388 9770;0
13304;5573 6772;0
13305;3601 12034;0
13306;10616 2318;0
13307;3477 11072;0
13308;6253 955;0
13309;7388 5649;0
13310;5573 7917;0
13311;12174 12034;0
13312;3477 2826;0
13313;3262 955;0
13314;1012 3300;0
13315;5240 4669;0
13316;5852 784;0
13317;8402 2353;0
13318;3111 2353;0
13319;528 2399;0
13320;2399 5222;0
13321;2354 11031;0
13322;5467 9273;0
13323;6241 11541;0
13324;218 6241;0
13325;6047 9218;0
13326;6047 10231;0
13327;3360 9574;0
13328;9231 2362;0
13329;7688 832;0
13330;3688 10042;0
13331;2338 11133;0
13332;11231 4435;0
13333;3048 1125;0
13334;6295 6670;0
13335;4697 4498;0
13336;3207 11435;0
13337;6148 1982;0
13338;2338 7753;0
13339;11231 4622;0
13340;5410 3048;0
13341;12154 6670;0
13342;3207 9164;0
13343;12157 1982;0
13344;4622 8656;0
13345;5410 3095;0
13346;11513 9164;0
13347;2119 12157;0
13348;4420 3651;0
13349;11574 6816;0
13350;9122 3651;0
13351;11133 1608;0
13352;4435 10182;0
13353;1125 1406;0
13354;6295 10237;0
13355;4697 5135;0
13356;11435 8113;0
13357;6148 432;0
13358;503 6844;0
13359;1608 973;0
13360;10182 9346;0
13361;3810 1406;0
13362;605 10237;0
13363;8113 7455;0
13364;432 10609;0
13365;5686 973;0
13366;9346 7162;0
13367;3810 7895;0
13368;9928 7455;0
13369;415 10609;0
13370;7112 11133;0
13371;5872 4435;0
13372;1125 453;0
13373;6295 12408;0
13374;4697 4823;0
13375;11435 11614;0
13376;6148 2192;0
13377;9415 7112;0
13378;5872 4081;0
13379;4843 453;0
13380;12408 4189;0
13381;11614 3470;0
13382;2192 6636;0
13383;6393 4081;0
13384;4843 4186;0
13385;9045 3470;0
13386;12170 6636;0
13387;11928 10477;0
13388;9578 6112 8244 61;0
13389;10433 10477;0
13390;3504 11349 10191 9174 11286 8156;0
13391;3504 7586 12162 8961;0
13392;4731 2630 7737 2650 11535;0
13393;10974 5455 5893 10569 11535;0
13394;2485 10780 9211;0
13395;2485 7314 4397;0
13396;10144 3169 7647;0
13397;5346 7267 3427 8774 3767 7891 8117 5011;0
13398;11094 10103 11201;0
13399;10028 6941 2743 6822 11935 9233 6173 9167 11530 10195 7128;0
13400;2743 869 8649;0
13401;4682 338 9736 6243 11251 4822 2240 1186 1989;0
13402;6753 2551 8618 5578 4433 9403 2451 6885 1569;0
13403;5578 6239 3821;0
13404;901 4405 759 3747 503;0
13405;6382 6050 2347 759 4127 11194 5567;0
13406;5903 9479 4041 10872 2286 1176 7135;0
13407;5903 4072;0
13408;2674 9205 6375 10208 26 11143;0
13409;4697 6991 1829 8018 5364;0
13410;6443 6968 8867 11328 10972 4981 4262 6568 5445;0
13411;4388 5445;0
13412;8118 8621 5275 11347 6824 4378 6837;0
13413;8621 11090;0
13414;3739 2657 4847 1692 8514 12504 175 6996 3641;0
13415;9369 3739;0
13416;2634 5262 7370 4496 7671 3153;0
13417;592 2524 11874 9306 5295 2167;0
13418;7267 3195;0
13419;5731 2553 12097 977 7381 12504 11211 2911 459;0
13420;3881 9277 7784 5385 11677 4378;0
13421;610 6824;0
13422;6295 11143 289;0
13423;8681 4646;0
13424;8418 11435 3136;0
13425;6753 10779 8556 687 22 2960 1679;0
13426;4673 4431 8649;0
13427;5916 11596 10783 6148 12474;0
13428;10780 11596 8287;0
13429;1730 8438 2630 4377 6413 3849;0
13430;7419 11349 152 9686;0
13431;698 12246 9479 7576;0
13432;3778 2634 9854;0
13433;5262 11688 10366 10575;0
13434;7370 11448;0
13435;5987 4405 1125 11133 4435 5369 5835 6637;0
13436;9277 6800;0
13437;8118 2239;0
13438;2883 4348 7135;0
13439;10012 962 3153;0
13440;11936 11133;0
13441;4372 4435;0
13442;1125 5145;0
13443;6295 6679;0
13444;3029 4697;0
13445;10030 11435;0
13446;6148 119;0
13447;1601 11936;0
13448;4372 8640;0
13449;5145 3274;0
13450;12311 6679;0
13451;10030 8137;0
13452;6197 119;0
13453;1601 11788;0
13454;11119 8640;0
13455;8786 3274;0
13456;8137 7477;0
13457;6197 10884;0
13458;10275 852;0
13459;4757 647;0
13460;647 4991;0
13461;4157 687;0
13462;4157 2717;0
13463;687 4719;0
13464;4719 4465;0
13465;19 687;0
13466;19 5997;0
13467;6167 2346;0
13468;2346 10572;0
13469;503 2259;1
13470;3367 5359;0
13471;7936 7018;0
13472;2461 5815;0
13473;12152 880;0
13474;10946 3808;0
13475;4412 8057;0
13476;6478 9778;0
13477;5452 2977 5371 7628 2722;0
13478;4109 6989 11595 7250 10885;0
13479;1419 4580 9514;0
13480;5125 3557;0
13481;3243 1769;0
13482;8984 1495;0
13483;1900 7270;0
13484;1263 3584;0
13485;3665 7915;0
13486;7960 7209;0
13487;10111 205;0
13488;2740 6177;0
13489;912 351;0
13490;3796 5942;0
13491;2325 8258;0
13492;1240 6398;0
13493;2264 4909;0
13494;1199 4667;0
13495;5584 6984;0
13496;10979 8206;0
13497;736 10336;0
13498;9226 5901;0
13499;4051 11704;0
13500;5868 9295;0
13501;4082 11627;0
13502;6359 9469;0
13503;8701 11214;0
13504;11384 4614;0
13505;3792 8674;0
13506;8043 4345;0
13507;8189 8612;0
13508;7363 11102;0
13509;6490 10681;0
13510;12073 9351;0
13511;7123 8763;0
13512;9447 9392;0
13513;2731 6307;0
13514;7669 12257;0
13515;12036 10418;0
13516;729 1646;0
13517;118 11773;0
13518;5998 1578;0
13519;8407 1362;0
13520;6922 5669;0
13521;10483 5006;0
13522;51 4305;0
13523;7234 4876;0
13524;4322 9509;0
13525;8495 6799;0
13526;11044 7506;0
13527;3495 4391;0
13528;9047 6704;0
13529;11426 11056;0
13530;9078 10815;0
13531;11439 9321;0
13532;2958 11416;0
13533;10786 9420;0
13534;11418 4694;0
13535;9560 3012;0
13536;2530 9781;0
13537;1116 2950;0
13538;10110 1095;0
13539;5830 540;0
13540;2265 6204;0
13541;4096 39;0
13542;2010 5143;0
13543;161 4313;0
13544;6119 2860;0
13545;4120 2209;0
13546;9255 693;0
13547;4705 33;0
13548;11086 4087;0
13549;11891 4737;0
13550;2796 4015;0
13551;8868 4651;0
13552;9027 11148;0
13553;11399 3192;0
13554;3144 4482;0
13555;8722 3963;0
13556;11473 6314;0
13557;9665 9986;0
13558;3465 7886;0
13559;9800 7051;0
13560;1652 9894;0
13561;8928 1836;0
13562;10749 1526;0
13563;614 11770;0
13564;2127 11724;0
13565;11805 2312;0
13566;2089 4890;0
13567;4520 6226;0
13568;11238 10489;0
13569;8963 10251;0
13570;11303 582;0
13571;4500 7568;0
13572;2827 4805;0
13573;4594 8944;0
13574;2007 3271;0
13575;5769 5164;0
13576;1685 5089;0
13577;3223 9842;0
13578;3075 11019;0
13579;7050 7677 5595 2464;0
13580;8065 5595;0
13581;5560 9409 997;0
13582;6655 9262;0
13583;9765 625 2889;0
13584;9765 8740 792;0
13585;8740 9910 4151;0
13586;3995 3795 4151;0
13587;3995 6472 8617;0
13588;554 8617 1799;0
13589;2629 1799;0
13590;11794 5794 9432;0
13591;6729 956 997;0
13592;956 10284 9198;0
13593;482 11603;0
13594;4314 7067 9409;0
13595;1057 8586;0
13596;1057 4510 3610;0
13597;9316 3772 6304;0
13598;1287 9052 10194;0
13599;1287 11848 913;0
13600;11848 296 1689;0
13601;684 296 2619;0
13602;2619 8746;0
13603;7283 7690 4651;0
13604;7283 4214 6689;0
13605;3358 8800 6689;0
13606;3358 6275;0
13607;863 9316 4510;0
13608;3830 10912 5034;0
13609;515 1373 5034;0
13610;4349 11650 6576;0
13611;4349 515 2096;0
13612;11650 1092;0
13613;3666 4509;0
13614;9492 239;0
13615;6588 946;0
13616;7361 3941;1
13617;9297 12269;1
13618;7073 2126;0
13619;2839 5265;0
13620;12000 8739;0
13621;4579 5081;0
13622;5645 2789;0
13623;5704 11389;0
13624;10909 2032;0
13625;12430 7473;0
13626;10290 9208;0
13627;525 9530;0
13628;7841 1276;0
13629;9814 3074;0
13630;7195 4467;0
13631;6041 11292;0
13632;10129 77;0
13633;916 10642;0
13634;7318 6480;0
13635;5648 6477;0
13636;11331 3749;0
13637;10181 7186;0
13638;7878 3817;0
13639;3072 2947;0
13640;6948 7192;0
13641;2062 8588;0
13642;8039 5340;0
13643;1720 11640;0
13644;4076 12490;0
13645;1226 4107;0
13646;6656 5185;0
13647;11142 9071;0
13648;3875 1522;0
13649;2672 4042;1
13650;7087 2537;0
13651;9008 2425;0
13652;278 4910;0
13653;3983 12119;0
13654;526 2031;0
13655;3738 10927;0
13656;9335 478;0
13657;7358 10868;0
13658;3621 417;0
13659;7689 4857;0
13660;12188 5279;0
13661;579 1975;0
13662;137 3731;0
13663;4519 6063;0
13664;97 8966;0
13665;5085 5532;0
13666;7948 10271;0
13667;7428 8840;0
13668;11971 11649;0
13669;8268 10614;0
13670;6352 11480;0
13671;3225 8361;0
13672;5231 7612;0
13673;12415 3338;0
13674;4245 9249;0
13675;7430 6747;0
13676;3534 4227;0
13677;8001 6669;0
13678;3671 12187;0
13679;1508 3135;0
13680;9154 2769;0
13681;968 11443;0
13682;2913 10052;0
13683;1423 8124;0
13684;7435 3737;0
13685;9805 8153;0
13686;7593 1205;0
13687;9963 5596;0
13688;2227 1335;0
13689;1512 6045;0
13690;12211 8416;0
13691;2041 6633;0
13692;12313 5897;0
13693;4019 2130;0
13694;6631 646;0
13695;6200 12176;0
13696;10876 1978;0
13697;100 401;0
13698;11213 4875;0
13699;10926 533;0
13700;441 5367;0
13701;4521 10882;0
13702;97 5690;0
13703;10501 5532;0
13704;44 8361;0
13705;5967 7612;0
13706;12415 68;0
13707;4245 5201;0
13708;6747 4194;0
13709;4227 7002;0
13710;6669 4774;0
13711;4458 12187;0
13712;4783 10271;0
13713;4413 8840;0
13714;7816 11649;0
13715;11542 10614;0
13716;3174 11480;0
13717;9036 10568;0
13718;3589 3166 5186;0
13719;11916 3602 8456;0
13720;7993 6489;0
13721;7176 12112;0
13722;10942 2033;0
13723;8584 6403;0
13724;6344 11492;0
13725;8404 6380;0
13726;6301 11219;0
13727;11908 10507;0
13728;7953 457;0
13729;6954 10978;0
13730;11263 10662;0
13731;10246 2605;0
13732;9898 7055;0
13733;2572 9483;0
13734;5198 1803;0
13735;4312 1019;0
13736;12008 10196 2864;0
13737;1038 1565;0
13738;1748 11823;0
13739;1242 5133;0
13740;1009 4193 1710;0
13741;3848 250 2672;0
13742;3295 8159 6193;0
13743;8709 7351 8393;0
13744;7313 9865 6283;0
13745;3831 7954;0
13746;7833 6468;0
13747;12018 7175;0
13748;8456 11405;0
13749;10589 6489;0
13750;12112 2444;0
13751;2033 10716;0
13752;6403 2868;0
13753;3113 11492;0
13754;3461 6380;0
13755;2771 11219;0
13756;10507 970;0
13757;457 2897;0
13758;1902 12357;0
13759;10662 1409;0
13760;2605 3742;0
13761;8193 9898;0
13762;1204 2572;0
13763;5604 5198;0
13764;8142 4312;0
13765;7439 2864;0
13766;9787 1038;0
13767;1748 1675;0
13768;1242 2304;0
13769;1009 6500;0
13770;6674 3754;0
13771;12272 8159;0
13772;7351 6805;0
13773;9865 12240;0
13774;7954 10821;0
13775;642 6468;0
13776;11755 7923;0
13777;6950 6358;0
13778;8554 6834;0
13779;4906 10782;0
13780;10957 10456;0
13781;7848 2733;0
13782;9708 11746;0
13783;4839 5957;0
13784;4617 3631;0
13785;5725 233;0
13786;1924 7797;0
13787;8365 3239;0
13788;8344 9868;0
13789;3222 12348;0
13790;9874 6720;0
13791;162 367;0
13792;11401 5176 1189;0
13793;5994 9541 2364;0
13794;7722 11265 1735;0
13795;274 404 5553;0
13796;5824 8362 1996;0
13797;7376 8525 7541;0
13798;2 11227 8317;0
13799;8094 3900 4460;0
13800;3383 7807 3915;0
13801;4319 8024 9342;0
13802;7746 9631 853;0
13803;3634 7085 10133;0
13804;1711 815 7743;0
13805;6535 3513 2506;0
13806;8033 12345 3500;0
13807;5994 7826;0
13808;7981 11265;0
13809;6854 404;0
13810;3844 1996;0
13811;7376 5374;0
13812;11227 12419;0
13813;10188 8126;0
13814;11778 4460;0
13815;11051 3915;0
13816;7858 4319;0
13817;9631 11802;0
13818;7085 11253;0
13819;5234 7743;0
13820;8243 2506;0
13821;3500 12129;0
13822;8355 11019;0
13823;11476 9027;0
13824;8537 2542;0
13825;3979 2421;0
13826;4955 654;0
13827;3625 8969;0
13828;9183 7601;0
13829;12282 9694;0
13830;10792 10391;0
13831;6203 10222;0
13832;6202 9738;0
13833;7066 9103;0
13834;6875 12384;0
13835;6293 5483;0
13836;9254 10289 9491;0
13837;9254 11890;0
13838;6346 6213;0
13839;10579 11937;0
13840;2741 1854;0
13841;12014 4485;0
13842;3972 3089;0
13843;12298 5171;0
13844;10874 11933;0
13845;12012 2649;0
13846;1908 4613;0
13847;477 1941;0
13848;4937 8397;0
13849;1157 1043;0
13850;686 9401;0
13851;8415 5894;0
13852;4025 7685;0
13853;6355 8499;0
13854;5434 7792;0
13855;4583 1594;0
13856;6905 8673;0
13857;9104 6168;0
13858;7633 5130;0
13859;10014 3285;0
13860;1795 8787;0
13861;3687 2074;0
13862;1216 11665;0
13863;8828 9930;0
13864;4390 8227;0
13865;8648 11852;0
13866;6947 11128;0
13867;6746 9902;0
13868;10315 9373;0
13869;11678 7139;0
13870;11692 9323;0
13871;7116 2503;0
13872;9429 10008;0
13873;819 5243;0
13874;9166 5601;0
13875;7159 8460;0
13876;5860 761;0
13877;8267 5935;0
13878;6168 9232;0
13879;3973 11691;0
13880;5130 3684;0
13881;3285 9169;0
13882;7719 8787;0
13883;486 3259;0
13884;4947 8102;0
13885;4668 1471;0
13886;6961 5491;0
13887;5256 1487;0
13888;4494 5621;0
13889;4678 7984;0
13890;6549 3382;0
13891;1672 1662;0
13892;9836 1444;0
13893;5808 1722;0
13894;9363 2194;0
13895;7369 1437;0
13896;9308 5531;0
13897;7422 10917;0
13898;9023 11872;0
13899;8624 8132;0
13900;10024 11099;0
13901;10692 833;0
13902;12440 4389;0
13903;2808 1575;0
13904;1297 7130;0
13905;5692 10557;0
13906;2703 7114;0
13907;4793 9412;0
13908;5202 12032;0
13909;8897 7662;0
13910;3292 1630;0
13911;11995 7286;0
13912;2923 8058;0
13913;752 4341;0
13914;4771 4769;0
13915;4456 4070;0
13916;1571 10536;0
13917;53 952;0
13918;4173 323;0
13919;2299 20;0
13920;5974 7171;0
13921;2253 2686;0
13922;5619 4929;0
13923;10497 1839;0
13924;2273 8135;0
13925;7433 1183;0
13926;9827 5656;0
13927;6751 10561;0
13928;11939 7510;0
13929;8059 11611;0
13930;7324 9038;0
13931;9702 11333;0
13932;10155 9041;0
13933;8009 3175;0
13934;10102 9779;0
13935;896 8201;0
13936;7901 3429;0
13937;403 10967;0
13938;4422 4787;0
13939;4575 9243;0
13940;2065 12454;0
13941;10897 6939;0
13942;6613 7015;0
13943;10827 144;0
13944;6769 1958;0
13945;4703 473;0
13946;12210 10179;0
13947;12035 2117;0
13948;6095 11634;0
13949;2454 10863;0
13950;11125 12413;0
13951;10150 8616;0
13952;3806 2796;0
13953;9135 12497;0
13954;6453 4040 4301;0
13955;6895 4040 6744;0
13956;5161 9495 2688;0
13957;5161 9428 3008;0
13958;9428 2002 7521;0
13959;2002 9557 9846;0
13960;9557 1823 1723;0
13961;1070 1122 1823;0
13962;1122 3562;0
13963;6895 11180 4339;0
13964;10537 11180 6827;0
13965;10537 8644 11042;0
13966;11114 8644 10760;0
13967;9051 11114 10430;0
13968;10430 11060 11412;0
13969;9013 11060 9663;0
13970;11381 2688 9663;0
13971;376 4541;0
13972;3748 3708;0
13973;9472 9182;0
13974;7293 2829;0
13975;9220 1048;0
13976;9729 3872;0
13977;9318 6152;0
13978;8667 5768;0
13979;2925 8609;0
13980;9992 8676;0
13981;3027 11000;0
13982;814 10672;0
13983;2231 2622;0
13984;1530 7345;0
13985;1508 9710;0
13986;12186 1518;0
13987;6133 7463;0
13988;3307 6745;0
13989;11854 10862;0
13990;4240 3390;0
13991;6957 3069;0
13992;861 4270;0
13993;2879 1875;0
13994;7408 1348;0
13995;5093 6108;0
13996;9388 8422;0
13997;6868 6628;0
13998;4990 12047;0
13999;4075 3266;0
14000;11975 1647;0
14001;7704 1275;0
14002;5742 12092;0
14003;1886 8504;0
14004;1324 325;0
14005;6021 11932;0
14006;10412 55;0
14007;6027 369;0
14008;8445 7232;0
14009;5743 5828;0
14010;8562 8276;0
14011;6349 10346;0
14012;4279 8880;0
14013;3722 11701;0
14014;8382 2922;0
14015;6640 921;0
14016;11095 3255;0
14017;2181 10304;0
14018;10875 1193;0
14019;9193 1473;0
14020;11432 5495;0
14021;9545 1481;0
14022;5625 2472;0
14023;7814 7976;0
14024;6539 10075;0
14025;6164 1126;0
14026;1863 11700;0
14027;3978 3569;0
14028;5137 9072;0
14029;3269 5820;0
14030;8497 8781;0
14031;11832 8332;0
14032;4168 3826;0
14033;10621 1332;0
14034;6903 7890;0
14035;2501 3649;0
14036;8478 4824;0
14037;374 10004;0
14038;3024 5874;0
14039;300 10123;0
14040;5055 9931;0
14041;11069 111;0
14042;6002 9917;0
14043;5003 1388;0
14044;11629 4230;0
14045;9555 4486;0
14046;10081 8960;0
14047;7278 9915;0
14048;4475 12340;0
14049;2255 9268;0
14050;9058 10801;0
14051;5468 4729;0
14052;8481 8192;0
14053;298 7097;0
14054;4338 2199;0
14055;3346 377;0
14056;11428 4867;0
14057;7794 4499;0
14058;8714 7751;0
14059;5098 7621;0
14060;4493 12462;0
14061;5580 3556;0
14062;2890 756;0
14063;5870 3873;0
14064;6606 6841;0
14065;1993 6681;0
14066;6319 9195;0
14067;2476 4886;0
14068;5255 2307;0
14069;11579 8;0
14070;7410 591;0
14071;11941 4061;0
14072;8379 8449;0
14073;4324 5534;0
14074;8638 1310;0
14075;3443 1180;0
14076;5442 1882;0
14077;9719 10762;0
14078;1913 5297;0
14079;1733 7239;0
14080;9731 1096;0
14081;9387 3054;0
14082;10437 873;0
14083;2783 340;0
14084;957 10267;0
14085;3247 379;0
14086;8041 4917;0
14087;12486 2801;0
14088;3576 1464;0
14089;9009 5499;0
14090;288 1239;0
14091;5850 5653;0
14092;7941 7493;0
14093;6528 4106;0
14094;2233 7201;0
14095;4276 6160;0
14096;12221 3913;0
14097;10211 6282;0
14098;3949 7822;0
14099;6454 11551;0
14100;12125 8878;0
14101;10381 10857;0
14102;4 11479;0
14103;8942 2540;0
14104;11033 11447;0
14105;10637 11966;0
14106;2512 1914;0
14107;1252 5047;0
14108;11879 3372;0
14109;2906 7857;0
14110;2263 12324;0
