0 0 2
1 0 2
2 0 3
3 0 4
4 0 2
5 0 5
6 0 4
7 0 3
8 0 4
9 0 5
10 0 9
11 0 5
12 0 6
13 0 3
14 0 3
15 0 6
16 0 3
17 0 5
18 0 6
19 0 2
20 0 2
21 0 2
22 0 13
23 0 13
24 0 6
25 0 6
26 0 13
27 0 8
28 0 5
29 0 3
30 0 5
31 0 2
32 0 2
33 0 6
34 0 2
35 0 2
36 0 2
37 0 4
38 0 4
39 0 2
40 0 3
41 0 3
42 0 2
43 0 2
44 0 2
45 0 3
46 0 7
47 0 5
48 0 5
49 0 4
50 0 3
51 0 2
52 0 2
53 0 2
54 0 2
55 0 2
56 0 5
57 0 3
58 0 5
59 0 6
60 0 9
61 0 2
62 0 5
63 0 6
64 0 2
65 0 3
66 0 2
67 0 3
68 0 2
69 0 2
70 0 4
71 0 7
72 0 5
73 0 4
74 0 2
75 0 2
76 0 2
77 0 6
78 0 2
79 0 4
80 0 3
81 0 3
82 0 5
83 0 5
84 0 2
85 0 7
86 0 2
87 0 2
88 0 2
89 0 2
90 0 1
91 0 3
92 0 2
93 0 3
94 0 6
95 0 3
96 0 2
97 0 7
98 0 7
99 0 7
100 0 7
101 0 2
102 0 3
103 0 2
104 0 9
105 0 3
106 0 2
107 0 4
108 0 5
109 0 2
110 0 2
111 0 4
112 0 3
113 0 1
114 0 2
115 0 2
116 0 9
117 0 3
118 0 6
119 0 2
120 0 6
121 0 3
122 0 3
123 0 3
124 0 2
125 0 4
126 0 5
127 0 2
128 0 3
129 0 6
130 0 4
131 0 7
132 0 3
133 0 5
134 0 3
135 0 8
136 0 8
137 0 2
138 0 3
139 0 6
140 0 3
141 0 2
142 0 6
143 0 4
144 0 2
145 0 3
146 0 3
147 0 3
148 0 5
149 0 6
150 0 3
151 0 6
152 0 13
153 0 2
154 0 3
155 0 2
156 0 2
157 0 3
158 0 2
159 0 5
160 0 5
161 0 2
162 0 2
163 0 8
164 0 5
165 0 8
166 0 3
167 0 4
168 0 4
169 0 2
170 0 6
171 0 2
172 0 2
173 0 5
174 0 6
175 0 13
176 0 8
177 0 3
178 0 2
179 0 7
180 0 5
181 0 6
182 0 6
183 0 3
184 0 5
185 0 5
186 0 6
187 0 4
188 0 2
189 0 2
190 0 2
191 0 5
192 0 3
193 0 2
194 0 4
195 0 3
196 0 2
197 0 2
198 0 6
199 0 2
200 0 6
201 0 2
202 0 2
203 0 4
204 0 2
205 0 6
206 0 9
207 0 6
208 0 5
209 0 6
210 0 2
211 0 2
212 0 3
213 0 3
214 0 3
215 0 4
216 0 2
217 0 5
218 0 2
219 0 3
220 0 1
221 0 4
222 0 3
223 0 3
224 0 7
225 0 2
226 0 3
227 0 6
228 0 6
229 0 6
230 0 6
231 0 7
232 0 5
233 0 2
234 0 3
235 0 6
236 0 5
237 0 3
238 0 4
239 0 2
240 0 3
241 0 2
242 0 9
243 0 5
244 0 6
245 0 3
246 0 3
247 0 2
248 0 5
249 0 3
250 0 2
251 0 6
252 0 4
253 0 2
254 0 8
255 0 3
256 0 6
257 0 7
258 0 3
259 0 4
260 0 6
261 0 2
262 0 3
263 0 13
264 0 6
265 0 3
266 0 2
267 0 2
268 0 2
269 0 5
270 0 2
271 0 4
272 0 7
273 0 2
274 0 3
275 0 2
276 0 1
277 0 6
278 0 2
279 0 2
280 0 3
281 0 2
282 0 7
283 0 2
284 0 9
285 0 3
286 0 6
287 0 3
288 0 4
289 0 13
290 0 3
291 0 2
292 0 2
293 0 2
294 0 6
295 0 2
296 0 4
297 0 6
298 0 2
299 0 4
300 0 4
301 0 6
302 0 2
303 0 6
304 0 4
305 0 2
306 0 2
307 0 3
308 0 2
309 0 5
310 0 4
311 0 8
312 0 2
313 0 2
314 0 4
315 0 8
316 0 5
317 0 2
318 0 5
319 0 3
320 0 2
321 0 4
322 0 5
323 0 6
324 0 5
325 0 2
326 0 9
327 0 4
328 0 2
329 0 6
330 0 2
331 0 3
332 0 3
333 0 1
334 0 4
335 0 6
336 0 3
337 0 2
338 0 13
339 0 2
340 0 4
341 0 3
342 0 5
343 0 1
344 0 3
345 0 3
346 0 5
347 0 4
348 0 2
349 0 2
350 0 2
351 0 6
352 0 4
353 0 9
354 0 4
355 0 2
356 0 2
357 0 3
358 0 2
359 0 2
360 0 2
361 0 2
362 0 4
363 0 5
364 0 6
365 0 1
366 0 6
367 0 4
368 0 4
369 0 4
370 0 2
371 0 2
372 0 3
373 0 5
374 0 4
375 0 6
376 0 2
377 0 4
378 0 6
379 0 4
380 0 13
381 0 9
382 0 6
383 0 5
384 0 6
385 0 2
386 0 4
387 0 3
388 0 5
389 0 3
390 0 2
391 0 5
392 0 5
393 0 2
394 0 2
395 0 3
396 0 5
397 0 5
398 0 5
399 0 4
400 0 5
401 0 2
402 0 2
403 0 2
404 0 7
405 0 8
406 0 3
407 0 2
408 0 9
409 0 2
410 0 1
411 0 6
412 0 2
413 0 2
414 0 3
415 0 2
416 0 3
417 0 2
418 0 6
419 0 2
420 0 5
421 0 3
422 0 6
423 0 4
424 0 6
425 0 2
426 0 7
427 0 2
428 0 3
429 0 3
430 0 5
431 0 2
432 0 2
433 0 3
434 0 3
435 0 6
436 0 3
437 0 2
438 0 1
439 0 3
440 0 6
441 0 7
442 0 4
443 0 6
444 0 6
445 0 1
446 0 5
447 0 2
448 0 4
449 0 3
450 0 5
451 0 6
452 0 5
453 0 2
454 0 2
455 0 4
456 0 5
457 0 4
458 0 6
459 0 13
460 0 3
461 0 3
462 0 2
463 0 6
464 0 3
465 0 8
466 0 2
467 0 9
468 0 2
469 0 2
470 0 2
471 0 5
472 0 3
473 0 2
474 0 9
475 0 1
476 0 6
477 0 2
478 0 2
479 0 3
480 0 7
481 0 9
482 0 2
483 0 5
484 0 2
485 0 7
486 0 2
487 0 2
488 0 2
489 0 4
490 0 2
491 0 3
492 0 5
493 0 4
494 0 6
495 0 4
496 0 5
497 0 7
498 0 2
499 0 5
500 0 2
501 0 5
502 0 2
503 0 13
504 0 4
505 0 4
506 0 2
507 0 2
508 0 8
509 0 1
510 0 3
511 0 6
512 0 4
513 0 6
514 0 7
515 0 4
516 0 9
517 0 2
518 0 2
519 0 1
520 0 5
521 0 2
522 0 5
523 0 2
524 0 6
525 0 2
526 0 6
527 0 6
528 0 3
529 0 5
530 0 3
531 0 2
532 0 2
533 0 2
534 0 6
535 0 2
536 0 7
537 0 13
538 0 3
539 0 4
540 0 6
541 0 5
542 0 7
543 0 6
544 0 3
545 0 6
546 0 2
547 0 3
548 0 2
549 0 2
550 0 2
551 0 6
552 0 2
553 0 6
554 0 2
555 0 3
556 0 2
557 0 4
558 0 5
559 0 9
560 0 5
561 0 6
562 0 2
563 0 2
564 0 2
565 0 5
566 0 5
567 0 4
568 0 5
569 0 6
570 0 5
571 0 6
572 0 6
573 0 2
574 0 8
575 0 3
576 0 7
577 0 2
578 0 2
579 0 6
580 0 3
581 0 2
582 0 2
583 0 2
584 0 2
585 0 2
586 0 2
587 0 2
588 0 3
589 0 3
590 0 5
591 0 4
592 0 13
593 0 2
594 0 9
595 0 5
596 0 2
597 0 3
598 0 4
599 0 4
600 0 2
601 0 4
602 0 2
603 0 7
604 0 3
605 0 2
606 0 2
607 0 5
608 0 5
609 0 2
610 0 13
611 0 3
612 0 2
613 0 4
614 0 4
615 0 5
616 0 4
617 0 2
618 0 6
619 0 5
620 0 7
621 0 3
622 0 2
623 0 4
624 0 2
625 0 2
626 0 1
627 0 3
628 0 2
629 0 3
630 0 3
631 0 2
632 0 6
633 0 3
634 0 3
635 0 6
636 0 4
637 0 5
638 0 2
639 0 3
640 0 9
641 0 4
642 0 2
643 0 6
644 0 2
645 0 3
646 0 2
647 0 2
648 0 3
649 0 3
650 0 4
651 0 2
652 0 2
653 0 7
654 0 4
655 0 5
656 0 2
657 0 1
658 0 1
659 0 5
660 0 6
661 0 6
662 0 2
663 0 1
664 0 6
665 0 9
666 0 2
667 0 5
668 0 5
669 0 3
670 0 4
671 0 2
672 0 3
673 0 5
674 0 5
675 0 3
676 0 5
677 0 2
678 0 4
679 0 5
680 0 2
681 0 2
682 0 2
683 0 8
684 0 2
685 0 7
686 0 2
687 0 13
688 0 2
689 0 2
690 0 2
691 0 4
692 0 5
693 0 2
694 0 5
695 0 4
696 0 7
697 0 2
698 0 13
699 0 4
700 0 9
701 0 6
702 0 3
703 0 6
704 0 6
705 0 2
706 0 3
707 0 2
708 0 2
709 0 3
710 0 2
711 0 6
712 0 5
713 0 6
714 0 6
715 0 6
716 0 3
717 0 2
718 0 2
719 0 2
720 0 2
721 0 2
722 0 5
723 0 3
724 0 5
725 0 5
726 0 6
727 0 7
728 0 2
729 0 6
730 0 4
731 0 2
732 0 5
733 0 2
734 0 4
735 0 3
736 0 2
737 0 2
738 0 2
739 0 2
740 0 1
741 0 5
742 0 5
743 0 2
744 0 5
745 0 2
746 0 5
747 0 3
748 0 7
749 0 6
750 0 5
751 0 2
752 0 4
753 0 3
754 0 1
755 0 2
756 0 4
757 0 5
758 0 5
759 0 2
760 0 6
761 0 2
762 0 2
763 0 5
764 0 6
765 0 5
766 0 7
767 0 2
768 0 2
769 0 6
770 0 2
771 0 3
772 0 2
773 0 4
774 0 1
775 0 3
776 0 2
777 0 6
778 0 7
779 0 3
780 0 3
781 0 2
782 0 4
783 0 3
784 0 2
785 0 1
786 0 4
787 0 3
788 0 2
789 0 4
790 0 5
791 0 6
792 0 2
793 0 2
794 0 4
795 0 5
796 0 4
797 0 6
798 0 2
799 0 3
800 0 2
801 0 5
802 0 2
803 0 1
804 0 6
805 0 6
806 0 5
807 0 5
808 0 2
809 0 2
810 0 8
811 0 6
812 0 4
813 0 8
814 0 4
815 0 2
816 0 1
817 0 3
818 0 2
819 0 3
820 0 6
821 0 3
822 0 2
823 0 2
824 0 3
825 0 2
826 0 3
827 0 3
828 0 5
829 0 5
830 0 6
831 0 5
832 0 2
833 0 4
834 0 2
835 0 2
836 0 7
837 0 2
838 0 5
839 0 5
840 0 8
841 0 6
842 0 5
843 0 3
844 0 2
845 0 1
846 0 4
847 0 4
848 0 1
849 0 2
850 0 2
851 0 7
852 0 8
853 0 2
854 0 2
855 0 3
856 0 5
857 0 2
858 0 4
859 0 5
860 0 7
861 0 4
862 0 2
863 0 2
864 0 4
865 0 1
866 0 2
867 0 6
868 0 3
869 0 2
870 0 2
871 0 5
872 0 5
873 0 2
874 0 1
875 0 3
876 0 3
877 0 5
878 0 6
879 0 9
880 0 2
881 0 4
882 0 1
883 0 5
884 0 5
885 0 5
886 0 7
887 0 1
888 0 2
889 0 5
890 0 4
891 0 3
892 0 2
893 0 6
894 0 2
895 0 3
896 0 4
897 0 5
898 0 3
899 0 5
900 0 3
901 0 13
902 0 5
903 0 7
904 0 5
905 0 2
906 0 1
907 0 3
908 0 5
909 0 6
910 0 7
911 0 2
912 0 2
913 0 2
914 0 2
915 0 3
916 0 6
917 0 7
918 0 8
919 0 2
920 0 5
921 0 2
922 0 2
923 0 3
924 0 4
925 0 3
926 0 6
927 0 7
928 0 3
929 0 2
930 0 2
931 0 2
932 0 1
933 0 2
934 0 4
935 0 3
936 0 2
937 0 2
938 0 5
939 0 2
940 0 2
941 0 2
942 0 6
943 0 6
944 0 3
945 0 4
946 0 2
947 0 3
948 0 5
949 0 2
950 0 2
951 0 5
952 0 4
953 0 2
954 0 3
955 0 2
956 0 6
957 0 2
958 0 3
959 0 5
960 0 1
961 0 7
962 0 13
963 0 3
964 0 5
965 0 4
966 0 2
967 0 5
968 0 7
969 0 4
970 0 2
971 0 4
972 0 6
973 0 2
974 0 6
975 0 2
976 0 2
977 0 13
978 0 7
979 0 3
980 0 6
981 0 6
982 0 6
983 0 2
984 0 6
985 0 5
986 0 2
987 0 9
988 0 7
989 0 3
990 0 5
991 0 5
992 0 4
993 0 3
994 0 4
995 0 5
996 0 6
997 0 6
998 0 3
999 0 1
1000 0 2
1001 0 2
1002 0 2
1003 0 2
1004 0 2
1005 0 3
1006 0 3
1007 0 2
1008 0 5
1009 0 4
1010 0 2
1011 0 4
1012 0 8
1013 0 4
1014 0 2
1015 0 6
1016 0 4
1017 0 3
1018 0 6
1019 0 2
1020 0 7
1021 0 1
1022 0 8
1023 0 7
1024 0 9
1025 0 2
1026 0 1
1027 0 6
1028 0 2
1029 0 3
1030 0 6
1031 0 2
1032 0 6
1033 0 4
1034 0 5
1035 0 4
1036 0 5
1037 0 2
1038 0 4
1039 0 2
1040 0 4
1041 0 2
1042 0 2
1043 0 6
1044 0 6
1045 0 6
1046 0 2
1047 0 3
1048 0 2
1049 0 6
1050 0 5
1051 0 5
1052 0 1
1053 0 3
1054 0 5
1055 0 2
1056 0 7
1057 0 4
1058 0 2
1059 0 3
1060 0 3
1061 0 5
1062 0 2
1063 0 5
1064 0 3
1065 0 2
1066 0 9
1067 0 2
1068 0 1
1069 0 3
1070 0 2
1071 0 3
1072 0 2
1073 0 6
1074 0 4
1075 0 7
1076 0 3
1077 0 3
1078 0 2
1079 0 5
1080 0 5
1081 0 6
1082 0 2
1083 0 3
1084 0 1
1085 0 5
1086 0 2
1087 0 6
1088 0 7
1089 0 2
1090 0 2
1091 0 7
1092 0 2
1093 0 6
1094 0 6
1095 0 6
1096 0 2
1097 0 2
1098 0 2
1099 0 6
1100 0 1
1101 0 6
1102 0 2
1103 0 2
1104 0 2
1105 0 2
1106 0 6
1107 0 6
1108 0 6
1109 0 2
1110 0 3
1111 0 4
1112 0 6
1113 0 2
1114 0 7
1115 0 2
1116 0 2
1117 0 6
1118 0 9
1119 0 5
1120 0 2
1121 0 3
1122 0 4
1123 0 3
1124 0 3
1125 0 13
1126 0 4
1127 0 3
1128 0 2
1129 0 1
1130 0 2
1131 0 9
1132 0 4
1133 0 2
1134 0 4
1135 0 6
1136 0 2
1137 0 2
1138 0 6
1139 0 13
1140 0 2
1141 0 6
1142 0 2
1143 0 4
1144 0 3
1145 0 4
1146 0 3
1147 0 2
1148 0 2
1149 0 13
1150 0 3
1151 0 8
1152 0 8
1153 0 2
1154 0 3
1155 0 5
1156 0 6
1157 0 2
1158 0 2
1159 0 3
1160 0 4
1161 0 4
1162 0 7
1163 0 2
1164 0 4
1165 0 4
1166 0 5
1167 0 3
1168 0 2
1169 0 1
1170 0 2
1171 0 2
1172 0 6
1173 0 5
1174 0 9
1175 0 6
1176 0 13
1177 0 2
1178 0 3
1179 0 5
1180 0 2
1181 0 6
1182 0 4
1183 0 4
1184 0 4
1185 0 3
1186 0 2
1187 0 1
1188 0 6
1189 0 7
1190 0 10
1191 0 3
1192 0 1
1193 0 4
1194 0 1
1195 0 4
1196 0 2
1197 0 5
1198 0 5
1199 0 2
1200 0 3
1201 0 2
1202 0 3
1203 0 7
1204 0 2
1205 0 7
1206 0 2
1207 0 6
1208 0 5
1209 0 8
1210 0 2
1211 0 7
1212 0 1
1213 0 5
1214 0 3
1215 0 5
1216 0 2
1217 0 2
1218 0 2
1219 0 2
1220 0 3
1221 0 1
1222 0 2
1223 0 5
1224 0 3
1225 0 4
1226 0 2
1227 0 6
1228 0 3
1229 0 4
1230 0 3
1231 0 2
1232 0 2
1233 0 9
1234 0 3
1235 0 6
1236 0 6
1237 0 5
1238 0 1
1239 0 2
1240 0 2
1241 0 2
1242 0 4
1243 0 3
1244 0 5
1245 0 1
1246 0 6
1247 0 2
1248 0 6
1249 0 5
1250 0 3
1251 0 3
1252 0 4
1253 0 2
1254 0 5
1255 0 5
1256 0 2
1257 0 3
1258 0 3
1259 0 1
1260 0 5
1261 0 2
1262 0 2
1263 0 6
1264 0 2
1265 0 2
1266 0 3
1267 0 3
1268 0 4
1269 0 7
1270 0 9
1271 0 5
1272 0 4
1273 0 2
1274 0 4
1275 0 2
1276 0 6
1277 0 6
1278 0 2
1279 0 3
1280 0 2
1281 0 9
1282 0 6
1283 0 3
1284 0 5
1285 0 5
1286 0 6
1287 0 4
1288 0 7
1289 0 2
1290 0 3
1291 0 4
1292 0 3
1293 0 2
1294 0 2
1295 0 3
1296 0 2
1297 0 2
1298 0 5
1299 0 9
1300 0 5
1301 0 6
1302 0 5
1303 0 3
1304 0 5
1305 0 3
1306 0 6
1307 0 2
1308 0 5
1309 0 3
1310 0 2
1311 0 4
1312 0 5
1313 0 5
1314 0 1
1315 0 2
1316 0 3
1317 0 6
1318 0 2
1319 0 3
1320 0 3
1321 0 5
1322 0 2
1323 0 5
1324 0 4
1325 0 3
1326 0 2
1327 0 3
1328 0 5
1329 0 2
1330 0 3
1331 0 7
1332 0 4
1333 0 2
1334 0 6
1335 0 7
1336 0 5
1337 0 5
1338 0 3
1339 0 1
1340 0 4
1341 0 5
1342 0 6
1343 0 2
1344 0 5
1345 0 2
1346 0 4
1347 0 4
1348 0 2
1349 0 6
1350 0 7
1351 0 4
1352 0 6
1353 0 6
1354 0 5
1355 0 6
1356 0 2
1357 0 6
1358 0 6
1359 0 2
1360 0 6
1361 0 3
1362 0 2
1363 0 6
1364 0 3
1365 0 2
1366 0 1
1367 0 3
1368 0 1
1369 0 3
1370 0 5
1371 0 5
1372 0 3
1373 0 2
1374 0 5
1375 0 4
1376 0 3
1377 0 5
1378 0 2
1379 0 6
1380 0 3
1381 0 3
1382 0 3
1383 0 6
1384 0 6
1385 0 6
1386 0 2
1387 0 2
1388 0 4
1389 0 7
1390 0 4
1391 0 7
1392 0 3
1393 0 5
1394 0 3
1395 0 5
1396 0 3
1397 0 2
1398 0 2
1399 0 2
1400 0 4
1401 0 5
1402 0 2
1403 0 2
1404 0 3
1405 0 5
1406 0 2
1407 0 3
1408 0 5
1409 0 2
1410 0 8
1411 0 3
1412 0 2
1413 0 2
1414 0 6
1415 0 6
1416 0 6
1417 0 2
1418 0 2
1419 0 3
1420 0 5
1421 0 7
1422 0 2
1423 0 7
1424 0 5
1425 0 5
1426 0 4
1427 0 4
1428 0 2
1429 0 2
1430 0 2
1431 0 5
1432 0 2
1433 0 3
1434 0 2
1435 0 7
1436 0 4
1437 0 4
1438 0 9
1439 0 6
1440 0 3
1441 0 6
1442 0 7
1443 0 3
1444 0 6
1445 0 2
1446 0 3
1447 0 5
1448 0 1
1449 0 2
1450 0 5
1451 0 4
1452 0 4
1453 0 5
1454 0 5
1455 0 8
1456 0 2
1457 0 2
1458 0 2
1459 0 7
1460 0 8
1461 0 5
1462 0 4
1463 0 5
1464 0 2
1465 0 2
1466 0 2
1467 0 3
1468 0 5
1469 0 6
1470 0 3
1471 0 4
1472 0 2
1473 0 2
1474 0 5
1475 0 2
1476 0 4
1477 0 3
1478 0 1
1479 0 8
1480 0 2
1481 0 2
1482 0 2
1483 0 2
1484 0 6
1485 0 4
1486 0 6
1487 0 4
1488 0 3
1489 0 9
1490 0 2
1491 0 6
1492 0 3
1493 0 1
1494 0 5
1495 0 6
1496 0 2
1497 0 3
1498 0 6
1499 0 2
1500 0 3
1501 0 5
1502 0 2
1503 0 7
1504 0 2
1505 0 8
1506 0 9
1507 0 2
1508 0 4
1509 0 3
1510 0 4
1511 0 6
1512 0 2
1513 0 2
1514 0 6
1515 0 5
1516 0 3
1517 0 7
1518 0 4
1519 0 4
1520 0 5
1521 0 2
1522 0 6
1523 0 2
1524 0 6
1525 0 3
1526 0 2
1527 0 3
1528 0 3
1529 0 3
1530 0 4
1531 0 2
1532 0 2
1533 0 3
1534 0 2
1535 0 1
1536 0 3
1537 0 5
1538 0 4
1539 0 3
1540 0 3
1541 0 4
1542 0 7
1543 0 2
1544 0 1
1545 0 5
1546 0 5
1547 0 2
1548 0 2
1549 0 2
1550 0 3
1551 0 6
1552 0 2
1553 0 3
1554 0 6
1555 0 3
1556 0 5
1557 0 4
1558 0 5
1559 0 4
1560 0 6
1561 0 5
1562 0 6
1563 0 6
1564 0 1
1565 0 2
1566 0 2
1567 0 5
1568 0 5
1569 0 13
1570 0 5
1571 0 4
1572 0 9
1573 0 5
1574 0 4
1575 0 2
1576 0 4
1577 0 3
1578 0 2
1579 0 2
1580 0 3
1581 0 3
1582 0 6
1583 0 2
1584 0 2
1585 0 7
1586 0 5
1587 0 2
1588 0 5
1589 0 5
1590 0 6
1591 0 3
1592 0 2
1593 0 2
1594 0 3
1595 0 6
1596 0 2
1597 0 6
1598 0 1
1599 0 4
1600 0 2
1601 0 2
1602 0 5
1603 0 2
1604 0 5
1605 0 4
1606 0 4
1607 0 2
1608 0 2
1609 0 3
1610 0 3
1611 0 6
1612 0 2
1613 0 2
1614 0 5
1615 0 6
1616 0 2
1617 0 2
1618 0 6
1619 0 6
1620 0 2
1621 0 5
1622 0 6
1623 0 4
1624 0 5
1625 0 6
1626 0 2
1627 0 9
1628 0 9
1629 0 5
1630 0 2
1631 0 2
1632 0 5
1633 0 3
1634 0 2
1635 0 2
1636 0 4
1637 0 2
1638 0 4
1639 0 5
1640 0 2
1641 0 4
1642 0 7
1643 0 5
1644 0 6
1645 0 2
1646 0 2
1647 0 2
1648 0 3
1649 0 2
1650 0 2
1651 0 6
1652 0 4
1653 0 2
1654 0 2
1655 0 6
1656 0 6
1657 0 4
1658 0 6
1659 0 3
1660 0 6
1661 0 2
1662 0 2
1663 0 2
1664 0 2
1665 0 5
1666 0 2
1667 0 5
1668 0 2
1669 0 2
1670 0 6
1671 0 3
1672 0 6
1673 0 2
1674 0 2
1675 0 2
1676 0 8
1677 0 3
1678 0 6
1679 0 13
1680 0 3
1681 0 2
1682 0 2
1683 0 5
1684 0 2
1685 0 3
1686 0 5
1687 0 9
1688 0 3
1689 0 2
1690 0 3
1691 0 7
1692 0 13
1693 0 2
1694 0 3
1695 0 4
1696 0 4
1697 0 3
1698 0 4
1699 0 5
1700 0 2
1701 0 8
1702 0 6
1703 0 3
1704 0 2
1705 0 6
1706 0 3
1707 0 3
1708 0 6
1709 0 8
1710 0 2
1711 0 3
1712 0 3
1713 0 5
1714 0 3
1715 0 4
1716 0 5
1717 0 2
1718 0 9
1719 0 2
1720 0 6
1721 0 3
1722 0 2
1723 0 2
1724 0 3
1725 0 5
1726 0 2
1727 0 3
1728 0 3
1729 0 7
1730 0 13
1731 0 5
1732 0 6
1733 0 2
1734 0 5
1735 0 3
1736 0 9
1737 0 2
1738 0 4
1739 0 2
1740 0 6
1741 0 6
1742 0 2
1743 0 2
1744 0 5
1745 0 4
1746 0 6
1747 0 5
1748 0 4
1749 0 2
1750 0 5
1751 0 7
1752 0 2
1753 0 6
1754 0 2
1755 0 9
1756 0 9
1757 0 5
1758 0 3
1759 0 2
1760 0 6
1761 0 6
1762 0 2
1763 0 4
1764 0 9
1765 0 3
1766 0 10
1767 0 4
1768 0 3
1769 0 6
1770 0 7
1771 0 3
1772 0 6
1773 0 2
1774 0 8
1775 0 2
1776 0 6
1777 0 3
1778 0 2
1779 0 3
1780 0 1
1781 0 2
1782 0 5
1783 0 2
1784 0 7
1785 0 1
1786 0 3
1787 0 2
1788 0 2
1789 0 2
1790 0 9
1791 0 2
1792 0 3
1793 0 6
1794 0 6
1795 0 2
1796 0 2
1797 0 5
1798 0 2
1799 0 6
1800 0 4
1801 0 5
1802 0 2
1803 0 2
1804 0 2
1805 0 6
1806 0 6
1807 0 7
1808 0 3
1809 0 1
1810 0 7
1811 0 2
1812 0 7
1813 0 5
1814 0 2
1815 0 3
1816 0 4
1817 0 2
1818 0 5
1819 0 6
1820 0 3
1821 0 3
1822 0 2
1823 0 4
1824 0 5
1825 0 2
1826 0 2
1827 0 2
1828 0 1
1829 0 13
1830 0 9
1831 0 2
1832 0 4
1833 0 2
1834 0 6
1835 0 2
1836 0 2
1837 0 3
1838 0 3
1839 0 7
1840 0 5
1841 0 5
1842 0 3
1843 0 4
1844 0 13
1845 0 4
1846 0 3
1847 0 6
1848 0 2
1849 0 2
1850 0 6
1851 0 5
1852 0 1
1853 0 2
1854 0 4
1855 0 3
1856 0 2
1857 0 5
1858 0 1
1859 0 1
1860 0 1
1861 0 2
1862 0 3
1863 0 4
1864 0 5
1865 0 3
1866 0 4
1867 0 1
1868 0 8
1869 0 3
1870 0 4
1871 0 3
1872 0 3
1873 0 6
1874 0 4
1875 0 2
1876 0 5
1877 0 6
1878 0 6
1879 0 5
1880 0 2
1881 0 2
1882 0 2
1883 0 6
1884 0 4
1885 0 2
1886 0 4
1887 0 2
1888 0 9
1889 0 5
1890 0 4
1891 0 2
1892 0 6
1893 0 2
1894 0 1
1895 0 6
1896 0 4
1897 0 2
1898 0 2
1899 0 3
1900 0 6
1901 0 3
1902 0 4
1903 0 2
1904 0 2
1905 0 5
1906 0 2
1907 0 3
1908 0 6
1909 0 3
1910 0 5
1911 0 7
1912 0 4
1913 0 2
1914 0 4
1915 0 6
1916 0 2
1917 0 9
1918 0 2
1919 0 4
1920 0 4
1921 0 1
1922 0 3
1923 0 5
1924 0 2
1925 0 5
1926 0 3
1927 0 2
1928 0 3
1929 0 2
1930 0 2
1931 0 5
1932 0 1
1933 0 5
1934 0 13
1935 0 6
1936 0 2
1937 0 2
1938 0 2
1939 0 3
1940 0 7
1941 0 6
1942 0 3
1943 0 6
1944 0 2
1945 0 2
1946 0 3
1947 0 2
1948 0 3
1949 0 2
1950 0 5
1951 0 3
1952 0 3
1953 0 3
1954 0 5
1955 0 7
1956 0 5
1957 0 9
1958 0 2
1959 0 3
1960 0 2
1961 0 3
1962 0 4
1963 0 2
1964 0 4
1965 0 3
1966 0 6
1967 0 6
1968 0 2
1969 0 8
1970 0 9
1971 0 3
1972 0 5
1973 0 4
1974 0 7
1975 0 2
1976 0 2
1977 0 9
1978 0 7
1979 0 2
1980 0 5
1981 0 2
1982 0 2
1983 0 2
1984 0 5
1985 0 5
1986 0 2
1987 0 2
1988 0 3
1989 0 13
1990 0 9
1991 0 5
1992 0 2
1993 0 4
1994 0 5
1995 0 5
1996 0 7
1997 0 5
1998 0 3
1999 0 4
2000 0 1
2001 0 3
2002 0 4
2003 0 2
2004 0 1
2005 0 5
2006 0 5
2007 0 3
2008 0 7
2009 0 2
2010 0 2
2011 0 3
2012 0 2
2013 0 7
2014 0 3
2015 0 6
2016 0 2
2017 0 5
2018 0 2
2019 0 6
2020 0 7
2021 0 2
2022 0 7
2023 0 4
2024 0 3
2025 0 6
2026 0 5
2027 0 4
2028 0 5
2029 0 2
2030 0 6
2031 0 2
2032 0 2
2033 0 4
2034 0 5
2035 0 5
2036 0 3
2037 0 4
2038 0 9
2039 0 3
2040 0 2
2041 0 2
2042 0 6
2043 0 6
2044 0 4
2045 0 3
2046 0 4
2047 0 2
2048 0 2
2049 0 6
2050 0 4
2051 0 5
2052 0 5
2053 0 4
2054 0 2
2055 0 5
2056 0 6
2057 0 6
2058 0 7
2059 0 4
2060 0 4
2061 0 2
2062 0 2
2063 0 1
2064 0 4
2065 0 2
2066 0 3
2067 0 7
2068 0 3
2069 0 3
2070 0 4
2071 0 3
2072 0 1
2073 0 3
2074 0 2
2075 0 3
2076 0 9
2077 0 2
2078 0 4
2079 0 5
2080 0 5
2081 0 6
2082 0 4
2083 0 5
2084 0 3
2085 0 3
2086 0 3
2087 0 4
2088 0 7
2089 0 2
2090 0 5
2091 0 8
2092 0 8
2093 0 3
2094 0 2
2095 0 2
2096 0 2
2097 0 4
2098 0 2
2099 0 7
2100 0 5
2101 0 6
2102 0 2
2103 0 6
2104 0 5
2105 0 6
2106 0 1
2107 0 4
2108 0 5
2109 0 6
2110 0 9
2111 0 4
2112 0 3
2113 0 4
2114 0 8
2115 0 4
2116 0 9
2117 0 2
2118 0 6
2119 0 2
2120 0 2
2121 0 3
2122 0 4
2123 0 4
2124 0 2
2125 0 4
2126 0 6
2127 0 2
2128 0 2
2129 0 3
2130 0 2
2131 0 4
2132 0 6
2133 0 6
2134 0 2
2135 0 4
2136 0 2
2137 0 3
2138 0 4
2139 0 4
2140 0 4
2141 0 7
2142 0 3
2143 0 4
2144 0 6
2145 0 4
2146 0 2
2147 0 2
2148 0 2
2149 0 3
2150 0 3
2151 0 3
2152 0 6
2153 0 3
2154 0 2
2155 0 3
2156 0 5
2157 0 5
2158 0 2
2159 0 5
2160 0 3
2161 0 4
2162 0 1
2163 0 2
2164 0 2
2165 0 2
2166 0 5
2167 0 13
2168 0 2
2169 0 9
2170 0 6
2171 0 5
2172 0 1
2173 0 2
2174 0 4
2175 0 2
2176 0 3
2177 0 3
2178 0 4
2179 0 3
2180 0 3
2181 0 2
2182 0 1
2183 0 3
2184 0 2
2185 0 2
2186 0 3
2187 0 4
2188 0 6
2189 0 2
2190 0 9
2191 0 2
2192 0 2
2193 0 2
2194 0 4
2195 0 2
2196 0 5
2197 0 1
2198 0 6
2199 0 4
2200 0 4
2201 0 2
2202 0 8
2203 0 5
2204 0 5
2205 0 5
2206 0 2
2207 0 6
2208 0 2
2209 0 6
2210 0 7
2211 0 9
2212 0 4
2213 0 2
2214 0 3
2215 0 2
2216 0 4
2217 0 3
2218 0 4
2219 0 6
2220 0 7
2221 0 2
2222 0 2
2223 0 2
2224 0 3
2225 0 6
2226 0 2
2227 0 2
2228 0 2
2229 0 2
2230 0 4
2231 0 4
2232 0 4
2233 0 2
2234 0 9
2235 0 2
2236 0 1
2237 0 4
2238 0 3
2239 0 13
2240 0 13
2241 0 2
2242 0 3
2243 0 2
2244 0 2
2245 0 3
2246 0 6
2247 0 5
2248 0 5
2249 0 1
2250 0 3
2251 0 5
2252 0 9
2253 0 4
2254 0 2
2255 0 4
2256 0 6
2257 0 5
2258 0 5
2259 0 2
2260 0 1
2261 0 9
2262 0 2
2263 0 2
2264 0 2
2265 0 2
2266 0 4
2267 0 2
2268 0 9
2269 0 3
2270 0 3
2271 0 2
2272 0 4
2273 0 4
2274 0 2
2275 0 3
2276 0 6
2277 0 2
2278 0 5
2279 0 7
2280 0 5
2281 0 5
2282 0 5
2283 0 2
2284 0 4
2285 0 2
2286 0 13
2287 0 2
2288 0 5
2289 0 2
2290 0 2
2291 0 5
2292 0 6
2293 0 3
2294 0 3
2295 0 2
2296 0 3
2297 0 1
2298 0 2
2299 0 4
2300 0 2
2301 0 3
2302 0 2
2303 0 6
2304 0 2
2305 0 5
2306 0 1
2307 0 4
2308 0 7
2309 0 2
2310 0 7
2311 0 2
2312 0 4
2313 0 2
2314 0 5
2315 0 2
2316 0 2
2317 0 7
2318 0 7
2319 0 9
2320 0 2
2321 0 5
2322 0 2
2323 0 5
2324 0 4
2325 0 2
2326 0 5
2327 0 5
2328 0 2
2329 0 2
2330 0 5
2331 0 6
2332 0 2
2333 0 1
2334 0 4
2335 0 1
2336 0 2
2337 0 6
2338 0 2
2339 0 2
2340 0 5
2341 0 2
2342 0 6
2343 0 3
2344 0 3
2345 0 5
2346 0 2
2347 0 13
2348 0 1
2349 0 6
2350 0 3
2351 0 4
2352 0 3
2353 0 2
2354 0 2
2355 0 2
2356 0 5
2357 0 2
2358 0 5
2359 0 6
2360 0 5
2361 0 9
2362 0 3
2363 0 2
2364 0 2
2365 0 2
2366 0 1
2367 0 2
2368 0 2
2369 0 3
2370 0 1
2371 0 2
2372 0 3
2373 0 3
2374 0 6
2375 0 5
2376 0 2
2377 0 5
2378 0 6
2379 0 2
2380 0 7
2381 0 4
2382 0 2
2383 0 5
2384 0 2
2385 0 4
2386 0 5
2387 0 6
2388 0 1
2389 0 2
2390 0 6
2391 0 6
2392 0 1
2393 0 5
2394 0 3
2395 0 2
2396 0 2
2397 0 2
2398 0 2
2399 0 2
2400 0 3
2401 0 3
2402 0 1
2403 0 6
2404 0 1
2405 0 1
2406 0 5
2407 0 2
2408 0 6
2409 0 3
2410 0 6
2411 0 6
2412 0 2
2413 0 5
2414 0 1
2415 0 2
2416 0 7
2417 0 2
2418 0 6
2419 0 1
2420 0 2
2421 0 2
2422 0 3
2423 0 5
2424 0 5
2425 0 2
2426 0 2
2427 0 4
2428 0 6
2429 0 6
2430 0 2
2431 0 2
2432 0 2
2433 0 5
2434 0 2
2435 0 7
2436 0 2
2437 0 6
2438 0 6
2439 0 4
2440 0 6
2441 0 2
2442 0 3
2443 0 6
2444 0 2
2445 0 2
2446 0 2
2447 0 5
2448 0 2
2449 0 1
2450 0 2
2451 0 13
2452 0 2
2453 0 3
2454 0 4
2455 0 4
2456 0 4
2457 0 1
2458 0 7
2459 0 5
2460 0 1
2461 0 2
2462 0 6
2463 0 7
2464 0 2
2465 0 5
2466 0 2
2467 0 2
2468 0 3
2469 0 3
2470 0 2
2471 0 1
2472 0 4
2473 0 5
2474 0 5
2475 0 5
2476 0 2
2477 0 4
2478 0 6
2479 0 9
2480 0 9
2481 0 3
2482 0 3
2483 0 2
2484 0 3
2485 0 2
2486 0 3
2487 0 2
2488 0 5
2489 0 2
2490 0 2
2491 0 9
2492 0 3
2493 0 6
2494 0 3
2495 0 4
2496 0 6
2497 0 6
2498 0 7
2499 0 3
2500 0 5
2501 0 2
2502 0 1
2503 0 3
2504 0 5
2505 0 5
2506 0 7
2507 0 5
2508 0 3
2509 0 5
2510 0 4
2511 0 6
2512 0 2
2513 0 5
2514 0 3
2515 0 9
2516 0 2
2517 0 4
2518 0 6
2519 0 6
2520 0 3
2521 0 5
2522 0 2
2523 0 3
2524 0 13
2525 0 2
2526 0 2
2527 0 7
2528 0 6
2529 0 2
2530 0 2
2531 0 5
2532 0 3
2533 0 5
2534 0 6
2535 0 3
2536 0 2
2537 0 6
2538 0 3
2539 0 3
2540 0 4
2541 0 1
2542 0 4
2543 0 4
2544 0 5
2545 0 3
2546 0 13
2547 0 6
2548 0 6
2549 0 2
2550 0 5
2551 0 13
2552 0 2
2553 0 13
2554 0 8
2555 0 4
2556 0 5
2557 0 2
2558 0 4
2559 0 6
2560 0 6
2561 0 5
2562 0 2
2563 0 3
2564 0 3
2565 0 3
2566 0 4
2567 0 3
2568 0 7
2569 0 3
2570 0 6
2571 0 3
2572 0 4
2573 0 3
2574 0 3
2575 0 2
2576 0 5
2577 0 2
2578 0 6
2579 0 3
2580 0 3
2581 0 5
2582 0 3
2583 0 5
2584 0 2
2585 0 3
2586 0 1
2587 0 2
2588 0 6
2589 0 2
2590 0 2
2591 0 3
2592 0 2
2593 0 5
2594 0 2
2595 0 3
2596 0 6
2597 0 3
2598 0 2
2599 0 5
2600 0 5
2601 0 5
2602 0 2
2603 0 3
2604 0 5
2605 0 4
2606 0 5
2607 0 2
2608 0 3
2609 0 3
2610 0 6
2611 0 6
2612 0 5
2613 0 3
2614 0 6
2615 0 3
2616 0 6
2617 0 6
2618 0 6
2619 0 4
2620 0 1
2621 0 9
2622 0 2
2623 0 3
2624 0 2
2625 0 2
2626 0 2
2627 0 2
2628 0 2
2629 0 2
2630 0 2
2631 0 3
2632 0 6
2633 0 3
2634 0 2
2635 0 3
2636 0 2
2637 0 2
2638 0 6
2639 0 3
2640 0 3
2641 0 6
2642 0 2
2643 0 3
2644 0 4
2645 0 3
2646 0 2
2647 0 2
2648 0 5
2649 0 2
2650 0 13
2651 0 2
2652 0 3
2653 0 2
2654 0 3
2655 0 6
2656 0 1
2657 0 13
2658 0 6
2659 0 1
2660 0 3
2661 0 6
2662 0 2
2663 0 3
2664 0 3
2665 0 8
2666 0 2
2667 0 6
2668 0 3
2669 0 6
2670 0 6
2671 0 9
2672 0 8
2673 0 6
2674 0 13
2675 0 4
2676 0 6
2677 0 2
2678 0 3
2679 0 6
2680 0 3
2681 0 9
2682 0 6
2683 0 7
2684 0 4
2685 0 6
2686 0 2
2687 0 2
2688 0 4
2689 0 2
2690 0 2
2691 0 2
2692 0 6
2693 0 2
2694 0 2
2695 0 3
2696 0 2
2697 0 4
2698 0 6
2699 0 2
2700 0 1
2701 0 6
2702 0 7
2703 0 4
2704 0 3
2705 0 4
2706 0 2
2707 0 6
2708 0 6
2709 0 2
2710 0 3
2711 0 4
2712 0 9
2713 0 2
2714 0 5
2715 0 6
2716 0 3
2717 0 2
2718 0 2
2719 0 3
2720 0 4
2721 0 3
2722 0 5
2723 0 4
2724 0 4
2725 0 2
2726 0 5
2727 0 3
2728 0 2
2729 0 1
2730 0 9
2731 0 2
2732 0 7
2733 0 4
2734 0 3
2735 0 6
2736 0 4
2737 0 5
2738 0 7
2739 0 2
2740 0 2
2741 0 2
2742 0 4
2743 0 2
2744 0 5
2745 0 5
2746 0 5
2747 0 5
2748 0 4
2749 0 1
2750 0 2
2751 0 3
2752 0 6
2753 0 1
2754 0 3
2755 0 6
2756 0 6
2757 0 3
2758 0 5
2759 0 2
2760 0 3
2761 0 5
2762 0 2
2763 0 1
2764 0 2
2765 0 6
2766 0 3
2767 0 5
2768 0 3
2769 0 7
2770 0 2
2771 0 2
2772 0 5
2773 0 5
2774 0 4
2775 0 3
2776 0 5
2777 0 13
2778 0 3
2779 0 3
2780 0 5
2781 0 1
2782 0 1
2783 0 2
2784 0 5
2785 0 5
2786 0 2
2787 0 9
2788 0 1
2789 0 2
2790 0 2
2791 0 4
2792 0 3
2793 0 6
2794 0 2
2795 0 7
2796 0 5
2797 0 3
2798 0 7
2799 0 6
2800 0 5
2801 0 4
2802 0 5
2803 0 6
2804 0 3
2805 0 9
2806 0 1
2807 0 5
2808 0 4
2809 0 3
2810 0 2
2811 0 3
2812 0 13
2813 0 6
2814 0 2
2815 0 2
2816 0 2
2817 0 3
2818 0 2
2819 0 5
2820 0 5
2821 0 3
2822 0 5
2823 0 2
2824 0 2
2825 0 2
2826 0 2
2827 0 5
2828 0 5
2829 0 2
2830 0 2
2831 0 2
2832 0 3
2833 0 6
2834 0 2
2835 0 2
2836 0 3
2837 0 3
2838 0 2
2839 0 6
2840 0 6
2841 0 2
2842 0 7
2843 0 5
2844 0 5
2845 0 2
2846 0 5
2847 0 5
2848 0 4
2849 0 5
2850 0 2
2851 0 3
2852 0 7
2853 0 7
2854 0 2
2855 0 1
2856 0 3
2857 0 2
2858 0 6
2859 0 3
2860 0 6
2861 0 6
2862 0 6
2863 0 4
2864 0 4
2865 0 4
2866 0 3
2867 0 4
2868 0 2
2869 0 5
2870 0 5
2871 0 2
2872 0 4
2873 0 8
2874 0 3
2875 0 4
2876 0 5
2877 0 2
2878 0 3
2879 0 4
2880 0 2
2881 0 2
2882 0 5
2883 0 13
2884 0 3
2885 0 4
2886 0 3
2887 0 3
2888 0 5
2889 0 4
2890 0 2
2891 0 6
2892 0 2
2893 0 1
2894 0 4
2895 0 7
2896 0 2
2897 0 2
2898 0 1
2899 0 6
2900 0 2
2901 0 6
2902 0 3
2903 0 5
2904 0 5
2905 0 1
2906 0 2
2907 0 4
2908 0 6
2909 0 5
2910 0 9
2911 0 13
2912 0 7
2913 0 7
2914 0 3
2915 0 3
2916 0 6
2917 0 4
2918 0 4
2919 0 1
2920 0 3
2921 0 6
2922 0 2
2923 0 2
2924 0 2
2925 0 4
2926 0 3
2927 0 3
2928 0 2
2929 0 5
2930 0 9
2931 0 2
2932 0 3
2933 0 1
2934 0 3
2935 0 6
2936 0 2
2937 0 9
2938 0 8
2939 0 2
2940 0 3
2941 0 3
2942 0 2
2943 0 6
2944 0 5
2945 0 7
2946 0 3
2947 0 2
2948 0 2
2949 0 6
2950 0 6
2951 0 2
2952 0 3
2953 0 6
2954 0 2
2955 0 4
2956 0 3
2957 0 7
2958 0 6
2959 0 5
2960 0 13
2961 0 6
2962 0 3
2963 0 5
2964 0 8
2965 0 2
2966 0 4
2967 0 2
2968 0 2
2969 0 3
2970 0 5
2971 0 6
2972 0 9
2973 0 2
2974 0 4
2975 0 2
2976 0 2
2977 0 5
2978 0 6
2979 0 3
2980 0 4
2981 0 9
2982 0 6
2983 0 2
2984 0 6
2985 0 2
2986 0 4
2987 0 7
2988 0 4
2989 0 6
2990 0 3
2991 0 5
2992 0 2
2993 0 2
2994 0 2
2995 0 6
2996 0 3
2997 0 6
2998 0 3
2999 0 2
3000 0 6
3001 0 3
3002 0 7
3003 0 2
3004 0 2
3005 0 4
3006 0 5
3007 0 9
3008 0 2
3009 0 1
3010 0 5
3011 0 4
3012 0 6
3013 0 4
3014 0 5
3015 0 6
3016 0 3
3017 0 3
3018 0 2
3019 0 2
3020 0 4
3021 0 2
3022 0 6
3023 0 3
3024 0 2
3025 0 2
3026 0 4
3027 0 4
3028 0 4
3029 0 2
3030 0 6
3031 0 2
3032 0 3
3033 0 2
3034 0 4
3035 0 3
3036 0 3
3037 0 6
3038 0 2
3039 0 5
3040 0 6
3041 0 4
3042 0 3
3043 0 2
3044 0 13
3045 0 2
3046 0 3
3047 0 5
3048 0 2
3049 0 3
3050 0 6
3051 0 1
3052 0 6
3053 0 6
3054 0 2
3055 0 5
3056 0 6
3057 0 5
3058 0 6
3059 0 2
3060 0 3
3061 0 2
3062 0 6
3063 0 3
3064 0 9
3065 0 2
3066 0 5
3067 0 3
3068 0 4
3069 0 4
3070 0 5
3071 0 4
3072 0 6
3073 0 2
3074 0 2
3075 0 2
3076 0 1
3077 0 6
3078 0 4
3079 0 7
3080 0 3
3081 0 5
3082 0 6
3083 0 8
3084 0 2
3085 0 4
3086 0 5
3087 0 7
3088 0 5
3089 0 2
3090 0 3
3091 0 6
3092 0 2
3093 0 6
3094 0 3
3095 0 2
3096 0 8
3097 0 2
3098 0 4
3099 0 4
3100 0 2
3101 0 1
3102 0 3
3103 0 6
3104 0 5
3105 0 4
3106 0 1
3107 0 4
3108 0 2
3109 0 2
3110 0 2
3111 0 2
3112 0 3
3113 0 2
3114 0 6
3115 0 6
3116 0 6
3117 0 3
3118 0 5
3119 0 7
3120 0 2
3121 0 3
3122 0 2
3123 0 4
3124 0 8
3125 0 2
3126 0 5
3127 0 5
3128 0 3
3129 0 2
3130 0 6
3131 0 3
3132 0 5
3133 0 7
3134 0 4
3135 0 2
3136 0 2
3137 0 8
3138 0 4
3139 0 8
3140 0 6
3141 0 2
3142 0 6
3143 0 5
3144 0 2
3145 0 5
3146 0 2
3147 0 2
3148 0 13
3149 0 2
3150 0 8
3151 0 5
3152 0 6
3153 0 2
3154 0 3
3155 0 9
3156 0 2
3157 0 6
3158 0 6
3159 0 2
3160 0 6
3161 0 4
3162 0 2
3163 0 4
3164 0 1
3165 0 6
3166 0 2
3167 0 3
3168 0 5
3169 0 13
3170 0 6
3171 0 3
3172 0 2
3173 0 6
3174 0 2
3175 0 2
3176 0 3
3177 0 6
3178 0 3
3179 0 3
3180 0 6
3181 0 2
3182 0 3
3183 0 5
3184 0 3
3185 0 2
3186 0 2
3187 0 5
3188 0 3
3189 0 2
3190 0 4
3191 0 2
3192 0 2
3193 0 6
3194 0 2
3195 0 2
3196 0 3
3197 0 6
3198 0 2
3199 0 2
3200 0 3
3201 0 2
3202 0 5
3203 0 1
3204 0 2
3205 0 2
3206 0 3
3207 0 2
3208 0 5
3209 0 2
3210 0 6
3211 0 2
3212 0 2
3213 0 5
3214 0 3
3215 0 5
3216 0 3
3217 0 6
3218 0 8
3219 0 5
3220 0 3
3221 0 2
3222 0 2
3223 0 2
3224 0 1
3225 0 2
3226 0 4
3227 0 7
3228 0 3
3229 0 3
3230 0 4
3231 0 5
3232 0 2
3233 0 8
3234 0 6
3235 0 2
3236 0 6
3237 0 6
3238 0 1
3239 0 2
3240 0 2
3241 0 3
3242 0 2
3243 0 2
3244 0 5
3245 0 1
3246 0 3
3247 0 2
3248 0 13
3249 0 2
3250 0 3
3251 0 4
3252 0 3
3253 0 3
3254 0 2
3255 0 2
3256 0 2
3257 0 5
3258 0 6
3259 0 4
3260 0 2
3261 0 3
3262 0 2
3263 0 1
3264 0 6
3265 0 6
3266 0 2
3267 0 2
3268 0 7
3269 0 2
3270 0 6
3271 0 2
3272 0 2
3273 0 8
3274 0 2
3275 0 3
3276 0 5
3277 0 4
3278 0 4
3279 0 4
3280 0 2
3281 0 4
3282 0 3
3283 0 1
3284 0 5
3285 0 4
3286 0 6
3287 0 5
3288 0 4
3289 0 2
3290 0 5
3291 0 1
3292 0 4
3293 0 3
3294 0 2
3295 0 2
3296 0 3
3297 0 9
3298 0 5
3299 0 2
3300 0 2
3301 0 5
3302 0 2
3303 0 2
3304 0 6
3305 0 4
3306 0 5
3307 0 4
3308 0 2
3309 0 3
3310 0 5
3311 0 3
3312 0 1
3313 0 7
3314 0 4
3315 0 4
3316 0 7
3317 0 3
3318 0 6
3319 0 6
3320 0 2
3321 0 5
3322 0 4
3323 0 5
3324 0 4
3325 0 2
3326 0 7
3327 0 2
3328 0 9
3329 0 5
3330 0 4
3331 0 2
3332 0 2
3333 0 2
3334 0 1
3335 0 2
3336 0 5
3337 0 1
3338 0 2
3339 0 6
3340 0 3
3341 0 2
3342 0 4
3343 0 2
3344 0 2
3345 0 2
3346 0 2
3347 0 2
3348 0 5
3349 0 6
3350 0 3
3351 0 6
3352 0 7
3353 0 7
3354 0 6
3355 0 5
3356 0 3
3357 0 7
3358 0 4
3359 0 6
3360 0 2
3361 0 5
3362 0 2
3363 0 5
3364 0 2
3365 0 1
3366 0 2
3367 0 8
3368 0 4
3369 0 5
3370 0 2
3371 0 9
3372 0 2
3373 0 2
3374 0 5
3375 0 2
3376 0 4
3377 0 6
3378 0 1
3379 0 4
3380 0 9
3381 0 3
3382 0 2
3383 0 2
3384 0 2
3385 0 6
3386 0 3
3387 0 2
3388 0 4
3389 0 1
3390 0 4
3391 0 2
3392 0 6
3393 0 5
3394 0 5
3395 0 2
3396 0 2
3397 0 5
3398 0 7
3399 0 4
3400 0 5
3401 0 5
3402 0 4
3403 0 3
3404 0 6
3405 0 9
3406 0 4
3407 0 6
3408 0 4
3409 0 2
3410 0 2
3411 0 9
3412 0 5
3413 0 2
3414 0 3
3415 0 5
3416 0 2
3417 0 3
3418 0 2
3419 0 5
3420 0 7
3421 0 4
3422 0 1
3423 0 5
3424 0 2
3425 0 6
3426 0 2
3427 0 13
3428 0 3
3429 0 2
3430 0 3
3431 0 2
3432 0 9
3433 0 5
3434 0 4
3435 0 3
3436 0 1
3437 0 6
3438 0 3
3439 0 6
3440 0 9
3441 0 5
3442 0 2
3443 0 4
3444 0 2
3445 0 6
3446 0 6
3447 0 5
3448 0 5
3449 0 2
3450 0 2
3451 0 3
3452 0 6
3453 0 4
3454 0 9
3455 0 2
3456 0 6
3457 0 6
3458 0 8
3459 0 2
3460 0 3
3461 0 2
3462 0 5
3463 0 6
3464 0 4
3465 0 5
3466 0 5
3467 0 4
3468 0 5
3469 0 2
3470 0 2
3471 0 9
3472 0 5
3473 0 2
3474 0 2
3475 0 2
3476 0 6
3477 0 2
3478 0 5
3479 0 6
3480 0 3
3481 0 2
3482 0 2
3483 0 3
3484 0 2
3485 0 6
3486 0 6
3487 0 4
3488 0 4
3489 0 3
3490 0 2
3491 0 8
3492 0 2
3493 0 6
3494 0 3
3495 0 6
3496 0 6
3497 0 6
3498 0 5
3499 0 3
3500 0 7
3501 0 2
3502 0 6
3503 0 7
3504 0 2
3505 0 5
3506 0 5
3507 0 1
3508 0 6
3509 0 2
3510 0 2
3511 0 3
3512 0 2
3513 0 2
3514 0 2
3515 0 6
3516 0 6
3517 0 3
3518 0 5
3519 0 6
3520 0 1
3521 0 3
3522 0 2
3523 0 9
3524 0 2
3525 0 2
3526 0 2
3527 0 5
3528 0 8
3529 0 5
3530 0 3
3531 0 2
3532 0 6
3533 0 4
3534 0 2
3535 0 6
3536 0 4
3537 0 6
3538 0 2
3539 0 2
3540 0 3
3541 0 2
3542 0 3
3543 0 3
3544 0 2
3545 0 7
3546 0 2
3547 0 4
3548 0 4
3549 0 5
3550 0 2
3551 0 3
3552 0 2
3553 0 3
3554 0 2
3555 0 2
3556 0 2
3557 0 6
3558 0 8
3559 0 6
3560 0 5
3561 0 5
3562 0 2
3563 0 7
3564 0 3
3565 0 4
3566 0 2
3567 0 1
3568 0 5
3569 0 4
3570 0 2
3571 0 2
3572 0 6
3573 0 3
3574 0 9
3575 0 2
3576 0 4
3577 0 5
3578 0 4
3579 0 5
3580 0 6
3581 0 4
3582 0 6
3583 0 4
3584 0 2
3585 0 6
3586 0 4
3587 0 9
3588 0 3
3589 0 8
3590 0 2
3591 0 2
3592 0 2
3593 0 3
3594 0 1
3595 0 4
3596 0 2
3597 0 2
3598 0 3
3599 0 2
3600 0 2
3601 0 9
3602 0 2
3603 0 2
3604 0 6
3605 0 6
3606 0 2
3607 0 2
3608 0 5
3609 0 2
3610 0 2
3611 0 2
3612 0 3
3613 0 1
3614 0 2
3615 0 2
3616 0 3
3617 0 2
3618 0 2
3619 0 2
3620 0 4
3621 0 6
3622 0 6
3623 0 2
3624 0 2
3625 0 2
3626 0 5
3627 0 7
3628 0 4
3629 0 3
3630 0 1
3631 0 4
3632 0 2
3633 0 3
3634 0 2
3635 0 2
3636 0 2
3637 0 3
3638 0 6
3639 0 7
3640 0 2
3641 0 13
3642 0 9
3643 0 7
3644 0 7
3645 0 2
3646 0 5
3647 0 3
3648 0 4
3649 0 4
3650 0 5
3651 0 2
3652 0 4
3653 0 4
3654 0 5
3655 0 5
3656 0 3
3657 0 1
3658 0 2
3659 0 2
3660 0 5
3661 0 7
3662 0 3
3663 0 2
3664 0 6
3665 0 6
3666 0 2
3667 0 1
3668 0 9
3669 0 2
3670 0 2
3671 0 2
3672 0 2
3673 0 3
3674 0 6
3675 0 1
3676 0 4
3677 0 3
3678 0 3
3679 0 6
3680 0 3
3681 0 1
3682 0 1
3683 0 13
3684 0 2
3685 0 2
3686 0 5
3687 0 6
3688 0 2
3689 0 3
3690 0 5
3691 0 5
3692 0 5
3693 0 4
3694 0 7
3695 0 7
3696 0 4
3697 0 3
3698 0 2
3699 0 4
3700 0 4
3701 0 3
3702 0 5
3703 0 3
3704 0 2
3705 0 6
3706 0 5
3707 0 6
3708 0 2
3709 0 3
3710 0 3
3711 0 4
3712 0 9
3713 0 3
3714 0 3
3715 0 6
3716 0 2
3717 0 5
3718 0 9
3719 0 2
3720 0 3
3721 0 3
3722 0 4
3723 0 2
3724 0 6
3725 0 4
3726 0 2
3727 0 1
3728 0 6
3729 0 5
3730 0 6
3731 0 6
3732 0 2
3733 0 5
3734 0 8
3735 0 2
3736 0 4
3737 0 7
3738 0 6
3739 0 2
3740 0 3
3741 0 6
3742 0 2
3743 0 4
3744 0 3
3745 0 5
3746 0 2
3747 0 13
3748 0 4
3749 0 2
3750 0 2
3751 0 6
3752 0 3
3753 0 2
3754 0 4
3755 0 2
3756 0 2
3757 0 6
3758 0 4
3759 0 9
3760 0 1
3761 0 5
3762 0 5
3763 0 7
3764 0 6
3765 0 5
3766 0 2
3767 0 13
3768 0 1
3769 0 2
3770 0 1
3771 0 7
3772 0 4
3773 0 2
3774 0 1
3775 0 9
3776 0 5
3777 0 3
3778 0 13
3779 0 6
3780 0 2
3781 0 3
3782 0 3
3783 0 3
3784 0 5
3785 0 2
3786 0 5
3787 0 4
3788 0 1
3789 0 2
3790 0 2
3791 0 7
3792 0 6
3793 0 7
3794 0 6
3795 0 2
3796 0 2
3797 0 4
3798 0 2
3799 0 2
3800 0 7
3801 0 4
3802 0 2
3803 0 7
3804 0 2
3805 0 3
3806 0 2
3807 0 7
3808 0 2
3809 0 7
3810 0 2
3811 0 2
3812 0 1
3813 0 2
3814 0 3
3815 0 6
3816 0 6
3817 0 6
3818 0 7
3819 0 2
3820 0 2
3821 0 13
3822 0 4
3823 0 2
3824 0 2
3825 0 4
3826 0 2
3827 0 6
3828 0 9
3829 0 2
3830 0 5
3831 0 2
3832 0 1
3833 0 5
3834 0 2
3835 0 5
3836 0 4
3837 0 2
3838 0 5
3839 0 2
3840 0 4
3841 0 2
3842 0 5
3843 0 4
3844 0 2
3845 0 6
3846 0 4
3847 0 6
3848 0 4
3849 0 13
3850 0 2
3851 0 6
3852 0 6
3853 0 8
3854 0 3
3855 0 9
3856 0 7
3857 0 2
3858 0 2
3859 0 5
3860 0 2
3861 0 2
3862 0 2
3863 0 3
3864 0 5
3865 0 2
3866 0 4
3867 0 3
3868 0 6
3869 0 2
3870 0 3
3871 0 5
3872 0 2
3873 0 4
3874 0 5
3875 0 2
3876 0 2
3877 0 3
3878 0 5
3879 0 6
3880 0 6
3881 0 13
3882 0 3
3883 0 5
3884 0 6
3885 0 6
3886 0 4
3887 0 2
3888 0 7
3889 0 2
3890 0 3
3891 0 5
3892 0 1
3893 0 6
3894 0 3
3895 0 5
3896 0 3
3897 0 5
3898 0 3
3899 0 2
3900 0 2
3901 0 2
3902 0 1
3903 0 6
3904 0 5
3905 0 3
3906 0 7
3907 0 6
3908 0 2
3909 0 2
3910 0 2
3911 0 2
3912 0 4
3913 0 2
3914 0 9
3915 0 7
3916 0 2
3917 0 6
3918 0 5
3919 0 9
3920 0 2
3921 0 5
3922 0 3
3923 0 4
3924 0 6
3925 0 2
3926 0 1
3927 0 5
3928 0 2
3929 0 6
3930 0 7
3931 0 2
3932 0 1
3933 0 1
3934 0 3
3935 0 3
3936 0 4
3937 0 5
3938 0 3
3939 0 6
3940 0 2
3941 0 6
3942 0 2
3943 0 3
3944 0 7
3945 0 2
3946 0 3
3947 0 4
3948 0 3
3949 0 2
3950 0 3
3951 0 2
3952 0 3
3953 0 1
3954 0 4
3955 0 4
3956 0 1
3957 0 4
3958 0 2
3959 0 6
3960 0 2
3961 0 3
3962 0 2
3963 0 6
3964 0 3
3965 0 2
3966 0 5
3967 0 5
3968 0 8
3969 0 1
3970 0 5
3971 0 5
3972 0 6
3973 0 4
3974 0 3
3975 0 4
3976 0 2
3977 0 3
3978 0 2
3979 0 4
3980 0 1
3981 0 9
3982 0 4
3983 0 6
3984 0 2
3985 0 4
3986 0 2
3987 0 3
3988 0 6
3989 0 3
3990 0 3
3991 0 4
3992 0 8
3993 0 2
3994 0 4
3995 0 6
3996 0 5
3997 0 5
3998 0 2
3999 0 6
4000 0 2
4001 0 2
4002 0 2
4003 0 5
4004 0 3
4005 0 2
4006 0 1
4007 0 1
4008 0 4
4009 0 3
4010 0 3
4011 0 3
4012 0 6
4013 0 2
4014 0 2
4015 0 2
4016 0 1
4017 0 2
4018 0 2
4019 0 7
4020 0 4
4021 0 5
4022 0 9
4023 0 2
4024 0 3
4025 0 2
4026 0 6
4027 0 7
4028 0 5
4029 0 6
4030 0 6
4031 0 6
4032 0 5
4033 0 2
4034 0 2
4035 0 2
4036 0 9
4037 0 4
4038 0 8
4039 0 5
4040 0 4
4041 0 13
4042 0 2
4043 0 6
4044 0 6
4045 0 2
4046 0 2
4047 0 2
4048 0 5
4049 0 5
4050 0 3
4051 0 2
4052 0 7
4053 0 6
4054 0 6
4055 0 5
4056 0 3
4057 0 5
4058 0 3
4059 0 3
4060 0 3
4061 0 4
4062 0 5
4063 0 6
4064 0 1
4065 0 2
4066 0 7
4067 0 3
4068 0 2
4069 0 2
4070 0 4
4071 0 3
4072 0 2
4073 0 3
4074 0 8
4075 0 4
4076 0 6
4077 0 7
4078 0 4
4079 0 2
4080 0 5
4081 0 2
4082 0 2
4083 0 1
4084 0 3
4085 0 6
4086 0 7
4087 0 2
4088 0 3
4089 0 3
4090 0 2
4091 0 3
4092 0 1
4093 0 2
4094 0 1
4095 0 6
4096 0 6
4097 0 5
4098 0 4
4099 0 5
4100 0 7
4101 0 6
4102 0 2
4103 0 9
4104 0 4
4105 0 6
4106 0 4
4107 0 6
4108 0 5
4109 0 4
4110 0 2
4111 0 4
4112 0 6
4113 0 6
4114 0 2
4115 0 6
4116 0 3
4117 0 9
4118 0 4
4119 0 3
4120 0 2
4121 0 6
4122 0 3
4123 0 6
4124 0 5
4125 0 9
4126 0 6
4127 0 13
4128 0 1
4129 0 5
4130 0 8
4131 0 3
4132 0 1
4133 0 2
4134 0 3
4135 0 3
4136 0 4
4137 0 2
4138 0 4
4139 0 4
4140 0 6
4141 0 6
4142 0 3
4143 0 7
4144 0 3
4145 0 4
4146 0 4
4147 0 8
4148 0 2
4149 0 2
4150 0 2
4151 0 6
4152 0 4
4153 0 3
4154 0 4
4155 0 3
4156 0 3
4157 0 2
4158 0 6
4159 0 9
4160 0 2
4161 0 2
4162 0 4
4163 0 2
4164 0 2
4165 0 2
4166 0 9
4167 0 6
4168 0 4
4169 0 6
4170 0 6
4171 0 2
4172 0 6
4173 0 2
4174 0 6
4175 0 7
4176 0 5
4177 0 3
4178 0 3
4179 0 5
4180 0 4
4181 0 5
4182 0 1
4183 0 4
4184 0 2
4185 0 2
4186 0 2
4187 0 4
4188 0 5
4189 0 2
4190 0 2
4191 0 4
4192 0 1
4193 0 8
4194 0 2
4195 0 6
4196 0 3
4197 0 2
4198 0 6
4199 0 6
4200 0 8
4201 0 3
4202 0 5
4203 0 2
4204 0 4
4205 0 5
4206 0 5
4207 0 6
4208 0 5
4209 0 2
4210 0 3
4211 0 6
4212 0 5
4213 0 5
4214 0 2
4215 0 6
4216 0 6
4217 0 4
4218 0 2
4219 0 5
4220 0 5
4221 0 2
4222 0 6
4223 0 3
4224 0 2
4225 0 3
4226 0 2
4227 0 7
4228 0 6
4229 0 2
4230 0 4
4231 0 3
4232 0 5
4233 0 3
4234 0 9
4235 0 2
4236 0 4
4237 0 5
4238 0 3
4239 0 4
4240 0 2
4241 0 1
4242 0 10
4243 0 9
4244 0 6
4245 0 7
4246 0 7
4247 0 5
4248 0 6
4249 0 2
4250 0 4
4251 0 6
4252 0 3
4253 0 3
4254 0 2
4255 0 1
4256 0 5
4257 0 6
4258 0 6
4259 0 6
4260 0 2
4261 0 5
4262 0 13
4263 0 4
4264 0 8
4265 0 4
4266 0 2
4267 0 3
4268 0 2
4269 0 3
4270 0 2
4271 0 5
4272 0 3
4273 0 7
4274 0 3
4275 0 4
4276 0 4
4277 0 3
4278 0 6
4279 0 4
4280 0 3
4281 0 7
4282 0 4
4283 0 5
4284 0 7
4285 0 4
4286 0 5
4287 0 5
4288 0 2
4289 0 2
4290 0 6
4291 0 2
4292 0 6
4293 0 6
4294 0 7
4295 0 6
4296 0 3
4297 0 3
4298 0 5
4299 0 5
4300 0 4
4301 0 2
4302 0 3
4303 0 6
4304 0 2
4305 0 6
4306 0 6
4307 0 8
4308 0 2
4309 0 9
4310 0 3
4311 0 3
4312 0 4
4313 0 6
4314 0 7
4315 0 2
4316 0 2
4317 0 2
4318 0 2
4319 0 7
4320 0 2
4321 0 6
4322 0 6
4323 0 3
4324 0 2
4325 0 3
4326 0 4
4327 0 5
4328 0 2
4329 0 2
4330 0 2
4331 0 5
4332 0 4
4333 0 6
4334 0 2
4335 0 3
4336 0 2
4337 0 9
4338 0 2
4339 0 2
4340 0 4
4341 0 2
4342 0 7
4343 0 2
4344 0 4
4345 0 2
4346 0 4
4347 0 5
4348 0 13
4349 0 5
4350 0 3
4351 0 6
4352 0 2
4353 0 2
4354 0 7
4355 0 4
4356 0 6
4357 0 3
4358 0 3
4359 0 6
4360 0 8
4361 0 6
4362 0 3
4363 0 6
4364 0 2
4365 0 5
4366 0 1
4367 0 5
4368 0 1
4369 0 5
4370 0 2
4371 0 7
4372 0 2
4373 0 2
4374 0 3
4375 0 3
4376 0 5
4377 0 13
4378 0 2
4379 0 5
4380 0 2
4381 0 2
4382 0 2
4383 0 7
4384 0 2
4385 0 4
4386 0 2
4387 0 4
4388 0 2
4389 0 2
4390 0 2
4391 0 2
4392 0 2
4393 0 9
4394 0 6
4395 0 4
4396 0 4
4397 0 13
4398 0 6
4399 0 2
4400 0 2
4401 0 7
4402 0 6
4403 0 3
4404 0 2
4405 0 2
4406 0 3
4407 0 3
4408 0 2
4409 0 2
4410 0 3
4411 0 7
4412 0 9
4413 0 2
4414 0 2
4415 0 2
4416 0 2
4417 0 5
4418 0 2
4419 0 5
4420 0 5
4421 0 2
4422 0 4
4423 0 6
4424 0 4
4425 0 5
4426 0 4
4427 0 1
4428 0 9
4429 0 3
4430 0 3
4431 0 13
4432 0 4
4433 0 13
4434 0 2
4435 0 13
4436 0 2
4437 0 5
4438 0 6
4439 0 2
4440 0 5
4441 0 3
4442 0 7
4443 0 1
4444 0 3
4445 0 6
4446 0 5
4447 0 9
4448 0 3
4449 0 3
4450 0 4
4451 0 5
4452 0 4
4453 0 4
4454 0 4
4455 0 8
4456 0 2
4457 0 3
4458 0 2
4459 0 2
4460 0 7
4461 0 4
4462 0 2
4463 0 2
4464 0 5
4465 0 2
4466 0 6
4467 0 6
4468 0 2
4469 0 2
4470 0 5
4471 0 1
4472 0 2
4473 0 5
4474 0 6
4475 0 2
4476 0 3
4477 0 2
4478 0 4
4479 0 6
4480 0 3
4481 0 6
4482 0 4
4483 0 4
4484 0 6
4485 0 2
4486 0 4
4487 0 9
4488 0 6
4489 0 3
4490 0 2
4491 0 13
4492 0 2
4493 0 2
4494 0 2
4495 0 2
4496 0 13
4497 0 9
4498 0 2
4499 0 4
4500 0 2
4501 0 5
4502 0 4
4503 0 7
4504 0 2
4505 0 3
4506 0 1
4507 0 2
4508 0 5
4509 0 6
4510 0 4
4511 0 2
4512 0 7
4513 0 4
4514 0 6
4515 0 2
4516 0 4
4517 0 3
4518 0 5
4519 0 6
4520 0 6
4521 0 2
4522 0 4
4523 0 3
4524 0 4
4525 0 3
4526 0 7
4527 0 6
4528 0 4
4529 0 4
4530 0 7
4531 0 5
4532 0 3
4533 0 2
4534 0 6
4535 0 5
4536 0 7
4537 0 3
4538 0 8
4539 0 6
4540 0 8
4541 0 5
4542 0 6
4543 0 2
4544 0 2
4545 0 2
4546 0 5
4547 0 9
4548 0 3
4549 0 5
4550 0 3
4551 0 3
4552 0 4
4553 0 3
4554 0 4
4555 0 2
4556 0 6
4557 0 3
4558 0 2
4559 0 3
4560 0 5
4561 0 6
4562 0 2
4563 0 7
4564 0 2
4565 0 3
4566 0 5
4567 0 2
4568 0 6
4569 0 1
4570 0 8
4571 0 2
4572 0 5
4573 0 2
4574 0 2
4575 0 2
4576 0 6
4577 0 1
4578 0 7
4579 0 6
4580 0 3
4581 0 5
4582 0 1
4583 0 2
4584 0 2
4585 0 2
4586 0 2
4587 0 3
4588 0 5
4589 0 6
4590 0 1
4591 0 2
4592 0 2
4593 0 2
4594 0 5
4595 0 1
4596 0 2
4597 0 3
4598 0 6
4599 0 6
4600 0 1
4601 0 5
4602 0 5
4603 0 2
4604 0 4
4605 0 2
4606 0 5
4607 0 5
4608 0 3
4609 0 3
4610 0 9
4611 0 6
4612 0 5
4613 0 2
4614 0 2
4615 0 2
4616 0 2
4617 0 2
4618 0 2
4619 0 3
4620 0 13
4621 0 3
4622 0 2
4623 0 1
4624 0 6
4625 0 2
4626 0 6
4627 0 3
4628 0 3
4629 0 6
4630 0 7
4631 0 5
4632 0 5
4633 0 3
4634 0 4
4635 0 2
4636 0 2
4637 0 5
4638 0 4
4639 0 4
4640 0 2
4641 0 2
4642 0 5
4643 0 2
4644 0 2
4645 0 4
4646 0 13
4647 0 2
4648 0 1
4649 0 5
4650 0 2
4651 0 4
4652 0 3
4653 0 6
4654 0 2
4655 0 6
4656 0 1
4657 0 6
4658 0 4
4659 0 2
4660 0 4
4661 0 5
4662 0 5
4663 0 1
4664 0 3
4665 0 3
4666 0 3
4667 0 6
4668 0 2
4669 0 3
4670 0 5
4671 0 6
4672 0 3
4673 0 13
4674 0 5
4675 0 2
4676 0 2
4677 0 2
4678 0 2
4679 0 3
4680 0 5
4681 0 6
4682 0 13
4683 0 2
4684 0 2
4685 0 4
4686 0 2
4687 0 6
4688 0 2
4689 0 2
4690 0 5
4691 0 2
4692 0 2
4693 0 7
4694 0 6
4695 0 5
4696 0 6
4697 0 13
4698 0 6
4699 0 3
4700 0 3
4701 0 5
4702 0 6
4703 0 6
4704 0 5
4705 0 2
4706 0 2
4707 0 2
4708 0 5
4709 0 2
4710 0 6
4711 0 3
4712 0 6
4713 0 7
4714 0 9
4715 0 3
4716 0 2
4717 0 3
4718 0 6
4719 0 2
4720 0 6
4721 0 3
4722 0 2
4723 0 2
4724 0 2
4725 0 2
4726 0 3
4727 0 2
4728 0 6
4729 0 4
4730 0 4
4731 0 13
4732 0 2
4733 0 3
4734 0 2
4735 0 2
4736 0 2
4737 0 2
4738 0 2
4739 0 13
4740 0 2
4741 0 1
4742 0 5
4743 0 2
4744 0 3
4745 0 3
4746 0 3
4747 0 3
4748 0 5
4749 0 2
4750 0 5
4751 0 4
4752 0 5
4753 0 2
4754 0 4
4755 0 3
4756 0 2
4757 0 9
4758 0 6
4759 0 5
4760 0 2
4761 0 2
4762 0 5
4763 0 2
4764 0 7
4765 0 6
4766 0 9
4767 0 2
4768 0 1
4769 0 2
4770 0 5
4771 0 4
4772 0 4
4773 0 5
4774 0 2
4775 0 6
4776 0 5
4777 0 3
4778 0 2
4779 0 2
4780 0 3
4781 0 7
4782 0 3
4783 0 2
4784 0 4
4785 0 2
4786 0 3
4787 0 2
4788 0 5
4789 0 6
4790 0 2
4791 0 6
4792 0 7
4793 0 4
4794 0 6
4795 0 7
4796 0 1
4797 0 5
4798 0 5
4799 0 4
4800 0 3
4801 0 3
4802 0 4
4803 0 2
4804 0 2
4805 0 2
4806 0 6
4807 0 2
4808 0 2
4809 0 2
4810 0 6
4811 0 4
4812 0 2
4813 0 6
4814 0 2
4815 0 8
4816 0 7
4817 0 4
4818 0 2
4819 0 3
4820 0 2
4821 0 3
4822 0 13
4823 0 2
4824 0 2
4825 0 6
4826 0 6
4827 0 6
4828 0 5
4829 0 6
4830 0 1
4831 0 4
4832 0 2
4833 0 2
4834 0 5
4835 0 6
4836 0 2
4837 0 3
4838 0 3
4839 0 2
4840 0 2
4841 0 1
4842 0 5
4843 0 2
4844 0 5
4845 0 2
4846 0 9
4847 0 13
4848 0 5
4849 0 4
4850 0 5
4851 0 2
4852 0 2
4853 0 7
4854 0 2
4855 0 7
4856 0 3
4857 0 2
4858 0 9
4859 0 3
4860 0 4
4861 0 9
4862 0 2
4863 0 7
4864 0 2
4865 0 3
4866 0 2
4867 0 4
4868 0 4
4869 0 2
4870 0 6
4871 0 5
4872 0 3
4873 0 1
4874 0 2
4875 0 2
4876 0 6
4877 0 5
4878 0 4
4879 0 3
4880 0 9
4881 0 4
4882 0 2
4883 0 4
4884 0 5
4885 0 2
4886 0 4
4887 0 2
4888 0 3
4889 0 3
4890 0 4
4891 0 2
4892 0 7
4893 0 5
4894 0 3
4895 0 4
4896 0 5
4897 0 2
4898 0 2
4899 0 6
4900 0 4
4901 0 8
4902 0 6
4903 0 2
4904 0 4
4905 0 2
4906 0 2
4907 0 6
4908 0 9
4909 0 6
4910 0 6
4911 0 6
4912 0 3
4913 0 2
4914 0 6
4915 0 7
4916 0 5
4917 0 4
4918 0 9
4919 0 6
4920 0 2
4921 0 2
4922 0 9
4923 0 3
4924 0 2
4925 0 1
4926 0 3
4927 0 2
4928 0 4
4929 0 2
4930 0 6
4931 0 3
4932 0 6
4933 0 3
4934 0 3
4935 0 4
4936 0 1
4937 0 2
4938 0 9
4939 0 4
4940 0 5
4941 0 6
4942 0 2
4943 0 2
4944 0 2
4945 0 1
4946 0 2
4947 0 2
4948 0 2
4949 0 6
4950 0 4
4951 0 3
4952 0 6
4953 0 2
4954 0 5
4955 0 2
4956 0 8
4957 0 5
4958 0 6
4959 0 4
4960 0 5
4961 0 2
4962 0 2
4963 0 7
4964 0 3
4965 0 2
4966 0 2
4967 0 5
4968 0 1
4969 0 7
4970 0 4
4971 0 8
4972 0 2
4973 0 2
4974 0 4
4975 0 5
4976 0 2
4977 0 7
4978 0 6
4979 0 2
4980 0 1
4981 0 13
4982 0 2
4983 0 6
4984 0 2
4985 0 3
4986 0 2
4987 0 5
4988 0 2
4989 0 3
4990 0 2
4991 0 2
4992 0 13
4993 0 6
4994 0 6
4995 0 3
4996 0 3
4997 0 3
4998 0 2
4999 0 5
5000 0 4
5001 0 8
5002 0 3
5003 0 2
5004 0 2
5005 0 6
5006 0 6
5007 0 9
5008 0 5
5009 0 2
5010 0 2
5011 0 13
5012 0 2
5013 0 4
5014 0 4
5015 0 9
5016 0 2
5017 0 2
5018 0 2
5019 0 2
5020 0 2
5021 0 5
5022 0 3
5023 0 2
5024 0 3
5025 0 5
5026 0 6
5027 0 1
5028 0 6
5029 0 5
5030 0 2
5031 0 9
5032 0 6
5033 0 3
5034 0 4
5035 0 2
5036 0 3
5037 0 2
5038 0 5
5039 0 4
5040 0 2
5041 0 2
5042 0 9
5043 0 2
5044 0 6
5045 0 2
5046 0 13
5047 0 2
5048 0 5
5049 0 7
5050 0 6
5051 0 4
5052 0 2
5053 0 3
5054 0 3
5055 0 2
5056 0 9
5057 0 4
5058 0 3
5059 0 1
5060 0 4
5061 0 5
5062 0 5
5063 0 6
5064 0 4
5065 0 2
5066 0 7
5067 0 8
5068 0 4
5069 0 2
5070 0 2
5071 0 3
5072 0 6
5073 0 1
5074 0 2
5075 0 5
5076 0 5
5077 0 4
5078 0 3
5079 0 5
5080 0 2
5081 0 2
5082 0 5
5083 0 9
5084 0 5
5085 0 2
5086 0 5
5087 0 6
5088 0 9
5089 0 2
5090 0 4
5091 0 9
5092 0 3
5093 0 2
5094 0 2
5095 0 5
5096 0 2
5097 0 2
5098 0 2
5099 0 3
5100 0 4
5101 0 3
5102 0 4
5103 0 6
5104 0 1
5105 0 2
5106 0 3
5107 0 2
5108 0 3
5109 0 5
5110 0 2
5111 0 2
5112 0 2
5113 0 6
5114 0 2
5115 0 2
5116 0 5
5117 0 7
5118 0 5
5119 0 5
5120 0 6
5121 0 5
5122 0 3
5123 0 5
5124 0 6
5125 0 2
5126 0 3
5127 0 2
5128 0 3
5129 0 3
5130 0 4
5131 0 2
5132 0 2
5133 0 2
5134 0 1
5135 0 2
5136 0 2
5137 0 2
5138 0 2
5139 0 3
5140 0 5
5141 0 5
5142 0 2
5143 0 6
5144 0 3
5145 0 2
5146 0 5
5147 0 6
5148 0 3
5149 0 7
5150 0 4
5151 0 5
5152 0 2
5153 0 3
5154 0 9
5155 0 2
5156 0 2
5157 0 1
5158 0 2
5159 0 2
5160 0 6
5161 0 4
5162 0 3
5163 0 3
5164 0 2
5165 0 2
5166 0 6
5167 0 6
5168 0 3
5169 0 5
5170 0 6
5171 0 2
5172 0 3
5173 0 2
5174 0 5
5175 0 3
5176 0 2
5177 0 2
5178 0 1
5179 0 5
5180 0 1
5181 0 2
5182 0 2
5183 0 2
5184 0 9
5185 0 2
5186 0 4
5187 0 2
5188 0 2
5189 0 2
5190 0 6
5191 0 2
5192 0 6
5193 0 5
5194 0 1
5195 0 6
5196 0 2
5197 0 2
5198 0 4
5199 0 4
5200 0 2
5201 0 2
5202 0 5
5203 0 6
5204 0 5
5205 0 6
5206 0 2
5207 0 3
5208 0 4
5209 0 4
5210 0 2
5211 0 2
5212 0 4
5213 0 5
5214 0 2
5215 0 3
5216 0 2
5217 0 2
5218 0 6
5219 0 6
5220 0 3
5221 0 2
5222 0 2
5223 0 2
5224 0 2
5225 0 6
5226 0 2
5227 0 2
5228 0 5
5229 0 4
5230 0 9
5231 0 2
5232 0 3
5233 0 5
5234 0 2
5235 0 1
5236 0 3
5237 0 2
5238 0 2
5239 0 6
5240 0 2
5241 0 2
5242 0 6
5243 0 2
5244 0 2
5245 0 4
5246 0 2
5247 0 3
5248 0 5
5249 0 5
5250 0 2
5251 0 2
5252 0 5
5253 0 2
5254 0 6
5255 0 2
5256 0 2
5257 0 4
5258 0 1
5259 0 6
5260 0 3
5261 0 6
5262 0 2
5263 0 5
5264 0 8
5265 0 2
5266 0 2
5267 0 2
5268 0 2
5269 0 4
5270 0 5
5271 0 3
5272 0 1
5273 0 2
5274 0 5
5275 0 13
5276 0 6
5277 0 4
5278 0 9
5279 0 6
5280 0 6
5281 0 1
5282 0 2
5283 0 2
5284 0 6
5285 0 3
5286 0 2
5287 0 6
5288 0 2
5289 0 5
5290 0 2
5291 0 4
5292 0 1
5293 0 1
5294 0 5
5295 0 13
5296 0 3
5297 0 4
5298 0 2
5299 0 2
5300 0 4
5301 0 7
5302 0 3
5303 0 5
5304 0 3
5305 0 2
5306 0 3
5307 0 6
5308 0 6
5309 0 6
5310 0 4
5311 0 3
5312 0 2
5313 0 3
5314 0 5
5315 0 5
5316 0 2
5317 0 5
5318 0 2
5319 0 5
5320 0 4
5321 0 5
5322 0 9
5323 0 2
5324 0 5
5325 0 2
5326 0 1
5327 0 6
5328 0 6
5329 0 2
5330 0 3
5331 0 3
5332 0 6
5333 0 2
5334 0 9
5335 0 6
5336 0 4
5337 0 7
5338 0 3
5339 0 2
5340 0 2
5341 0 3
5342 0 9
5343 0 2
5344 0 6
5345 0 3
5346 0 13
5347 0 5
5348 0 3
5349 0 2
5350 0 1
5351 0 4
5352 0 6
5353 0 9
5354 0 5
5355 0 2
5356 0 5
5357 0 1
5358 0 7
5359 0 2
5360 0 6
5361 0 5
5362 0 2
5363 0 2
5364 0 2
5365 0 2
5366 0 4
5367 0 2
5368 0 4
5369 0 13
5370 0 3
5371 0 5
5372 0 5
5373 0 8
5374 0 2
5375 0 6
5376 0 4
5377 0 5
5378 0 2
5379 0 3
5380 0 8
5381 0 3
5382 0 3
5383 0 3
5384 0 4
5385 0 13
5386 0 6
5387 0 2
5388 0 2
5389 0 9
5390 0 3
5391 0 7
5392 0 3
5393 0 7
5394 0 3
5395 0 2
5396 0 6
5397 0 5
5398 0 6
5399 0 4
5400 0 6
5401 0 2
5402 0 2
5403 0 6
5404 0 3
5405 0 2
5406 0 7
5407 0 2
5408 0 2
5409 0 1
5410 0 2
5411 0 3
5412 0 6
5413 0 2
5414 0 5
5415 0 7
5416 0 2
5417 0 6
5418 0 2
5419 0 3
5420 0 4
5421 0 6
5422 0 3
5423 0 3
5424 0 2
5425 0 1
5426 0 4
5427 0 2
5428 0 4
5429 0 6
5430 0 4
5431 0 6
5432 0 2
5433 0 2
5434 0 2
5435 0 2
5436 0 3
5437 0 3
5438 0 3
5439 0 3
5440 0 3
5441 0 7
5442 0 4
5443 0 3
5444 0 6
5445 0 2
5446 0 5
5447 0 2
5448 0 6
5449 0 3
5450 0 4
5451 0 6
5452 0 5
5453 0 2
5454 0 5
5455 0 13
5456 0 6
5457 0 1
5458 0 5
5459 0 6
5460 0 2
5461 0 5
5462 0 2
5463 0 6
5464 0 4
5465 0 4
5466 0 4
5467 0 2
5468 0 2
5469 0 5
5470 0 5
5471 0 3
5472 0 3
5473 0 4
5474 0 3
5475 0 1
5476 0 4
5477 0 3
5478 0 3
5479 0 4
5480 0 2
5481 0 2
5482 0 4
5483 0 4
5484 0 3
5485 0 5
5486 0 2
5487 0 2
5488 0 6
5489 0 2
5490 0 3
5491 0 4
5492 0 2
5493 0 2
5494 0 5
5495 0 2
5496 0 3
5497 0 3
5498 0 2
5499 0 2
5500 0 4
5501 0 4
5502 0 4
5503 0 4
5504 0 4
5505 0 6
5506 0 2
5507 0 3
5508 0 6
5509 0 2
5510 0 3
5511 0 2
5512 0 5
5513 0 1
5514 0 6
5515 0 7
5516 0 3
5517 0 5
5518 0 2
5519 0 1
5520 0 2
5521 0 4
5522 0 5
5523 0 5
5524 0 1
5525 0 3
5526 0 5
5527 0 4
5528 0 6
5529 0 5
5530 0 3
5531 0 4
5532 0 7
5533 0 2
5534 0 4
5535 0 4
5536 0 5
5537 0 2
5538 0 2
5539 0 2
5540 0 4
5541 0 3
5542 0 2
5543 0 1
5544 0 9
5545 0 5
5546 0 4
5547 0 2
5548 0 2
5549 0 5
5550 0 3
5551 0 8
5552 0 2
5553 0 2
5554 0 2
5555 0 5
5556 0 2
5557 0 2
5558 0 3
5559 0 3
5560 0 2
5561 0 8
5562 0 2
5563 0 2
5564 0 2
5565 0 3
5566 0 1
5567 0 13
5568 0 6
5569 0 5
5570 0 1
5571 0 5
5572 0 1
5573 0 2
5574 0 6
5575 0 3
5576 0 6
5577 0 1
5578 0 2
5579 0 5
5580 0 4
5581 0 5
5582 0 3
5583 0 3
5584 0 2
5585 0 3
5586 0 3
5587 0 2
5588 0 6
5589 0 2
5590 0 3
5591 0 3
5592 0 7
5593 0 2
5594 0 4
5595 0 6
5596 0 7
5597 0 2
5598 0 5
5599 0 6
5600 0 1
5601 0 2
5602 0 3
5603 0 5
5604 0 2
5605 0 2
5606 0 4
5607 0 5
5608 0 2
5609 0 4
5610 0 4
5611 0 2
5612 0 4
5613 0 6
5614 0 2
5615 0 3
5616 0 3
5617 0 5
5618 0 2
5619 0 4
5620 0 2
5621 0 4
5622 0 4
5623 0 5
5624 0 3
5625 0 2
5626 0 6
5627 0 3
5628 0 5
5629 0 5
5630 0 5
5631 0 2
5632 0 2
5633 0 3
5634 0 2
5635 0 3
5636 0 2
5637 0 3
5638 0 3
5639 0 6
5640 0 5
5641 0 3
5642 0 5
5643 0 4
5644 0 3
5645 0 6
5646 0 8
5647 0 2
5648 0 2
5649 0 2
5650 0 2
5651 0 1
5652 0 6
5653 0 2
5654 0 3
5655 0 7
5656 0 4
5657 0 2
5658 0 4
5659 0 7
5660 0 2
5661 0 2
5662 0 3
5663 0 4
5664 0 5
5665 0 7
5666 0 6
5667 0 4
5668 0 2
5669 0 2
5670 0 1
5671 0 5
5672 0 4
5673 0 6
5674 0 3
5675 0 6
5676 0 4
5677 0 2
5678 0 4
5679 0 2
5680 0 5
5681 0 6
5682 0 3
5683 0 2
5684 0 4
5685 0 4
5686 0 2
5687 0 6
5688 0 2
5689 0 3
5690 0 2
5691 0 4
5692 0 2
5693 0 3
5694 0 7
5695 0 6
5696 0 7
5697 0 2
5698 0 3
5699 0 4
5700 0 2
5701 0 3
5702 0 2
5703 0 4
5704 0 6
5705 0 3
5706 0 6
5707 0 5
5708 0 5
5709 0 3
5710 0 3
5711 0 5
5712 0 4
5713 0 2
5714 0 2
5715 0 2
5716 0 5
5717 0 3
5718 0 6
5719 0 2
5720 0 7
5721 0 2
5722 0 2
5723 0 4
5724 0 2
5725 0 4
5726 0 5
5727 0 2
5728 0 3
5729 0 6
5730 0 7
5731 0 13
5732 0 4
5733 0 2
5734 0 5
5735 0 2
5736 0 4
5737 0 8
5738 0 6
5739 0 3
5740 0 7
5741 0 2
5742 0 2
5743 0 6
5744 0 1
5745 0 3
5746 0 6
5747 0 5
5748 0 3
5749 0 2
5750 0 7
5751 0 2
5752 0 9
5753 0 5
5754 0 2
5755 0 13
5756 0 2
5757 0 5
5758 0 3
5759 0 9
5760 0 4
5761 0 6
5762 0 5
5763 0 3
5764 0 5
5765 0 6
5766 0 2
5767 0 7
5768 0 2
5769 0 3
5770 0 7
5771 0 1
5772 0 2
5773 0 4
5774 0 6
5775 0 2
5776 0 3
5777 0 6
5778 0 6
5779 0 4
5780 0 6
5781 0 2
5782 0 2
5783 0 2
5784 0 4
5785 0 6
5786 0 5
5787 0 3
5788 0 2
5789 0 3
5790 0 3
5791 0 5
5792 0 3
5793 0 6
5794 0 2
5795 0 3
5796 0 1
5797 0 5
5798 0 4
5799 0 2
5800 0 8
5801 0 2
5802 0 6
5803 0 3
5804 0 9
5805 0 2
5806 0 2
5807 0 2
5808 0 6
5809 0 6
5810 0 2
5811 0 2
5812 0 6
5813 0 5
5814 0 7
5815 0 8
5816 0 4
5817 0 2
5818 0 6
5819 0 6
5820 0 4
5821 0 2
5822 0 2
5823 0 3
5824 0 3
5825 0 5
5826 0 6
5827 0 2
5828 0 2
5829 0 3
5830 0 2
5831 0 3
5832 0 4
5833 0 4
5834 0 1
5835 0 13
5836 0 2
5837 0 5
5838 0 6
5839 0 3
5840 0 5
5841 0 5
5842 0 2
5843 0 3
5844 0 2
5845 0 2
5846 0 3
5847 0 1
5848 0 2
5849 0 9
5850 0 4
5851 0 3
5852 0 3
5853 0 2
5854 0 4
5855 0 2
5856 0 3
5857 0 2
5858 0 6
5859 0 2
5860 0 4
5861 0 6
5862 0 9
5863 0 5
5864 0 3
5865 0 2
5866 0 6
5867 0 7
5868 0 2
5869 0 1
5870 0 2
5871 0 4
5872 0 2
5873 0 4
5874 0 4
5875 0 5
5876 0 6
5877 0 4
5878 0 1
5879 0 8
5880 0 5
5881 0 2
5882 0 3
5883 0 1
5884 0 7
5885 0 2
5886 0 2
5887 0 2
5888 0 5
5889 0 1
5890 0 5
5891 0 6
5892 0 6
5893 0 13
5894 0 2
5895 0 3
5896 0 2
5897 0 7
5898 0 5
5899 0 5
5900 0 5
5901 0 2
5902 0 4
5903 0 2
5904 0 2
5905 0 2
5906 0 2
5907 0 6
5908 0 2
5909 0 6
5910 0 2
5911 0 3
5912 0 2
5913 0 5
5914 0 5
5915 0 6
5916 0 13
5917 0 3
5918 0 2
5919 0 4
5920 0 5
5921 0 7
5922 0 9
5923 0 2
5924 0 5
5925 0 1
5926 0 3
5927 0 1
5928 0 9
5929 0 3
5930 0 5
5931 0 3
5932 0 4
5933 0 2
5934 0 9
5935 0 2
5936 0 6
5937 0 2
5938 0 2
5939 0 3
5940 0 5
5941 0 3
5942 0 6
5943 0 5
5944 0 3
5945 0 2
5946 0 2
5947 0 7
5948 0 5
5949 0 9
5950 0 7
5951 0 2
5952 0 4
5953 0 6
5954 0 4
5955 0 9
5956 0 2
5957 0 4
5958 0 7
5959 0 7
5960 0 3
5961 0 3
5962 0 3
5963 0 2
5964 0 2
5965 0 9
5966 0 4
5967 0 2
5968 0 5
5969 0 5
5970 0 2
5971 0 2
5972 0 3
5973 0 9
5974 0 2
5975 0 1
5976 0 4
5977 0 3
5978 0 4
5979 0 3
5980 0 1
5981 0 2
5982 0 2
5983 0 3
5984 0 5
5985 0 3
5986 0 4
5987 0 13
5988 0 5
5989 0 3
5990 0 5
5991 0 2
5992 0 3
5993 0 5
5994 0 7
5995 0 3
5996 0 2
5997 0 2
5998 0 6
5999 0 2
6000 0 4
6001 0 5
6002 0 2
6003 0 4
6004 0 5
6005 0 3
6006 0 3
6007 0 4
6008 0 3
6009 0 8
6010 0 5
6011 0 5
6012 0 3
6013 0 3
6014 0 7
6015 0 3
6016 0 6
6017 0 3
6018 0 2
6019 0 6
6020 0 6
6021 0 2
6022 0 2
6023 0 5
6024 0 3
6025 0 6
6026 0 2
6027 0 2
6028 0 2
6029 0 2
6030 0 5
6031 0 3
6032 0 6
6033 0 4
6034 0 6
6035 0 3
6036 0 2
6037 0 3
6038 0 3
6039 0 2
6040 0 3
6041 0 6
6042 0 6
6043 0 2
6044 0 6
6045 0 7
6046 0 2
6047 0 2
6048 0 3
6049 0 3
6050 0 2
6051 0 7
6052 0 3
6053 0 9
6054 0 5
6055 0 3
6056 0 2
6057 0 5
6058 0 3
6059 0 4
6060 0 3
6061 0 1
6062 0 2
6063 0 2
6064 0 6
6065 0 2
6066 0 6
6067 0 4
6068 0 3
6069 0 3
6070 0 2
6071 0 3
6072 0 5
6073 0 3
6074 0 4
6075 0 2
6076 0 7
6077 0 3
6078 0 2
6079 0 5
6080 0 9
6081 0 7
6082 0 7
6083 0 3
6084 0 8
6085 0 2
6086 0 3
6087 0 3
6088 0 3
6089 0 2
6090 0 2
6091 0 5
6092 0 6
6093 0 2
6094 0 3
6095 0 2
6096 0 3
6097 0 3
6098 0 5
6099 0 3
6100 0 2
6101 0 9
6102 0 6
6103 0 4
6104 0 1
6105 0 8
6106 0 3
6107 0 5
6108 0 4
6109 0 7
6110 0 4
6111 0 6
6112 0 13
6113 0 7
6114 0 4
6115 0 5
6116 0 3
6117 0 5
6118 0 3
6119 0 2
6120 0 6
6121 0 9
6122 0 2
6123 0 5
6124 0 2
6125 0 2
6126 0 3
6127 0 5
6128 0 2
6129 0 5
6130 0 4
6131 0 5
6132 0 2
6133 0 4
6134 0 6
6135 0 6
6136 0 4
6137 0 3
6138 0 2
6139 0 2
6140 0 6
6141 0 3
6142 0 4
6143 0 6
6144 0 6
6145 0 6
6146 0 4
6147 0 4
6148 0 13
6149 0 3
6150 0 7
6151 0 1
6152 0 4
6153 0 3
6154 0 3
6155 0 3
6156 0 2
6157 0 6
6158 0 5
6159 0 4
6160 0 2
6161 0 2
6162 0 2
6163 0 4
6164 0 2
6165 0 2
6166 0 5
6167 0 9
6168 0 4
6169 0 5
6170 0 6
6171 0 2
6172 0 2
6173 0 13
6174 0 4
6175 0 2
6176 0 9
6177 0 6
6178 0 4
6179 0 3
6180 0 2
6181 0 4
6182 0 3
6183 0 2
6184 0 7
6185 0 2
6186 0 2
6187 0 2
6188 0 5
6189 0 6
6190 0 3
6191 0 9
6192 0 1
6193 0 8
6194 0 3
6195 0 2
6196 0 2
6197 0 2
6198 0 3
6199 0 6
6200 0 2
6201 0 2
6202 0 4
6203 0 4
6204 0 6
6205 0 3
6206 0 4
6207 0 5
6208 0 2
6209 0 4
6210 0 2
6211 0 2
6212 0 1
6213 0 6
6214 0 7
6215 0 3
6216 0 4
6217 0 8
6218 0 3
6219 0 3
6220 0 4
6221 0 2
6222 0 8
6223 0 4
6224 0 6
6225 0 4
6226 0 2
6227 0 6
6228 0 5
6229 0 4
6230 0 2
6231 0 4
6232 0 4
6233 0 1
6234 0 7
6235 0 3
6236 0 6
6237 0 4
6238 0 1
6239 0 2
6240 0 5
6241 0 2
6242 0 3
6243 0 13
6244 0 3
6245 0 2
6246 0 1
6247 0 2
6248 0 3
6249 0 3
6250 0 2
6251 0 4
6252 0 2
6253 0 9
6254 0 8
6255 0 3
6256 0 3
6257 0 3
6258 0 3
6259 0 4
6260 0 8
6261 0 5
6262 0 6
6263 0 3
6264 0 2
6265 0 4
6266 0 2
6267 0 5
6268 0 3
6269 0 5
6270 0 1
6271 0 4
6272 0 6
6273 0 1
6274 0 2
6275 0 2
6276 0 3
6277 0 7
6278 0 4
6279 0 3
6280 0 4
6281 0 4
6282 0 2
6283 0 8
6284 0 6
6285 0 6
6286 0 1
6287 0 2
6288 0 6
6289 0 3
6290 0 3
6291 0 5
6292 0 3
6293 0 2
6294 0 3
6295 0 13
6296 0 2
6297 0 5
6298 0 4
6299 0 2
6300 0 4
6301 0 2
6302 0 4
6303 0 3
6304 0 2
6305 0 6
6306 0 6
6307 0 6
6308 0 1
6309 0 3
6310 0 2
6311 0 5
6312 0 2
6313 0 2
6314 0 6
6315 0 2
6316 0 1
6317 0 5
6318 0 3
6319 0 4
6320 0 4
6321 0 1
6322 0 4
6323 0 2
6324 0 13
6325 0 3
6326 0 3
6327 0 4
6328 0 5
6329 0 5
6330 0 2
6331 0 6
6332 0 2
6333 0 2
6334 0 2
6335 0 2
6336 0 5
6337 0 2
6338 0 2
6339 0 3
6340 0 3
6341 0 5
6342 0 6
6343 0 2
6344 0 2
6345 0 5
6346 0 2
6347 0 3
6348 0 3
6349 0 4
6350 0 3
6351 0 2
6352 0 2
6353 0 6
6354 0 5
6355 0 2
6356 0 2
6357 0 5
6358 0 2
6359 0 2
6360 0 1
6361 0 2
6362 0 3
6363 0 1
6364 0 3
6365 0 2
6366 0 6
6367 0 1
6368 0 6
6369 0 4
6370 0 4
6371 0 2
6372 0 5
6373 0 13
6374 0 2
6375 0 2
6376 0 6
6377 0 3
6378 0 5
6379 0 7
6380 0 4
6381 0 3
6382 0 13
6383 0 4
6384 0 5
6385 0 2
6386 0 5
6387 0 1
6388 0 3
6389 0 1
6390 0 4
6391 0 2
6392 0 2
6393 0 2
6394 0 2
6395 0 4
6396 0 2
6397 0 5
6398 0 6
6399 0 5
6400 0 5
6401 0 2
6402 0 5
6403 0 4
6404 0 5
6405 0 2
6406 0 3
6407 0 2
6408 0 5
6409 0 3
6410 0 2
6411 0 2
6412 0 2
6413 0 13
6414 0 1
6415 0 5
6416 0 3
6417 0 6
6418 0 9
6419 0 5
6420 0 6
6421 0 8
6422 0 1
6423 0 5
6424 0 2
6425 0 2
6426 0 3
6427 0 2
6428 0 4
6429 0 5
6430 0 6
6431 0 2
6432 0 2
6433 0 2
6434 0 2
6435 0 5
6436 0 3
6437 0 3
6438 0 5
6439 0 3
6440 0 5
6441 0 7
6442 0 2
6443 0 13
6444 0 6
6445 0 3
6446 0 2
6447 0 7
6448 0 6
6449 0 6
6450 0 2
6451 0 2
6452 0 4
6453 0 4
6454 0 2
6455 0 13
6456 0 7
6457 0 3
6458 0 6
6459 0 4
6460 0 5
6461 0 6
6462 0 6
6463 0 2
6464 0 5
6465 0 4
6466 0 5
6467 0 3
6468 0 4
6469 0 3
6470 0 4
6471 0 3
6472 0 2
6473 0 5
6474 0 2
6475 0 2
6476 0 6
6477 0 6
6478 0 2
6479 0 4
6480 0 2
6481 0 6
6482 0 5
6483 0 6
6484 0 3
6485 0 3
6486 0 8
6487 0 2
6488 0 1
6489 0 4
6490 0 6
6491 0 3
6492 0 7
6493 0 2
6494 0 3
6495 0 2
6496 0 2
6497 0 2
6498 0 4
6499 0 2
6500 0 2
6501 0 3
6502 0 2
6503 0 2
6504 0 4
6505 0 6
6506 0 5
6507 0 2
6508 0 3
6509 0 6
6510 0 1
6511 0 4
6512 0 1
6513 0 6
6514 0 6
6515 0 3
6516 0 2
6517 0 4
6518 0 7
6519 0 2
6520 0 5
6521 0 2
6522 0 3
6523 0 5
6524 0 5
6525 0 2
6526 0 2
6527 0 3
6528 0 2
6529 0 7
6530 0 6
6531 0 4
6532 0 3
6533 0 6
6534 0 7
6535 0 3
6536 0 6
6537 0 3
6538 0 1
6539 0 2
6540 0 3
6541 0 2
6542 0 3
6543 0 2
6544 0 6
6545 0 7
6546 0 7
6547 0 1
6548 0 4
6549 0 4
6550 0 6
6551 0 5
6552 0 4
6553 0 5
6554 0 5
6555 0 5
6556 0 5
6557 0 6
6558 0 2
6559 0 3
6560 0 5
6561 0 3
6562 0 6
6563 0 3
6564 0 4
6565 0 7
6566 0 6
6567 0 6
6568 0 13
6569 0 2
6570 0 2
6571 0 2
6572 0 6
6573 0 5
6574 0 2
6575 0 5
6576 0 2
6577 0 4
6578 0 2
6579 0 2
6580 0 3
6581 0 4
6582 0 5
6583 0 4
6584 0 5
6585 0 6
6586 0 1
6587 0 2
6588 0 4
6589 0 6
6590 0 6
6591 0 9
6592 0 2
6593 0 4
6594 0 2
6595 0 2
6596 0 4
6597 0 3
6598 0 5
6599 0 2
6600 0 9
6601 0 9
6602 0 7
6603 0 5
6604 0 6
6605 0 4
6606 0 4
6607 0 3
6608 0 3
6609 0 3
6610 0 9
6611 0 3
6612 0 2
6613 0 2
6614 0 5
6615 0 7
6616 0 2
6617 0 6
6618 0 5
6619 0 3
6620 0 5
6621 0 2
6622 0 5
6623 0 6
6624 0 5
6625 0 2
6626 0 2
6627 0 2
6628 0 4
6629 0 5
6630 0 2
6631 0 7
6632 0 3
6633 0 7
6634 0 3
6635 0 2
6636 0 2
6637 0 13
6638 0 5
6639 0 2
6640 0 4
6641 0 7
6642 0 2
6643 0 3
6644 0 3
6645 0 5
6646 0 6
6647 0 2
6648 0 1
6649 0 2
6650 0 8
6651 0 6
6652 0 9
6653 0 7
6654 0 2
6655 0 2
6656 0 6
6657 0 2
6658 0 2
6659 0 1
6660 0 4
6661 0 3
6662 0 3
6663 0 4
6664 0 2
6665 0 5
6666 0 1
6667 0 1
6668 0 3
6669 0 7
6670 0 2
6671 0 5
6672 0 2
6673 0 2
6674 0 2
6675 0 3
6676 0 7
6677 0 4
6678 0 3
6679 0 2
6680 0 2
6681 0 2
6682 0 2
6683 0 2
6684 0 5
6685 0 2
6686 0 6
6687 0 7
6688 0 4
6689 0 4
6690 0 2
6691 0 3
6692 0 6
6693 0 1
6694 0 4
6695 0 6
6696 0 6
6697 0 4
6698 0 5
6699 0 8
6700 0 6
6701 0 3
6702 0 3
6703 0 6
6704 0 2
6705 0 5
6706 0 2
6707 0 2
6708 0 3
6709 0 2
6710 0 4
6711 0 3
6712 0 5
6713 0 5
6714 0 3
6715 0 6
6716 0 3
6717 0 5
6718 0 2
6719 0 4
6720 0 4
6721 0 4
6722 0 6
6723 0 9
6724 0 3
6725 0 2
6726 0 2
6727 0 5
6728 0 2
6729 0 2
6730 0 2
6731 0 4
6732 0 2
6733 0 5
6734 0 9
6735 0 13
6736 0 3
6737 0 6
6738 0 5
6739 0 5
6740 0 4
6741 0 2
6742 0 3
6743 0 5
6744 0 2
6745 0 2
6746 0 3
6747 0 7
6748 0 2
6749 0 4
6750 0 5
6751 0 2
6752 0 9
6753 0 2
6754 0 2
6755 0 5
6756 0 5
6757 0 6
6758 0 2
6759 0 4
6760 0 2
6761 0 3
6762 0 7
6763 0 1
6764 0 5
6765 0 2
6766 0 2
6767 0 3
6768 0 5
6769 0 3
6770 0 7
6771 0 4
6772 0 9
6773 0 5
6774 0 2
6775 0 4
6776 0 5
6777 0 4
6778 0 5
6779 0 1
6780 0 3
6781 0 3
6782 0 5
6783 0 1
6784 0 2
6785 0 6
6786 0 3
6787 0 2
6788 0 5
6789 0 2
6790 0 5
6791 0 6
6792 0 4
6793 0 8
6794 0 4
6795 0 3
6796 0 9
6797 0 6
6798 0 5
6799 0 6
6800 0 13
6801 0 6
6802 0 2
6803 0 3
6804 0 3
6805 0 2
6806 0 8
6807 0 2
6808 0 1
6809 0 8
6810 0 5
6811 0 6
6812 0 4
6813 0 3
6814 0 5
6815 0 3
6816 0 5
6817 0 2
6818 0 5
6819 0 4
6820 0 5
6821 0 7
6822 0 13
6823 0 2
6824 0 2
6825 0 4
6826 0 2
6827 0 2
6828 0 4
6829 0 6
6830 0 2
6831 0 2
6832 0 2
6833 0 5
6834 0 4
6835 0 2
6836 0 8
6837 0 13
6838 0 5
6839 0 9
6840 0 6
6841 0 2
6842 0 2
6843 0 3
6844 0 2
6845 0 3
6846 0 4
6847 0 3
6848 0 5
6849 0 1
6850 0 3
6851 0 7
6852 0 3
6853 0 8
6854 0 2
6855 0 1
6856 0 5
6857 0 9
6858 0 3
6859 0 2
6860 0 3
6861 0 2
6862 0 5
6863 0 4
6864 0 2
6865 0 5
6866 0 4
6867 0 3
6868 0 2
6869 0 3
6870 0 6
6871 0 6
6872 0 7
6873 0 2
6874 0 5
6875 0 6
6876 0 5
6877 0 2
6878 0 5
6879 0 5
6880 0 6
6881 0 6
6882 0 7
6883 0 3
6884 0 9
6885 0 13
6886 0 3
6887 0 6
6888 0 2
6889 0 2
6890 0 1
6891 0 6
6892 0 2
6893 0 6
6894 0 6
6895 0 4
6896 0 4
6897 0 2
6898 0 4
6899 0 5
6900 0 2
6901 0 2
6902 0 3
6903 0 4
6904 0 2
6905 0 3
6906 0 3
6907 0 2
6908 0 1
6909 0 5
6910 0 7
6911 0 6
6912 0 7
6913 0 6
6914 0 9
6915 0 6
6916 0 4
6917 0 5
6918 0 2
6919 0 6
6920 0 2
6921 0 3
6922 0 6
6923 0 3
6924 0 6
6925 0 4
6926 0 7
6927 0 2
6928 0 3
6929 0 2
6930 0 4
6931 0 4
6932 0 7
6933 0 2
6934 0 7
6935 0 2
6936 0 3
6937 0 3
6938 0 3
6939 0 4
6940 0 3
6941 0 13
6942 0 9
6943 0 2
6944 0 5
6945 0 9
6946 0 2
6947 0 3
6948 0 6
6949 0 3
6950 0 4
6951 0 4
6952 0 2
6953 0 5
6954 0 2
6955 0 5
6956 0 4
6957 0 2
6958 0 9
6959 0 2
6960 0 6
6961 0 2
6962 0 3
6963 0 3
6964 0 5
6965 0 6
6966 0 9
6967 0 2
6968 0 13
6969 0 3
6970 0 2
6971 0 3
6972 0 5
6973 0 4
6974 0 6
6975 0 3
6976 0 4
6977 0 2
6978 0 2
6979 0 6
6980 0 9
6981 0 5
6982 0 4
6983 0 6
6984 0 6
6985 0 2
6986 0 2
6987 0 1
6988 0 7
6989 0 6
6990 0 2
6991 0 13
6992 0 2
6993 0 4
6994 0 2
6995 0 6
6996 0 13
6997 0 4
6998 0 1
6999 0 9
7000 0 5
7001 0 3
7002 0 2
7003 0 3
7004 0 9
7005 0 5
7006 0 2
7007 0 4
7008 0 5
7009 0 3
7010 0 3
7011 0 2
7012 0 2
7013 0 2
7014 0 2
7015 0 4
7016 0 6
7017 0 6
7018 0 8
7019 0 8
7020 0 1
7021 0 4
7022 0 4
7023 0 4
7024 0 3
7025 0 6
7026 0 7
7027 0 3
7028 0 2
7029 0 1
7030 0 6
7031 0 4
7032 0 5
7033 0 6
7034 0 7
7035 0 3
7036 0 2
7037 0 2
7038 0 2
7039 0 1
7040 0 2
7041 0 5
7042 0 1
7043 0 5
7044 0 2
7045 0 2
7046 0 2
7047 0 5
7048 0 7
7049 0 2
7050 0 5
7051 0 2
7052 0 9
7053 0 6
7054 0 4
7055 0 2
7056 0 6
7057 0 9
7058 0 5
7059 0 7
7060 0 2
7061 0 5
7062 0 8
7063 0 1
7064 0 2
7065 0 4
7066 0 7
7067 0 2
7068 0 2
7069 0 2
7070 0 7
7071 0 6
7072 0 6
7073 0 2
7074 0 4
7075 0 5
7076 0 2
7077 0 5
7078 0 2
7079 0 2
7080 0 2
7081 0 6
7082 0 6
7083 0 2
7084 0 2
7085 0 7
7086 0 2
7087 0 2
7088 0 3
7089 0 2
7090 0 6
7091 0 2
7092 0 1
7093 0 3
7094 0 2
7095 0 5
7096 0 4
7097 0 4
7098 0 7
7099 0 3
7100 0 3
7101 0 5
7102 0 2
7103 0 6
7104 0 2
7105 0 6
7106 0 3
7107 0 5
7108 0 5
7109 0 7
7110 0 2
7111 0 7
7112 0 2
7113 0 6
7114 0 2
7115 0 6
7116 0 2
7117 0 2
7118 0 3
7119 0 4
7120 0 2
7121 0 6
7122 0 3
7123 0 2
7124 0 5
7125 0 4
7126 0 3
7127 0 7
7128 0 13
7129 0 2
7130 0 4
7131 0 6
7132 0 2
7133 0 3
7134 0 5
7135 0 2
7136 0 1
7137 0 2
7138 0 8
7139 0 2
7140 0 2
7141 0 3
7142 0 3
7143 0 2
7144 0 2
7145 0 2
7146 0 3
7147 0 5
7148 0 6
7149 0 5
7150 0 3
7151 0 9
7152 0 2
7153 0 2
7154 0 3
7155 0 8
7156 0 3
7157 0 5
7158 0 4
7159 0 4
7160 0 7
7161 0 6
7162 0 2
7163 0 4
7164 0 4
7165 0 3
7166 0 9
7167 0 2
7168 0 3
7169 0 6
7170 0 2
7171 0 4
7172 0 2
7173 0 3
7174 0 6
7175 0 2
7176 0 2
7177 0 4
7178 0 3
7179 0 7
7180 0 5
7181 0 7
7182 0 3
7183 0 3
7184 0 2
7185 0 3
7186 0 6
7187 0 6
7188 0 2
7189 0 2
7190 0 4
7191 0 6
7192 0 2
7193 0 3
7194 0 2
7195 0 2
7196 0 2
7197 0 8
7198 0 4
7199 0 6
7200 0 5
7201 0 4
7202 0 5
7203 0 2
7204 0 2
7205 0 3
7206 0 2
7207 0 7
7208 0 5
7209 0 2
7210 0 7
7211 0 3
7212 0 5
7213 0 3
7214 0 2
7215 0 2
7216 0 5
7217 0 2
7218 0 5
7219 0 2
7220 0 2
7221 0 6
7222 0 1
7223 0 3
7224 0 4
7225 0 4
7226 0 6
7227 0 4
7228 0 5
7229 0 6
7230 0 3
7231 0 6
7232 0 2
7233 0 2
7234 0 2
7235 0 5
7236 0 3
7237 0 2
7238 0 3
7239 0 4
7240 0 3
7241 0 6
7242 0 1
7243 0 3
7244 0 5
7245 0 1
7246 0 3
7247 0 6
7248 0 6
7249 0 2
7250 0 5
7251 0 6
7252 0 6
7253 0 9
7254 0 4
7255 0 3
7256 0 3
7257 0 5
7258 0 7
7259 0 4
7260 0 2
7261 0 2
7262 0 4
7263 0 6
7264 0 4
7265 0 3
7266 0 9
7267 0 2
7268 0 2
7269 0 9
7270 0 2
7271 0 5
7272 0 3
7273 0 4
7274 0 4
7275 0 3
7276 0 5
7277 0 8
7278 0 4
7279 0 6
7280 0 13
7281 0 3
7282 0 4
7283 0 4
7284 0 3
7285 0 2
7286 0 4
7287 0 2
7288 0 5
7289 0 3
7290 0 6
7291 0 5
7292 0 6
7293 0 4
7294 0 5
7295 0 2
7296 0 6
7297 0 2
7298 0 2
7299 0 3
7300 0 6
7301 0 5
7302 0 2
7303 0 2
7304 0 2
7305 0 4
7306 0 5
7307 0 1
7308 0 5
7309 0 1
7310 0 3
7311 0 2
7312 0 2
7313 0 2
7314 0 2
7315 0 5
7316 0 1
7317 0 6
7318 0 6
7319 0 6
7320 0 1
7321 0 5
7322 0 3
7323 0 4
7324 0 6
7325 0 3
7326 0 4
7327 0 5
7328 0 1
7329 0 2
7330 0 8
7331 0 3
7332 0 6
7333 0 3
7334 0 3
7335 0 5
7336 0 6
7337 0 9
7338 0 7
7339 0 6
7340 0 5
7341 0 1
7342 0 2
7343 0 3
7344 0 6
7345 0 2
7346 0 2
7347 0 2
7348 0 6
7349 0 2
7350 0 4
7351 0 4
7352 0 5
7353 0 5
7354 0 3
7355 0 3
7356 0 1
7357 0 1
7358 0 6
7359 0 2
7360 0 2
7361 0 2
7362 0 2
7363 0 6
7364 0 5
7365 0 9
7366 0 6
7367 0 3
7368 0 2
7369 0 2
7370 0 2
7371 0 6
7372 0 5
7373 0 3
7374 0 4
7375 0 2
7376 0 7
7377 0 4
7378 0 2
7379 0 2
7380 0 3
7381 0 13
7382 0 1
7383 0 2
7384 0 4
7385 0 5
7386 0 2
7387 0 3
7388 0 2
7389 0 7
7390 0 4
7391 0 6
7392 0 3
7393 0 1
7394 0 5
7395 0 4
7396 0 2
7397 0 6
7398 0 5
7399 0 6
7400 0 3
7401 0 5
7402 0 3
7403 0 1
7404 0 4
7405 0 5
7406 0 4
7407 0 2
7408 0 4
7409 0 6
7410 0 2
7411 0 4
7412 0 6
7413 0 2
7414 0 2
7415 0 5
7416 0 2
7417 0 3
7418 0 3
7419 0 13
7420 0 2
7421 0 9
7422 0 2
7423 0 3
7424 0 6
7425 0 4
7426 0 2
7427 0 6
7428 0 2
7429 0 3
7430 0 2
7431 0 7
7432 0 6
7433 0 2
7434 0 8
7435 0 2
7436 0 2
7437 0 5
7438 0 3
7439 0 2
7440 0 3
7441 0 6
7442 0 3
7443 0 9
7444 0 2
7445 0 3
7446 0 2
7447 0 3
7448 0 3
7449 0 2
7450 0 5
7451 0 5
7452 0 1
7453 0 5
7454 0 6
7455 0 2
7456 0 6
7457 0 2
7458 0 6
7459 0 5
7460 0 4
7461 0 3
7462 0 6
7463 0 2
7464 0 2
7465 0 3
7466 0 2
7467 0 2
7468 0 2
7469 0 6
7470 0 3
7471 0 5
7472 0 3
7473 0 2
7474 0 8
7475 0 5
7476 0 2
7477 0 2
7478 0 5
7479 0 7
7480 0 6
7481 0 5
7482 0 2
7483 0 5
7484 0 1
7485 0 4
7486 0 6
7487 0 6
7488 0 4
7489 0 3
7490 0 1
7491 0 5
7492 0 2
7493 0 4
7494 0 3
7495 0 6
7496 0 2
7497 0 5
7498 0 5
7499 0 2
7500 0 3
7501 0 9
7502 0 2
7503 0 9
7504 0 6
7505 0 9
7506 0 2
7507 0 2
7508 0 5
7509 0 3
7510 0 2
7511 0 3
7512 0 2
7513 0 5
7514 0 4
7515 0 3
7516 0 2
7517 0 4
7518 0 7
7519 0 6
7520 0 3
7521 0 2
7522 0 2
7523 0 2
7524 0 2
7525 0 5
7526 0 3
7527 0 2
7528 0 3
7529 0 3
7530 0 9
7531 0 5
7532 0 2
7533 0 9
7534 0 3
7535 0 3
7536 0 5
7537 0 6
7538 0 5
7539 0 2
7540 0 2
7541 0 2
7542 0 3
7543 0 3
7544 0 3
7545 0 2
7546 0 9
7547 0 5
7548 0 6
7549 0 9
7550 0 5
7551 0 2
7552 0 8
7553 0 2
7554 0 2
7555 0 2
7556 0 1
7557 0 2
7558 0 4
7559 0 6
7560 0 4
7561 0 3
7562 0 3
7563 0 2
7564 0 5
7565 0 2
7566 0 4
7567 0 6
7568 0 5
7569 0 6
7570 0 6
7571 0 6
7572 0 2
7573 0 5
7574 0 3
7575 0 6
7576 0 13
7577 0 2
7578 0 2
7579 0 2
7580 0 3
7581 0 7
7582 0 6
7583 0 6
7584 0 6
7585 0 4
7586 0 13
7587 0 3
7588 0 2
7589 0 5
7590 0 2
7591 0 2
7592 0 6
7593 0 2
7594 0 6
7595 0 5
7596 0 1
7597 0 7
7598 0 5
7599 0 2
7600 0 9
7601 0 2
7602 0 6
7603 0 2
7604 0 2
7605 0 5
7606 0 2
7607 0 3
7608 0 2
7609 0 6
7610 0 3
7611 0 2
7612 0 7
7613 0 3
7614 0 13
7615 0 5
7616 0 2
7617 0 6
7618 0 2
7619 0 6
7620 0 2
7621 0 4
7622 0 7
7623 0 3
7624 0 8
7625 0 6
7626 0 2
7627 0 2
7628 0 2
7629 0 5
7630 0 6
7631 0 6
7632 0 5
7633 0 2
7634 0 2
7635 0 2
7636 0 6
7637 0 3
7638 0 4
7639 0 2
7640 0 2
7641 0 2
7642 0 6
7643 0 3
7644 0 5
7645 0 6
7646 0 5
7647 0 13
7648 0 2
7649 0 2
7650 0 6
7651 0 5
7652 0 3
7653 0 6
7654 0 3
7655 0 5
7656 0 3
7657 0 3
7658 0 2
7659 0 7
7660 0 4
7661 0 2
7662 0 2
7663 0 7
7664 0 2
7665 0 1
7666 0 5
7667 0 3
7668 0 1
7669 0 2
7670 0 2
7671 0 13
7672 0 1
7673 0 5
7674 0 5
7675 0 3
7676 0 4
7677 0 4
7678 0 5
7679 0 2
7680 0 2
7681 0 2
7682 0 5
7683 0 2
7684 0 5
7685 0 3
7686 0 3
7687 0 4
7688 0 3
7689 0 6
7690 0 2
7691 0 6
7692 0 3
7693 0 2
7694 0 2
7695 0 6
7696 0 2
7697 0 1
7698 0 5
7699 0 5
7700 0 2
7701 0 6
7702 0 2
7703 0 5
7704 0 4
7705 0 2
7706 0 6
7707 0 4
7708 0 3
7709 0 9
7710 0 3
7711 0 6
7712 0 9
7713 0 5
7714 0 2
7715 0 2
7716 0 2
7717 0 3
7718 0 7
7719 0 2
7720 0 4
7721 0 5
7722 0 2
7723 0 5
7724 0 5
7725 0 8
7726 0 2
7727 0 6
7728 0 5
7729 0 2
7730 0 6
7731 0 2
7732 0 6
7733 0 6
7734 0 2
7735 0 3
7736 0 8
7737 0 13
7738 0 3
7739 0 4
7740 0 2
7741 0 2
7742 0 2
7743 0 7
7744 0 4
7745 0 2
7746 0 3
7747 0 6
7748 0 2
7749 0 6
7750 0 3
7751 0 2
7752 0 3
7753 0 2
7754 0 2
7755 0 2
7756 0 4
7757 0 3
7758 0 2
7759 0 2
7760 0 2
7761 0 5
7762 0 3
7763 0 6
7764 0 6
7765 0 2
7766 0 2
7767 0 5
7768 0 7
7769 0 2
7770 0 4
7771 0 5
7772 0 2
7773 0 2
7774 0 2
7775 0 4
7776 0 9
7777 0 9
7778 0 7
7779 0 3
7780 0 1
7781 0 2
7782 0 5
7783 0 2
7784 0 13
7785 0 4
7786 0 2
7787 0 3
7788 0 2
7789 0 2
7790 0 2
7791 0 6
7792 0 3
7793 0 4
7794 0 2
7795 0 5
7796 0 5
7797 0 4
7798 0 3
7799 0 9
7800 0 5
7801 0 1
7802 0 3
7803 0 6
7804 0 2
7805 0 6
7806 0 6
7807 0 3
7808 0 6
7809 0 5
7810 0 2
7811 0 2
7812 0 3
7813 0 6
7814 0 4
7815 0 6
7816 0 2
7817 0 6
7818 0 6
7819 0 6
7820 0 4
7821 0 6
7822 0 4
7823 0 13
7824 0 2
7825 0 7
7826 0 2
7827 0 6
7828 0 5
7829 0 5
7830 0 2
7831 0 5
7832 0 3
7833 0 2
7834 0 4
7835 0 5
7836 0 2
7837 0 2
7838 0 3
7839 0 7
7840 0 4
7841 0 2
7842 0 3
7843 0 2
7844 0 8
7845 0 8
7846 0 6
7847 0 2
7848 0 2
7849 0 4
7850 0 2
7851 0 3
7852 0 6
7853 0 3
7854 0 2
7855 0 2
7856 0 2
7857 0 4
7858 0 2
7859 0 1
7860 0 1
7861 0 5
7862 0 2
7863 0 2
7864 0 2
7865 0 4
7866 0 7
7867 0 9
7868 0 4
7869 0 2
7870 0 2
7871 0 5
7872 0 4
7873 0 13
7874 0 5
7875 0 4
7876 0 4
7877 0 6
7878 0 2
7879 0 6
7880 0 2
7881 0 2
7882 0 3
7883 0 2
7884 0 2
7885 0 2
7886 0 2
7887 0 2
7888 0 2
7889 0 2
7890 0 2
7891 0 13
7892 0 4
7893 0 1
7894 0 2
7895 0 2
7896 0 3
7897 0 2
7898 0 2
7899 0 5
7900 0 2
7901 0 7
7902 0 6
7903 0 2
7904 0 7
7905 0 5
7906 0 7
7907 0 4
7908 0 4
7909 0 4
7910 0 6
7911 0 2
7912 0 4
7913 0 2
7914 0 6
7915 0 2
7916 0 3
7917 0 2
7918 0 5
7919 0 5
7920 0 5
7921 0 3
7922 0 4
7923 0 4
7924 0 6
7925 0 6
7926 0 2
7927 0 2
7928 0 2
7929 0 5
7930 0 3
7931 0 3
7932 0 5
7933 0 6
7934 0 3
7935 0 5
7936 0 2
7937 0 3
7938 0 4
7939 0 2
7940 0 5
7941 0 2
7942 0 2
7943 0 5
7944 0 6
7945 0 9
7946 0 2
7947 0 3
7948 0 2
7949 0 4
7950 0 6
7951 0 6
7952 0 1
7953 0 2
7954 0 4
7955 0 2
7956 0 6
7957 0 5
7958 0 6
7959 0 6
7960 0 6
7961 0 2
7962 0 2
7963 0 9
7964 0 2
7965 0 13
7966 0 5
7967 0 3
7968 0 2
7969 0 7
7970 0 5
7971 0 2
7972 0 2
7973 0 5
7974 0 3
7975 0 6
7976 0 2
7977 0 2
7978 0 2
7979 0 6
7980 0 9
7981 0 2
7982 0 4
7983 0 2
7984 0 4
7985 0 1
7986 0 2
7987 0 6
7988 0 6
7989 0 3
7990 0 2
7991 0 3
7992 0 5
7993 0 2
7994 0 6
7995 0 13
7996 0 5
7997 0 8
7998 0 2
7999 0 6
8000 0 2
8001 0 2
8002 0 1
8003 0 1
8004 0 5
8005 0 8
8006 0 2
8007 0 2
8008 0 5
8009 0 4
8010 0 3
8011 0 1
8012 0 6
8013 0 2
8014 0 3
8015 0 4
8016 0 7
8017 0 2
8018 0 13
8019 0 9
8020 0 4
8021 0 5
8022 0 2
8023 0 6
8024 0 3
8025 0 4
8026 0 4
8027 0 6
8028 0 7
8029 0 7
8030 0 9
8031 0 5
8032 0 2
8033 0 2
8034 0 8
8035 0 3
8036 0 2
8037 0 6
8038 0 4
8039 0 6
8040 0 5
8041 0 2
8042 0 9
8043 0 6
8044 0 7
8045 0 2
8046 0 5
8047 0 2
8048 0 2
8049 0 1
8050 0 6
8051 0 3
8052 0 2
8053 0 6
8054 0 6
8055 0 3
8056 0 5
8057 0 2
8058 0 7
8059 0 4
8060 0 3
8061 0 5
8062 0 2
8063 0 2
8064 0 3
8065 0 2
8066 0 2
8067 0 3
8068 0 3
8069 0 9
8070 0 3
8071 0 4
8072 0 2
8073 0 5
8074 0 5
8075 0 2
8076 0 3
8077 0 2
8078 0 6
8079 0 5
8080 0 2
8081 0 2
8082 0 2
8083 0 4
8084 0 6
8085 0 2
8086 0 4
8087 0 3
8088 0 4
8089 0 2
8090 0 3
8091 0 5
8092 0 6
8093 0 7
8094 0 3
8095 0 6
8096 0 3
8097 0 6
8098 0 3
8099 0 2
8100 0 4
8101 0 6
8102 0 4
8103 0 2
8104 0 6
8105 0 2
8106 0 5
8107 0 5
8108 0 5
8109 0 1
8110 0 6
8111 0 2
8112 0 2
8113 0 2
8114 0 3
8115 0 2
8116 0 6
8117 0 13
8118 0 2
8119 0 2
8120 0 8
8121 0 5
8122 0 5
8123 0 2
8124 0 2
8125 0 4
8126 0 2
8127 0 6
8128 0 2
8129 0 3
8130 0 2
8131 0 9
8132 0 4
8133 0 1
8134 0 2
8135 0 2
8136 0 5
8137 0 2
8138 0 3
8139 0 6
8140 0 3
8141 0 5
8142 0 2
8143 0 5
8144 0 2
8145 0 6
8146 0 3
8147 0 2
8148 0 8
8149 0 2
8150 0 3
8151 0 5
8152 0 2
8153 0 7
8154 0 5
8155 0 2
8156 0 13
8157 0 2
8158 0 2
8159 0 4
8160 0 5
8161 0 2
8162 0 5
8163 0 9
8164 0 3
8165 0 6
8166 0 4
8167 0 9
8168 0 3
8169 0 1
8170 0 3
8171 0 6
8172 0 2
8173 0 5
8174 0 2
8175 0 3
8176 0 7
8177 0 3
8178 0 9
8179 0 6
8180 0 5
8181 0 13
8182 0 1
8183 0 3
8184 0 4
8185 0 2
8186 0 5
8187 0 5
8188 0 5
8189 0 6
8190 0 2
8191 0 3
8192 0 4
8193 0 2
8194 0 5
8195 0 7
8196 0 5
8197 0 3
8198 0 9
8199 0 3
8200 0 6
8201 0 2
8202 0 3
8203 0 5
8204 0 6
8205 0 7
8206 0 2
8207 0 2
8208 0 3
8209 0 2
8210 0 4
8211 0 3
8212 0 1
8213 0 2
8214 0 6
8215 0 8
8216 0 4
8217 0 4
8218 0 4
8219 0 3
8220 0 4
8221 0 1
8222 0 3
8223 0 2
8224 0 5
8225 0 5
8226 0 2
8227 0 3
8228 0 6
8229 0 13
8230 0 6
8231 0 6
8232 0 3
8233 0 5
8234 0 4
8235 0 2
8236 0 3
8237 0 4
8238 0 5
8239 0 2
8240 0 3
8241 0 5
8242 0 5
8243 0 2
8244 0 13
8245 0 2
8246 0 3
8247 0 6
8248 0 5
8249 0 2
8250 0 4
8251 0 4
8252 0 2
8253 0 2
8254 0 3
8255 0 3
8256 0 1
8257 0 5
8258 0 6
8259 0 8
8260 0 3
8261 0 5
8262 0 3
8263 0 2
8264 0 6
8265 0 9
8266 0 5
8267 0 4
8268 0 2
8269 0 2
8270 0 4
8271 0 2
8272 0 3
8273 0 7
8274 0 3
8275 0 2
8276 0 2
8277 0 5
8278 0 2
8279 0 3
8280 0 9
8281 0 4
8282 0 5
8283 0 8
8284 0 4
8285 0 2
8286 0 5
8287 0 9
8288 0 3
8289 0 5
8290 0 3
8291 0 2
8292 0 5
8293 0 5
8294 0 2
8295 0 6
8296 0 3
8297 0 2
8298 0 3
8299 0 2
8300 0 5
8301 0 5
8302 0 6
8303 0 1
8304 0 13
8305 0 1
8306 0 6
8307 0 6
8308 0 3
8309 0 2
8310 0 3
8311 0 6
8312 0 6
8313 0 4
8314 0 6
8315 0 6
8316 0 2
8317 0 2
8318 0 2
8319 0 6
8320 0 6
8321 0 6
8322 0 2
8323 0 2
8324 0 5
8325 0 2
8326 0 4
8327 0 3
8328 0 2
8329 0 4
8330 0 3
8331 0 5
8332 0 2
8333 0 2
8334 0 6
8335 0 2
8336 0 1
8337 0 3
8338 0 5
8339 0 4
8340 0 2
8341 0 7
8342 0 5
8343 0 4
8344 0 4
8345 0 3
8346 0 2
8347 0 2
8348 0 2
8349 0 4
8350 0 6
8351 0 1
8352 0 2
8353 0 2
8354 0 8
8355 0 2
8356 0 6
8357 0 2
8358 0 2
8359 0 3
8360 0 2
8361 0 7
8362 0 2
8363 0 2
8364 0 5
8365 0 4
8366 0 2
8367 0 3
8368 0 8
8369 0 3
8370 0 1
8371 0 5
8372 0 2
8373 0 3
8374 0 3
8375 0 4
8376 0 3
8377 0 6
8378 0 3
8379 0 2
8380 0 2
8381 0 2
8382 0 4
8383 0 1
8384 0 5
8385 0 2
8386 0 5
8387 0 2
8388 0 4
8389 0 1
8390 0 3
8391 0 3
8392 0 5
8393 0 8
8394 0 3
8395 0 4
8396 0 6
8397 0 6
8398 0 3
8399 0 3
8400 0 2
8401 0 2
8402 0 3
8403 0 3
8404 0 2
8405 0 4
8406 0 2
8407 0 6
8408 0 6
8409 0 6
8410 0 4
8411 0 2
8412 0 6
8413 0 3
8414 0 6
8415 0 3
8416 0 7
8417 0 6
8418 0 13
8419 0 2
8420 0 6
8421 0 5
8422 0 4
8423 0 5
8424 0 2
8425 0 5
8426 0 6
8427 0 4
8428 0 2
8429 0 6
8430 0 2
8431 0 9
8432 0 5
8433 0 3
8434 0 5
8435 0 3
8436 0 6
8437 0 2
8438 0 13
8439 0 6
8440 0 3
8441 0 5
8442 0 7
8443 0 5
8444 0 3
8445 0 6
8446 0 2
8447 0 2
8448 0 2
8449 0 4
8450 0 2
8451 0 5
8452 0 6
8453 0 2
8454 0 1
8455 0 2
8456 0 4
8457 0 6
8458 0 6
8459 0 5
8460 0 2
8461 0 2
8462 0 1
8463 0 3
8464 0 5
8465 0 2
8466 0 3
8467 0 5
8468 0 3
8469 0 5
8470 0 7
8471 0 2
8472 0 2
8473 0 2
8474 0 5
8475 0 9
8476 0 5
8477 0 4
8478 0 4
8479 0 3
8480 0 4
8481 0 2
8482 0 1
8483 0 6
8484 0 5
8485 0 3
8486 0 3
8487 0 3
8488 0 5
8489 0 2
8490 0 2
8491 0 9
8492 0 3
8493 0 3
8494 0 5
8495 0 2
8496 0 6
8497 0 4
8498 0 3
8499 0 3
8500 0 9
8501 0 2
8502 0 7
8503 0 4
8504 0 2
8505 0 4
8506 0 9
8507 0 1
8508 0 5
8509 0 5
8510 0 2
8511 0 6
8512 0 3
8513 0 5
8514 0 13
8515 0 9
8516 0 7
8517 0 2
8518 0 5
8519 0 7
8520 0 1
8521 0 5
8522 0 2
8523 0 3
8524 0 5
8525 0 3
8526 0 3
8527 0 6
8528 0 6
8529 0 2
8530 0 2
8531 0 2
8532 0 3
8533 0 2
8534 0 1
8535 0 4
8536 0 9
8537 0 2
8538 0 2
8539 0 6
8540 0 2
8541 0 2
8542 0 3
8543 0 2
8544 0 2
8545 0 6
8546 0 5
8547 0 7
8548 0 5
8549 0 2
8550 0 5
8551 0 6
8552 0 5
8553 0 4
8554 0 2
8555 0 2
8556 0 13
8557 0 3
8558 0 6
8559 0 3
8560 0 2
8561 0 5
8562 0 6
8563 0 9
8564 0 2
8565 0 6
8566 0 7
8567 0 4
8568 0 3
8569 0 9
8570 0 5
8571 0 7
8572 0 7
8573 0 5
8574 0 1
8575 0 2
8576 0 2
8577 0 3
8578 0 2
8579 0 3
8580 0 2
8581 0 2
8582 0 7
8583 0 6
8584 0 2
8585 0 2
8586 0 2
8587 0 6
8588 0 6
8589 0 4
8590 0 4
8591 0 1
8592 0 6
8593 0 7
8594 0 3
8595 0 8
8596 0 5
8597 0 1
8598 0 2
8599 0 9
8600 0 13
8601 0 7
8602 0 6
8603 0 5
8604 0 6
8605 0 3
8606 0 2
8607 0 1
8608 0 2
8609 0 2
8610 0 3
8611 0 3
8612 0 2
8613 0 6
8614 0 6
8615 0 4
8616 0 2
8617 0 6
8618 0 13
8619 0 2
8620 0 1
8621 0 2
8622 0 3
8623 0 3
8624 0 2
8625 0 2
8626 0 3
8627 0 5
8628 0 1
8629 0 1
8630 0 5
8631 0 3
8632 0 3
8633 0 5
8634 0 6
8635 0 5
8636 0 2
8637 0 9
8638 0 4
8639 0 6
8640 0 2
8641 0 5
8642 0 5
8643 0 5
8644 0 4
8645 0 6
8646 0 9
8647 0 3
8648 0 2
8649 0 2
8650 0 6
8651 0 2
8652 0 5
8653 0 3
8654 0 2
8655 0 3
8656 0 2
8657 0 5
8658 0 6
8659 0 2
8660 0 5
8661 0 2
8662 0 5
8663 0 5
8664 0 3
8665 0 2
8666 0 5
8667 0 4
8668 0 1
8669 0 5
8670 0 5
8671 0 6
8672 0 4
8673 0 2
8674 0 2
8675 0 3
8676 0 2
8677 0 2
8678 0 3
8679 0 1
8680 0 3
8681 0 2
8682 0 6
8683 0 4
8684 0 3
8685 0 4
8686 0 2
8687 0 6
8688 0 3
8689 0 3
8690 0 2
8691 0 2
8692 0 4
8693 0 5
8694 0 6
8695 0 5
8696 0 3
8697 0 4
8698 0 1
8699 0 3
8700 0 6
8701 0 6
8702 0 2
8703 0 9
8704 0 7
8705 0 2
8706 0 6
8707 0 3
8708 0 2
8709 0 2
8710 0 6
8711 0 6
8712 0 6
8713 0 5
8714 0 4
8715 0 2
8716 0 2
8717 0 2
8718 0 2
8719 0 5
8720 0 2
8721 0 3
8722 0 2
8723 0 5
8724 0 1
8725 0 2
8726 0 5
8727 0 5
8728 0 6
8729 0 6
8730 0 1
8731 0 2
8732 0 7
8733 0 2
8734 0 9
8735 0 6
8736 0 1
8737 0 1
8738 0 3
8739 0 6
8740 0 6
8741 0 5
8742 0 5
8743 0 5
8744 0 3
8745 0 4
8746 0 2
8747 0 2
8748 0 7
8749 0 2
8750 0 5
8751 0 3
8752 0 7
8753 0 2
8754 0 5
8755 0 2
8756 0 8
8757 0 6
8758 0 2
8759 0 6
8760 0 6
8761 0 2
8762 0 2
8763 0 6
8764 0 3
8765 0 2
8766 0 5
8767 0 2
8768 0 2
8769 0 3
8770 0 6
8771 0 3
8772 0 6
8773 0 4
8774 0 13
8775 0 6
8776 0 2
8777 0 6
8778 0 1
8779 0 3
8780 0 2
8781 0 2
8782 0 5
8783 0 2
8784 0 6
8785 0 6
8786 0 2
8787 0 4
8788 0 4
8789 0 2
8790 0 2
8791 0 4
8792 0 3
8793 0 9
8794 0 2
8795 0 2
8796 0 3
8797 0 6
8798 0 6
8799 0 3
8800 0 2
8801 0 5
8802 0 9
8803 0 2
8804 0 5
8805 0 4
8806 0 5
8807 0 5
8808 0 3
8809 0 2
8810 0 3
8811 0 4
8812 0 2
8813 0 2
8814 0 6
8815 0 2
8816 0 6
8817 0 7
8818 0 2
8819 0 6
8820 0 3
8821 0 5
8822 0 2
8823 0 2
8824 0 1
8825 0 5
8826 0 4
8827 0 6
8828 0 6
8829 0 2
8830 0 6
8831 0 9
8832 0 2
8833 0 2
8834 0 2
8835 0 6
8836 0 6
8837 0 5
8838 0 2
8839 0 1
8840 0 7
8841 0 3
8842 0 7
8843 0 4
8844 0 4
8845 0 6
8846 0 2
8847 0 3
8848 0 2
8849 0 2
8850 0 2
8851 0 2
8852 0 6
8853 0 6
8854 0 5
8855 0 13
8856 0 3
8857 0 6
8858 0 8
8859 0 5
8860 0 7
8861 0 4
8862 0 1
8863 0 2
8864 0 6
8865 0 6
8866 0 3
8867 0 13
8868 0 2
8869 0 3
8870 0 9
8871 0 2
8872 0 2
8873 0 6
8874 0 4
8875 0 6
8876 0 6
8877 0 5
8878 0 4
8879 0 6
8880 0 2
8881 0 3
8882 0 8
8883 0 6
8884 0 3
8885 0 2
8886 0 3
8887 0 9
8888 0 2
8889 0 1
8890 0 6
8891 0 9
8892 0 2
8893 0 5
8894 0 6
8895 0 5
8896 0 7
8897 0 4
8898 0 6
8899 0 4
8900 0 3
8901 0 1
8902 0 3
8903 0 6
8904 0 2
8905 0 4
8906 0 5
8907 0 6
8908 0 6
8909 0 6
8910 0 3
8911 0 4
8912 0 5
8913 0 6
8914 0 2
8915 0 3
8916 0 3
8917 0 7
8918 0 4
8919 0 3
8920 0 2
8921 0 5
8922 0 6
8923 0 4
8924 0 2
8925 0 4
8926 0 5
8927 0 3
8928 0 4
8929 0 4
8930 0 2
8931 0 6
8932 0 1
8933 0 2
8934 0 6
8935 0 2
8936 0 3
8937 0 5
8938 0 5
8939 0 3
8940 0 5
8941 0 4
8942 0 2
8943 0 6
8944 0 2
8945 0 2
8946 0 2
8947 0 3
8948 0 5
8949 0 9
8950 0 6
8951 0 3
8952 0 3
8953 0 2
8954 0 7
8955 0 2
8956 0 6
8957 0 2
8958 0 7
8959 0 2
8960 0 4
8961 0 2
8962 0 7
8963 0 6
8964 0 3
8965 0 3
8966 0 2
8967 0 2
8968 0 5
8969 0 4
8970 0 3
8971 0 4
8972 0 6
8973 0 8
8974 0 5
8975 0 5
8976 0 1
8977 0 4
8978 0 2
8979 0 4
8980 0 2
8981 0 4
8982 0 6
8983 0 2
8984 0 2
8985 0 2
8986 0 5
8987 0 2
8988 0 8
8989 0 6
8990 0 5
8991 0 3
8992 0 2
8993 0 4
8994 0 5
8995 0 2
8996 0 4
8997 0 5
8998 0 4
8999 0 4
9000 0 3
9001 0 5
9002 0 3
9003 0 2
9004 0 5
9005 0 4
9006 0 5
9007 0 3
9008 0 4
9009 0 4
9010 0 3
9011 0 2
9012 0 2
9013 0 2
9014 0 2
9015 0 4
9016 0 2
9017 0 2
9018 0 1
9019 0 3
9020 0 9
9021 0 2
9022 0 4
9023 0 4
9024 0 2
9025 0 6
9026 0 2
9027 0 6
9028 0 9
9029 0 6
9030 0 5
9031 0 2
9032 0 13
9033 0 5
9034 0 4
9035 0 3
9036 0 2
9037 0 5
9038 0 2
9039 0 2
9040 0 5
9041 0 2
9042 0 5
9043 0 6
9044 0 6
9045 0 2
9046 0 2
9047 0 6
9048 0 7
9049 0 3
9050 0 6
9051 0 2
9052 0 3
9053 0 2
9054 0 3
9055 0 2
9056 0 8
9057 0 2
9058 0 2
9059 0 5
9060 0 4
9061 0 4
9062 0 9
9063 0 9
9064 0 3
9065 0 2
9066 0 5
9067 0 3
9068 0 8
9069 0 2
9070 0 5
9071 0 6
9072 0 4
9073 0 2
9074 0 5
9075 0 2
9076 0 4
9077 0 6
9078 0 6
9079 0 2
9080 0 2
9081 0 6
9082 0 5
9083 0 1
9084 0 6
9085 0 3
9086 0 6
9087 0 2
9088 0 7
9089 0 4
9090 0 2
9091 0 2
9092 0 2
9093 0 2
9094 0 2
9095 0 2
9096 0 3
9097 0 2
9098 0 2
9099 0 1
9100 0 3
9101 0 3
9102 0 2
9103 0 2
9104 0 2
9105 0 4
9106 0 2
9107 0 4
9108 0 5
9109 0 6
9110 0 2
9111 0 6
9112 0 5
9113 0 4
9114 0 5
9115 0 2
9116 0 5
9117 0 1
9118 0 3
9119 0 9
9120 0 2
9121 0 5
9122 0 2
9123 0 6
9124 0 6
9125 0 6
9126 0 6
9127 0 2
9128 0 6
9129 0 2
9130 0 5
9131 0 8
9132 0 2
9133 0 4
9134 0 9
9135 0 2
9136 0 6
9137 0 2
9138 0 3
9139 0 3
9140 0 6
9141 0 7
9142 0 2
9143 0 2
9144 0 3
9145 0 5
9146 0 3
9147 0 2
9148 0 2
9149 0 13
9150 0 3
9151 0 9
9152 0 2
9153 0 1
9154 0 2
9155 0 2
9156 0 6
9157 0 2
9158 0 6
9159 0 1
9160 0 2
9161 0 5
9162 0 6
9163 0 3
9164 0 2
9165 0 3
9166 0 4
9167 0 13
9168 0 5
9169 0 2
9170 0 7
9171 0 2
9172 0 2
9173 0 5
9174 0 13
9175 0 2
9176 0 6
9177 0 9
9178 0 3
9179 0 6
9180 0 3
9181 0 7
9182 0 4
9183 0 4
9184 0 5
9185 0 3
9186 0 6
9187 0 2
9188 0 6
9189 0 5
9190 0 2
9191 0 5
9192 0 4
9193 0 4
9194 0 2
9195 0 2
9196 0 6
9197 0 3
9198 0 6
9199 0 1
9200 0 6
9201 0 3
9202 0 2
9203 0 2
9204 0 2
9205 0 13
9206 0 2
9207 0 5
9208 0 2
9209 0 2
9210 0 8
9211 0 13
9212 0 1
9213 0 4
9214 0 2
9215 0 6
9216 0 2
9217 0 9
9218 0 3
9219 0 2
9220 0 4
9221 0 6
9222 0 3
9223 0 5
9224 0 2
9225 0 6
9226 0 6
9227 0 6
9228 0 3
9229 0 5
9230 0 1
9231 0 2
9232 0 2
9233 0 13
9234 0 6
9235 0 2
9236 0 6
9237 0 5
9238 0 2
9239 0 5
9240 0 5
9241 0 2
9242 0 4
9243 0 4
9244 0 5
9245 0 6
9246 0 5
9247 0 7
9248 0 3
9249 0 2
9250 0 3
9251 0 9
9252 0 6
9253 0 7
9254 0 6
9255 0 6
9256 0 4
9257 0 8
9258 0 7
9259 0 2
9260 0 3
9261 0 6
9262 0 4
9263 0 13
9264 0 5
9265 0 2
9266 0 6
9267 0 4
9268 0 2
9269 0 5
9270 0 6
9271 0 1
9272 0 1
9273 0 3
9274 0 2
9275 0 2
9276 0 4
9277 0 2
9278 0 2
9279 0 6
9280 0 2
9281 0 2
9282 0 4
9283 0 2
9284 0 6
9285 0 2
9286 0 3
9287 0 5
9288 0 7
9289 0 8
9290 0 2
9291 0 2
9292 0 6
9293 0 2
9294 0 2
9295 0 6
9296 0 4
9297 0 2
9298 0 5
9299 0 1
9300 0 4
9301 0 7
9302 0 4
9303 0 6
9304 0 2
9305 0 7
9306 0 2
9307 0 6
9308 0 2
9309 0 6
9310 0 3
9311 0 6
9312 0 1
9313 0 4
9314 0 3
9315 0 7
9316 0 5
9317 0 6
9318 0 2
9319 0 2
9320 0 5
9321 0 2
9322 0 2
9323 0 2
9324 0 6
9325 0 6
9326 0 2
9327 0 13
9328 0 5
9329 0 2
9330 0 2
9331 0 9
9332 0 6
9333 0 2
9334 0 2
9335 0 6
9336 0 6
9337 0 5
9338 0 3
9339 0 5
9340 0 8
9341 0 7
9342 0 2
9343 0 2
9344 0 6
9345 0 2
9346 0 2
9347 0 4
9348 0 4
9349 0 3
9350 0 5
9351 0 2
9352 0 6
9353 0 2
9354 0 4
9355 0 2
9356 0 2
9357 0 2
9358 0 2
9359 0 3
9360 0 4
9361 0 8
9362 0 4
9363 0 2
9364 0 2
9365 0 3
9366 0 4
9367 0 7
9368 0 13
9369 0 2
9370 0 6
9371 0 3
9372 0 2
9373 0 2
9374 0 1
9375 0 5
9376 0 2
9377 0 4
9378 0 1
9379 0 9
9380 0 4
9381 0 5
9382 0 2
9383 0 13
9384 0 1
9385 0 2
9386 0 5
9387 0 4
9388 0 2
9389 0 1
9390 0 6
9391 0 5
9392 0 2
9393 0 6
9394 0 7
9395 0 5
9396 0 2
9397 0 1
9398 0 5
9399 0 2
9400 0 2
9401 0 3
9402 0 6
9403 0 13
9404 0 7
9405 0 4
9406 0 3
9407 0 5
9408 0 2
9409 0 6
9410 0 5
9411 0 2
9412 0 2
9413 0 5
9414 0 2
9415 0 2
9416 0 3
9417 0 6
9418 0 2
9419 0 2
9420 0 2
9421 0 4
9422 0 3
9423 0 7
9424 0 3
9425 0 2
9426 0 4
9427 0 2
9428 0 4
9429 0 2
9430 0 3
9431 0 3
9432 0 6
9433 0 5
9434 0 2
9435 0 1
9436 0 2
9437 0 7
9438 0 3
9439 0 3
9440 0 3
9441 0 6
9442 0 2
9443 0 3
9444 0 2
9445 0 1
9446 0 2
9447 0 6
9448 0 4
9449 0 5
9450 0 4
9451 0 5
9452 0 6
9453 0 5
9454 0 7
9455 0 2
9456 0 2
9457 0 3
9458 0 4
9459 0 4
9460 0 7
9461 0 3
9462 0 5
9463 0 9
9464 0 2
9465 0 4
9466 0 2
9467 0 4
9468 0 1
9469 0 6
9470 0 3
9471 0 5
9472 0 2
9473 0 5
9474 0 7
9475 0 5
9476 0 2
9477 0 6
9478 0 2
9479 0 2
9480 0 5
9481 0 6
9482 0 5
9483 0 2
9484 0 2
9485 0 6
9486 0 3
9487 0 3
9488 0 7
9489 0 3
9490 0 5
9491 0 7
9492 0 6
9493 0 7
9494 0 5
9495 0 2
9496 0 2
9497 0 6
9498 0 5
9499 0 4
9500 0 7
9501 0 7
9502 0 2
9503 0 2
9504 0 6
9505 0 3
9506 0 9
9507 0 6
9508 0 3
9509 0 2
9510 0 4
9511 0 9
9512 0 1
9513 0 4
9514 0 2
9515 0 1
9516 0 5
9517 0 2
9518 0 2
9519 0 2
9520 0 6
9521 0 6
9522 0 3
9523 0 2
9524 0 2
9525 0 2
9526 0 5
9527 0 6
9528 0 2
9529 0 2
9530 0 6
9531 0 7
9532 0 6
9533 0 6
9534 0 6
9535 0 3
9536 0 2
9537 0 2
9538 0 6
9539 0 5
9540 0 2
9541 0 3
9542 0 2
9543 0 2
9544 0 1
9545 0 4
9546 0 2
9547 0 6
9548 0 3
9549 0 7
9550 0 1
9551 0 3
9552 0 7
9553 0 2
9554 0 2
9555 0 2
9556 0 2
9557 0 4
9558 0 3
9559 0 3
9560 0 2
9561 0 5
9562 0 2
9563 0 2
9564 0 4
9565 0 8
9566 0 6
9567 0 4
9568 0 2
9569 0 3
9570 0 1
9571 0 4
9572 0 3
9573 0 9
9574 0 3
9575 0 6
9576 0 4
9577 0 8
9578 0 13
9579 0 3
9580 0 3
9581 0 6
9582 0 3
9583 0 5
9584 0 2
9585 0 1
9586 0 3
9587 0 5
9588 0 3
9589 0 2
9590 0 6
9591 0 2
9592 0 6
9593 0 6
9594 0 9
9595 0 2
9596 0 6
9597 0 2
9598 0 4
9599 0 6
9600 0 5
9601 0 2
9602 0 3
9603 0 5
9604 0 5
9605 0 9
9606 0 6
9607 0 7
9608 0 3
9609 0 5
9610 0 1
9611 0 3
9612 0 3
9613 0 2
9614 0 2
9615 0 2
9616 0 7
9617 0 2
9618 0 2
9619 0 5
9620 0 2
9621 0 5
9622 0 2
9623 0 6
9624 0 2
9625 0 4
9626 0 2
9627 0 5
9628 0 2
9629 0 3
9630 0 1
9631 0 7
9632 0 3
9633 0 3
9634 0 5
9635 0 2
9636 0 3
9637 0 4
9638 0 2
9639 0 2
9640 0 5
9641 0 1
9642 0 2
9643 0 6
9644 0 7
9645 0 7
9646 0 3
9647 0 2
9648 0 2
9649 0 3
9650 0 3
9651 0 6
9652 0 3
9653 0 4
9654 0 2
9655 0 2
9656 0 2
9657 0 5
9658 0 3
9659 0 7
9660 0 2
9661 0 2
9662 0 9
9663 0 4
9664 0 5
9665 0 2
9666 0 3
9667 0 6
9668 0 13
9669 0 3
9670 0 3
9671 0 3
9672 0 2
9673 0 3
9674 0 5
9675 0 2
9676 0 3
9677 0 3
9678 0 2
9679 0 5
9680 0 2
9681 0 5
9682 0 1
9683 0 6
9684 0 4
9685 0 1
9686 0 13
9687 0 4
9688 0 3
9689 0 2
9690 0 3
9691 0 2
9692 0 1
9693 0 5
9694 0 4
9695 0 1
9696 0 2
9697 0 5
9698 0 2
9699 0 5
9700 0 4
9701 0 6
9702 0 6
9703 0 2
9704 0 3
9705 0 2
9706 0 6
9707 0 2
9708 0 4
9709 0 1
9710 0 2
9711 0 3
9712 0 6
9713 0 3
9714 0 1
9715 0 1
9716 0 4
9717 0 6
9718 0 2
9719 0 2
9720 0 2
9721 0 2
9722 0 5
9723 0 2
9724 0 1
9725 0 3
9726 0 3
9727 0 9
9728 0 6
9729 0 4
9730 0 6
9731 0 4
9732 0 3
9733 0 4
9734 0 3
9735 0 4
9736 0 13
9737 0 4
9738 0 2
9739 0 4
9740 0 3
9741 0 1
9742 0 6
9743 0 8
9744 0 3
9745 0 2
9746 0 3
9747 0 5
9748 0 5
9749 0 4
9750 0 6
9751 0 5
9752 0 2
9753 0 3
9754 0 2
9755 0 5
9756 0 5
9757 0 6
9758 0 6
9759 0 6
9760 0 1
9761 0 4
9762 0 2
9763 0 3
9764 0 8
9765 0 6
9766 0 5
9767 0 5
9768 0 3
9769 0 2
9770 0 9
9771 0 1
9772 0 4
9773 0 6
9774 0 2
9775 0 4
9776 0 2
9777 0 5
9778 0 7
9779 0 2
9780 0 3
9781 0 6
9782 0 3
9783 0 5
9784 0 13
9785 0 4
9786 0 4
9787 0 2
9788 0 2
9789 0 2
9790 0 6
9791 0 5
9792 0 2
9793 0 3
9794 0 4
9795 0 2
9796 0 5
9797 0 5
9798 0 5
9799 0 2
9800 0 4
9801 0 7
9802 0 3
9803 0 3
9804 0 3
9805 0 2
9806 0 2
9807 0 4
9808 0 3
9809 0 2
9810 0 1
9811 0 2
9812 0 5
9813 0 4
9814 0 6
9815 0 4
9816 0 6
9817 0 3
9818 0 2
9819 0 2
9820 0 5
9821 0 3
9822 0 4
9823 0 5
9824 0 3
9825 0 6
9826 0 3
9827 0 2
9828 0 4
9829 0 5
9830 0 3
9831 0 4
9832 0 5
9833 0 2
9834 0 8
9835 0 2
9836 0 2
9837 0 3
9838 0 13
9839 0 3
9840 0 3
9841 0 3
9842 0 3
9843 0 2
9844 0 2
9845 0 3
9846 0 2
9847 0 2
9848 0 5
9849 0 3
9850 0 6
9851 0 6
9852 0 8
9853 0 2
9854 0 13
9855 0 7
9856 0 5
9857 0 6
9858 0 6
9859 0 3
9860 0 4
9861 0 8
9862 0 2
9863 0 5
9864 0 6
9865 0 4
9866 0 2
9867 0 6
9868 0 2
9869 0 7
9870 0 2
9871 0 5
9872 0 3
9873 0 4
9874 0 2
9875 0 6
9876 0 3
9877 0 2
9878 0 7
9879 0 2
9880 0 2
9881 0 2
9882 0 4
9883 0 3
9884 0 5
9885 0 2
9886 0 3
9887 0 5
9888 0 6
9889 0 6
9890 0 1
9891 0 5
9892 0 5
9893 0 6
9894 0 2
9895 0 2
9896 0 2
9897 0 2
9898 0 4
9899 0 6
9900 0 2
9901 0 4
9902 0 2
9903 0 3
9904 0 6
9905 0 6
9906 0 5
9907 0 2
9908 0 1
9909 0 2
9910 0 2
9911 0 2
9912 0 4
9913 0 7
9914 0 4
9915 0 2
9916 0 4
9917 0 4
9918 0 6
9919 0 1
9920 0 5
9921 0 7
9922 0 5
9923 0 2
9924 0 3
9925 0 6
9926 0 4
9927 0 4
9928 0 2
9929 0 2
9930 0 2
9931 0 4
9932 0 3
9933 0 2
9934 0 6
9935 0 4
9936 0 1
9937 0 4
9938 0 7
9939 0 6
9940 0 6
9941 0 2
9942 0 3
9943 0 13
9944 0 2
9945 0 3
9946 0 2
9947 0 3
9948 0 6
9949 0 3
9950 0 5
9951 0 2
9952 0 5
9953 0 2
9954 0 1
9955 0 2
9956 0 5
9957 0 2
9958 0 7
9959 0 4
9960 0 3
9961 0 4
9962 0 4
9963 0 2
9964 0 4
9965 0 6
9966 0 5
9967 0 3
9968 0 3
9969 0 1
9970 0 5
9971 0 5
9972 0 13
9973 0 2
9974 0 6
9975 0 1
9976 0 6
9977 0 3
9978 0 2
9979 0 5
9980 0 6
9981 0 2
9982 0 2
9983 0 2
9984 0 6
9985 0 2
9986 0 5
9987 0 2
9988 0 6
9989 0 2
9990 0 2
9991 0 2
9992 0 4
9993 0 3
9994 0 4
9995 0 2
9996 0 6
9997 0 3
9998 0 3
9999 0 3
10000 0 2
10001 0 2
10002 0 2
10003 0 2
10004 0 2
10005 0 2
10006 0 6
10007 0 1
10008 0 3
10009 0 3
10010 0 2
10011 0 3
10012 0 13
10013 0 1
10014 0 2
10015 0 4
10016 0 13
10017 0 3
10018 0 5
10019 0 2
10020 0 6
10021 0 5
10022 0 1
10023 0 3
10024 0 4
10025 0 6
10026 0 3
10027 0 3
10028 0 13
10029 0 2
10030 0 2
10031 0 7
10032 0 2
10033 0 3
10034 0 5
10035 0 6
10036 0 5
10037 0 4
10038 0 2
10039 0 2
10040 0 6
10041 0 5
10042 0 3
10043 0 7
10044 0 9
10045 0 2
10046 0 6
10047 0 2
10048 0 8
10049 0 6
10050 0 2
10051 0 3
10052 0 2
10053 0 5
10054 0 4
10055 0 7
10056 0 6
10057 0 3
10058 0 2
10059 0 2
10060 0 4
10061 0 2
10062 0 5
10063 0 4
10064 0 3
10065 0 6
10066 0 2
10067 0 4
10068 0 6
10069 0 3
10070 0 4
10071 0 9
10072 0 5
10073 0 5
10074 0 7
10075 0 4
10076 0 1
10077 0 3
10078 0 6
10079 0 3
10080 0 5
10081 0 2
10082 0 5
10083 0 5
10084 0 6
10085 0 2
10086 0 6
10087 0 5
10088 0 5
10089 0 5
10090 0 1
10091 0 6
10092 0 5
10093 0 4
10094 0 9
10095 0 5
10096 0 9
10097 0 2
10098 0 2
10099 0 2
10100 0 2
10101 0 2
10102 0 4
10103 0 2
10104 0 7
10105 0 2
10106 0 2
10107 0 2
10108 0 3
10109 0 2
10110 0 2
10111 0 2
10112 0 2
10113 0 1
10114 0 6
10115 0 3
10116 0 3
10117 0 5
10118 0 3
10119 0 2
10120 0 3
10121 0 5
10122 0 3
10123 0 2
10124 0 2
10125 0 7
10126 0 2
10127 0 3
10128 0 6
10129 0 2
10130 0 5
10131 0 3
10132 0 2
10133 0 3
10134 0 2
10135 0 5
10136 0 5
10137 0 7
10138 0 4
10139 0 5
10140 0 2
10141 0 5
10142 0 5
10143 0 3
10144 0 2
10145 0 3
10146 0 1
10147 0 3
10148 0 1
10149 0 3
10150 0 6
10151 0 2
10152 0 4
10153 0 9
10154 0 3
10155 0 4
10156 0 5
10157 0 2
10158 0 6
10159 0 6
10160 0 2
10161 0 6
10162 0 3
10163 0 3
10164 0 2
10165 0 4
10166 0 3
10167 0 3
10168 0 2
10169 0 1
10170 0 6
10171 0 5
10172 0 6
10173 0 5
10174 0 2
10175 0 1
10176 0 5
10177 0 2
10178 0 7
10179 0 4
10180 0 3
10181 0 2
10182 0 2
10183 0 2
10184 0 2
10185 0 3
10186 0 2
10187 0 2
10188 0 7
10189 0 6
10190 0 6
10191 0 13
10192 0 3
10193 0 2
10194 0 2
10195 0 13
10196 0 8
10197 0 2
10198 0 4
10199 0 2
10200 0 2
10201 0 2
10202 0 6
10203 0 6
10204 0 3
10205 0 4
10206 0 2
10207 0 2
10208 0 13
10209 0 2
10210 0 2
10211 0 4
10212 0 3
10213 0 3
10214 0 2
10215 0 3
10216 0 4
10217 0 1
10218 0 1
10219 0 4
10220 0 6
10221 0 3
10222 0 2
10223 0 9
10224 0 6
10225 0 9
10226 0 8
10227 0 3
10228 0 6
10229 0 13
10230 0 6
10231 0 2
10232 0 3
10233 0 6
10234 0 1
10235 0 2
10236 0 1
10237 0 2
10238 0 2
10239 0 3
10240 0 1
10241 0 5
10242 0 6
10243 0 3
10244 0 6
10245 0 2
10246 0 2
10247 0 5
10248 0 5
10249 0 4
10250 0 2
10251 0 2
10252 0 4
10253 0 2
10254 0 3
10255 0 2
10256 0 6
10257 0 2
10258 0 4
10259 0 3
10260 0 2
10261 0 6
10262 0 9
10263 0 9
10264 0 8
10265 0 2
10266 0 3
10267 0 4
10268 0 5
10269 0 2
10270 0 1
10271 0 7
10272 0 1
10273 0 7
10274 0 2
10275 0 2
10276 0 6
10277 0 2
10278 0 3
10279 0 5
10280 0 3
10281 0 5
10282 0 6
10283 0 2
10284 0 2
10285 0 5
10286 0 2
10287 0 5
10288 0 3
10289 0 2
10290 0 6
10291 0 9
10292 0 2
10293 0 2
10294 0 2
10295 0 6
10296 0 2
10297 0 6
10298 0 3
10299 0 2
10300 0 2
10301 0 2
10302 0 5
10303 0 4
10304 0 4
10305 0 3
10306 0 6
10307 0 5
10308 0 5
10309 0 2
10310 0 9
10311 0 2
10312 0 7
10313 0 2
10314 0 7
10315 0 3
10316 0 5
10317 0 3
10318 0 5
10319 0 4
10320 0 6
10321 0 2
10322 0 3
10323 0 2
10324 0 5
10325 0 7
10326 0 3
10327 0 2
10328 0 3
10329 0 6
10330 0 1
10331 0 2
10332 0 6
10333 0 2
10334 0 6
10335 0 2
10336 0 6
10337 0 3
10338 0 2
10339 0 3
10340 0 5
10341 0 7
10342 0 2
10343 0 5
10344 0 2
10345 0 3
10346 0 2
10347 0 3
10348 0 5
10349 0 2
10350 0 2
10351 0 2
10352 0 6
10353 0 9
10354 0 1
10355 0 3
10356 0 6
10357 0 4
10358 0 2
10359 0 8
10360 0 8
10361 0 7
10362 0 2
10363 0 9
10364 0 2
10365 0 5
10366 0 13
10367 0 3
10368 0 4
10369 0 6
10370 0 2
10371 0 3
10372 0 3
10373 0 6
10374 0 2
10375 0 4
10376 0 6
10377 0 4
10378 0 4
10379 0 3
10380 0 2
10381 0 2
10382 0 7
10383 0 3
10384 0 3
10385 0 6
10386 0 9
10387 0 6
10388 0 2
10389 0 3
10390 0 3
10391 0 4
10392 0 2
10393 0 6
10394 0 6
10395 0 2
10396 0 9
10397 0 6
10398 0 4
10399 0 9
10400 0 4
10401 0 5
10402 0 6
10403 0 2
10404 0 5
10405 0 5
10406 0 5
10407 0 2
10408 0 6
10409 0 2
10410 0 4
10411 0 4
10412 0 4
10413 0 3
10414 0 2
10415 0 7
10416 0 6
10417 0 4
10418 0 6
10419 0 2
10420 0 4
10421 0 6
10422 0 3
10423 0 5
10424 0 3
10425 0 13
10426 0 3
10427 0 6
10428 0 4
10429 0 6
10430 0 4
10431 0 2
10432 0 3
10433 0 2
10434 0 2
10435 0 2
10436 0 3
10437 0 4
10438 0 5
10439 0 6
10440 0 6
10441 0 2
10442 0 1
10443 0 4
10444 0 3
10445 0 2
10446 0 3
10447 0 6
10448 0 3
10449 0 2
10450 0 6
10451 0 2
10452 0 2
10453 0 3
10454 0 2
10455 0 4
10456 0 2
10457 0 2
10458 0 4
10459 0 6
10460 0 2
10461 0 13
10462 0 3
10463 0 9
10464 0 2
10465 0 5
10466 0 3
10467 0 2
10468 0 6
10469 0 9
10470 0 2
10471 0 2
10472 0 9
10473 0 6
10474 0 3
10475 0 5
10476 0 5
10477 0 2
10478 0 7
10479 0 3
10480 0 5
10481 0 5
10482 0 5
10483 0 2
10484 0 2
10485 0 2
10486 0 3
10487 0 4
10488 0 2
10489 0 2
10490 0 3
10491 0 2
10492 0 5
10493 0 2
10494 0 6
10495 0 3
10496 0 2
10497 0 2
10498 0 6
10499 0 6
10500 0 3
10501 0 2
10502 0 3
10503 0 6
10504 0 4
10505 0 2
10506 0 6
10507 0 4
10508 0 2
10509 0 6
10510 0 6
10511 0 9
10512 0 2
10513 0 2
10514 0 3
10515 0 5
10516 0 5
10517 0 3
10518 0 5
10519 0 1
10520 0 2
10521 0 3
10522 0 3
10523 0 9
10524 0 6
10525 0 3
10526 0 7
10527 0 2
10528 0 5
10529 0 1
10530 0 3
10531 0 4
10532 0 5
10533 0 2
10534 0 5
10535 0 2
10536 0 2
10537 0 4
10538 0 2
10539 0 3
10540 0 2
10541 0 2
10542 0 2
10543 0 6
10544 0 9
10545 0 3
10546 0 2
10547 0 4
10548 0 3
10549 0 2
10550 0 2
10551 0 9
10552 0 3
10553 0 4
10554 0 2
10555 0 4
10556 0 9
10557 0 4
10558 0 2
10559 0 2
10560 0 1
10561 0 4
10562 0 4
10563 0 2
10564 0 3
10565 0 5
10566 0 2
10567 0 3
10568 0 7
10569 0 2
10570 0 1
10571 0 3
10572 0 2
10573 0 3
10574 0 2
10575 0 13
10576 0 2
10577 0 2
10578 0 1
10579 0 2
10580 0 3
10581 0 2
10582 0 2
10583 0 2
10584 0 4
10585 0 7
10586 0 6
10587 0 4
10588 0 2
10589 0 2
10590 0 6
10591 0 2
10592 0 2
10593 0 3
10594 0 6
10595 0 4
10596 0 5
10597 0 3
10598 0 2
10599 0 5
10600 0 2
10601 0 3
10602 0 2
10603 0 2
10604 0 3
10605 0 3
10606 0 2
10607 0 2
10608 0 3
10609 0 2
10610 0 4
10611 0 5
10612 0 6
10613 0 3
10614 0 7
10615 0 5
10616 0 2
10617 0 7
10618 0 3
10619 0 2
10620 0 2
10621 0 2
10622 0 13
10623 0 1
10624 0 2
10625 0 2
10626 0 1
10627 0 4
10628 0 6
10629 0 2
10630 0 6
10631 0 3
10632 0 2
10633 0 3
10634 0 5
10635 0 5
10636 0 2
10637 0 2
10638 0 3
10639 0 3
10640 0 5
10641 0 4
10642 0 2
10643 0 2
10644 0 3
10645 0 5
10646 0 3
10647 0 5
10648 0 2
10649 0 4
10650 0 5
10651 0 6
10652 0 7
10653 0 2
10654 0 2
10655 0 6
10656 0 3
10657 0 9
10658 0 6
10659 0 2
10660 0 3
10661 0 5
10662 0 4
10663 0 5
10664 0 6
10665 0 3
10666 0 4
10667 0 4
10668 0 5
10669 0 3
10670 0 2
10671 0 9
10672 0 2
10673 0 3
10674 0 3
10675 0 4
10676 0 4
10677 0 6
10678 0 2
10679 0 7
10680 0 6
10681 0 2
10682 0 2
10683 0 2
10684 0 1
10685 0 6
10686 0 2
10687 0 5
10688 0 3
10689 0 1
10690 0 5
10691 0 7
10692 0 2
10693 0 6
10694 0 7
10695 0 2
10696 0 3
10697 0 3
10698 0 2
10699 0 5
10700 0 4
10701 0 3
10702 0 4
10703 0 9
10704 0 1
10705 0 2
10706 0 3
10707 0 5
10708 0 6
10709 0 4
10710 0 3
10711 0 9
10712 0 2
10713 0 3
10714 0 9
10715 0 3
10716 0 2
10717 0 1
10718 0 2
10719 0 3
10720 0 6
10721 0 7
10722 0 4
10723 0 4
10724 0 5
10725 0 5
10726 0 5
10727 0 7
10728 0 5
10729 0 4
10730 0 6
10731 0 6
10732 0 5
10733 0 3
10734 0 5
10735 0 3
10736 0 5
10737 0 6
10738 0 1
10739 0 2
10740 0 6
10741 0 5
10742 0 1
10743 0 2
10744 0 3
10745 0 6
10746 0 6
10747 0 3
10748 0 5
10749 0 4
10750 0 2
10751 0 6
10752 0 9
10753 0 9
10754 0 5
10755 0 4
10756 0 9
10757 0 2
10758 0 6
10759 0 3
10760 0 2
10761 0 2
10762 0 4
10763 0 1
10764 0 2
10765 0 2
10766 0 2
10767 0 3
10768 0 6
10769 0 6
10770 0 2
10771 0 6
10772 0 3
10773 0 2
10774 0 3
10775 0 2
10776 0 8
10777 0 2
10778 0 6
10779 0 13
10780 0 2
10781 0 6
10782 0 4
10783 0 13
10784 0 7
10785 0 3
10786 0 6
10787 0 2
10788 0 8
10789 0 5
10790 0 2
10791 0 9
10792 0 2
10793 0 2
10794 0 6
10795 0 2
10796 0 6
10797 0 5
10798 0 2
10799 0 3
10800 0 3
10801 0 4
10802 0 4
10803 0 7
10804 0 3
10805 0 2
10806 0 5
10807 0 5
10808 0 6
10809 0 6
10810 0 3
10811 0 1
10812 0 3
10813 0 5
10814 0 5
10815 0 2
10816 0 7
10817 0 6
10818 0 2
10819 0 3
10820 0 6
10821 0 2
10822 0 6
10823 0 5
10824 0 9
10825 0 6
10826 0 2
10827 0 6
10828 0 5
10829 0 1
10830 0 2
10831 0 6
10832 0 3
10833 0 6
10834 0 2
10835 0 7
10836 0 2
10837 0 2
10838 0 7
10839 0 7
10840 0 6
10841 0 4
10842 0 4
10843 0 4
10844 0 5
10845 0 7
10846 0 6
10847 0 4
10848 0 2
10849 0 3
10850 0 5
10851 0 5
10852 0 3
10853 0 3
10854 0 2
10855 0 6
10856 0 2
10857 0 4
10858 0 6
10859 0 5
10860 0 4
10861 0 2
10862 0 4
10863 0 2
10864 0 6
10865 0 6
10866 0 8
10867 0 5
10868 0 2
10869 0 7
10870 0 6
10871 0 3
10872 0 13
10873 0 3
10874 0 3
10875 0 2
10876 0 2
10877 0 3
10878 0 4
10879 0 6
10880 0 5
10881 0 2
10882 0 7
10883 0 5
10884 0 2
10885 0 2
10886 0 5
10887 0 6
10888 0 6
10889 0 9
10890 0 1
10891 0 5
10892 0 2
10893 0 9
10894 0 2
10895 0 3
10896 0 3
10897 0 2
10898 0 5
10899 0 5
10900 0 6
10901 0 2
10902 0 7
10903 0 1
10904 0 8
10905 0 2
10906 0 3
10907 0 2
10908 0 2
10909 0 6
10910 0 7
10911 0 5
10912 0 2
10913 0 2
10914 0 3
10915 0 3
10916 0 9
10917 0 4
10918 0 1
10919 0 7
10920 0 3
10921 0 1
10922 0 5
10923 0 9
10924 0 4
10925 0 4
10926 0 7
10927 0 2
10928 0 6
10929 0 6
10930 0 4
10931 0 6
10932 0 6
10933 0 2
10934 0 9
10935 0 5
10936 0 2
10937 0 2
10938 0 2
10939 0 2
10940 0 2
10941 0 5
10942 0 2
10943 0 6
10944 0 6
10945 0 4
10946 0 8
10947 0 1
10948 0 4
10949 0 3
10950 0 7
10951 0 2
10952 0 2
10953 0 2
10954 0 3
10955 0 2
10956 0 3
10957 0 4
10958 0 1
10959 0 3
10960 0 4
10961 0 4
10962 0 4
10963 0 5
10964 0 2
10965 0 4
10966 0 6
10967 0 4
10968 0 2
10969 0 3
10970 0 3
10971 0 2
10972 0 13
10973 0 2
10974 0 13
10975 0 6
10976 0 5
10977 0 3
10978 0 4
10979 0 6
10980 0 3
10981 0 2
10982 0 6
10983 0 3
10984 0 3
10985 0 6
10986 0 2
10987 0 5
10988 0 2
10989 0 4
10990 0 2
10991 0 6
10992 0 2
10993 0 5
10994 0 6
10995 0 2
10996 0 5
10997 0 3
10998 0 1
10999 0 2
11000 0 2
11001 0 3
11002 0 5
11003 0 5
11004 0 8
11005 0 2
11006 0 6
11007 0 2
11008 0 4
11009 0 1
11010 0 1
11011 0 1
11012 0 4
11013 0 2
11014 0 4
11015 0 2
11016 0 5
11017 0 3
11018 0 6
11019 0 4
11020 0 6
11021 0 1
11022 0 2
11023 0 5
11024 0 2
11025 0 4
11026 0 6
11027 0 5
11028 0 2
11029 0 3
11030 0 6
11031 0 3
11032 0 1
11033 0 2
11034 0 2
11035 0 3
11036 0 6
11037 0 2
11038 0 3
11039 0 3
11040 0 6
11041 0 2
11042 0 2
11043 0 2
11044 0 6
11045 0 6
11046 0 9
11047 0 8
11048 0 2
11049 0 2
11050 0 5
11051 0 2
11052 0 6
11053 0 3
11054 0 6
11055 0 8
11056 0 2
11057 0 4
11058 0 3
11059 0 2
11060 0 4
11061 0 2
11062 0 2
11063 0 2
11064 0 6
11065 0 6
11066 0 8
11067 0 2
11068 0 6
11069 0 2
11070 0 2
11071 0 2
11072 0 9
11073 0 4
11074 0 2
11075 0 1
11076 0 7
11077 0 2
11078 0 5
11079 0 3
11080 0 2
11081 0 7
11082 0 2
11083 0 6
11084 0 4
11085 0 6
11086 0 6
11087 0 7
11088 0 2
11089 0 5
11090 0 2
11091 0 5
11092 0 4
11093 0 5
11094 0 13
11095 0 4
11096 0 3
11097 0 3
11098 0 4
11099 0 2
11100 0 6
11101 0 5
11102 0 2
11103 0 4
11104 0 2
11105 0 3
11106 0 3
11107 0 1
11108 0 1
11109 0 2
11110 0 2
11111 0 2
11112 0 6
11113 0 2
11114 0 4
11115 0 6
11116 0 5
11117 0 5
11118 0 9
11119 0 2
11120 0 5
11121 0 2
11122 0 2
11123 0 2
11124 0 4
11125 0 7
11126 0 6
11127 0 3
11128 0 2
11129 0 2
11130 0 6
11131 0 1
11132 0 2
11133 0 13
11134 0 1
11135 0 2
11136 0 7
11137 0 3
11138 0 3
11139 0 1
11140 0 7
11141 0 6
11142 0 2
11143 0 2
11144 0 3
11145 0 6
11146 0 2
11147 0 6
11148 0 2
11149 0 6
11150 0 6
11151 0 3
11152 0 9
11153 0 1
11154 0 3
11155 0 9
11156 0 3
11157 0 6
11158 0 3
11159 0 6
11160 0 3
11161 0 2
11162 0 5
11163 0 6
11164 0 3
11165 0 2
11166 0 4
11167 0 2
11168 0 8
11169 0 6
11170 0 2
11171 0 1
11172 0 2
11173 0 6
11174 0 6
11175 0 3
11176 0 5
11177 0 2
11178 0 4
11179 0 5
11180 0 4
11181 0 2
11182 0 2
11183 0 5
11184 0 2
11185 0 4
11186 0 2
11187 0 2
11188 0 6
11189 0 4
11190 0 6
11191 0 9
11192 0 6
11193 0 2
11194 0 13
11195 0 5
11196 0 7
11197 0 5
11198 0 1
11199 0 2
11200 0 2
11201 0 13
11202 0 1
11203 0 2
11204 0 6
11205 0 2
11206 0 1
11207 0 4
11208 0 9
11209 0 6
11210 0 3
11211 0 13
11212 0 2
11213 0 7
11214 0 2
11215 0 2
11216 0 3
11217 0 3
11218 0 4
11219 0 4
11220 0 6
11221 0 9
11222 0 7
11223 0 3
11224 0 6
11225 0 4
11226 0 7
11227 0 7
11228 0 3
11229 0 2
11230 0 1
11231 0 2
11232 0 5
11233 0 3
11234 0 2
11235 0 9
11236 0 5
11237 0 3
11238 0 6
11239 0 2
11240 0 2
11241 0 5
11242 0 2
11243 0 9
11244 0 7
11245 0 3
11246 0 2
11247 0 6
11248 0 1
11249 0 4
11250 0 8
11251 0 13
11252 0 7
11253 0 2
11254 0 6
11255 0 5
11256 0 2
11257 0 5
11258 0 2
11259 0 7
11260 0 3
11261 0 3
11262 0 4
11263 0 2
11264 0 6
11265 0 7
11266 0 4
11267 0 2
11268 0 4
11269 0 3
11270 0 2
11271 0 2
11272 0 4
11273 0 4
11274 0 5
11275 0 6
11276 0 2
11277 0 2
11278 0 3
11279 0 2
11280 0 2
11281 0 3
11282 0 3
11283 0 6
11284 0 4
11285 0 5
11286 0 13
11287 0 4
11288 0 5
11289 0 1
11290 0 5
11291 0 8
11292 0 2
11293 0 5
11294 0 5
11295 0 4
11296 0 2
11297 0 3
11298 0 2
11299 0 3
11300 0 2
11301 0 3
11302 0 7
11303 0 6
11304 0 1
11305 0 2
11306 0 2
11307 0 6
11308 0 2
11309 0 5
11310 0 6
11311 0 1
11312 0 6
11313 0 3
11314 0 7
11315 0 6
11316 0 2
11317 0 2
11318 0 2
11319 0 3
11320 0 5
11321 0 3
11322 0 5
11323 0 5
11324 0 6
11325 0 3
11326 0 3
11327 0 6
11328 0 13
11329 0 4
11330 0 5
11331 0 6
11332 0 2
11333 0 2
11334 0 6
11335 0 3
11336 0 3
11337 0 5
11338 0 6
11339 0 3
11340 0 3
11341 0 5
11342 0 2
11343 0 3
11344 0 2
11345 0 2
11346 0 3
11347 0 13
11348 0 2
11349 0 2
11350 0 4
11351 0 4
11352 0 13
11353 0 3
11354 0 5
11355 0 2
11356 0 7
11357 0 6
11358 0 2
11359 0 5
11360 0 2
11361 0 7
11362 0 7
11363 0 5
11364 0 1
11365 0 6
11366 0 6
11367 0 5
11368 0 7
11369 0 8
11370 0 2
11371 0 4
11372 0 5
11373 0 4
11374 0 2
11375 0 3
11376 0 3
11377 0 4
11378 0 5
11379 0 2
11380 0 2
11381 0 2
11382 0 6
11383 0 2
11384 0 6
11385 0 5
11386 0 6
11387 0 5
11388 0 6
11389 0 2
11390 0 2
11391 0 4
11392 0 7
11393 0 6
11394 0 6
11395 0 5
11396 0 4
11397 0 4
11398 0 6
11399 0 7
11400 0 1
11401 0 3
11402 0 5
11403 0 6
11404 0 5
11405 0 2
11406 0 2
11407 0 5
11408 0 3
11409 0 4
11410 0 9
11411 0 2
11412 0 2
11413 0 4
11414 0 3
11415 0 4
11416 0 2
11417 0 3
11418 0 2
11419 0 3
11420 0 3
11421 0 13
11422 0 4
11423 0 3
11424 0 5
11425 0 5
11426 0 6
11427 0 4
11428 0 2
11429 0 4
11430 0 2
11431 0 2
11432 0 4
11433 0 2
11434 0 6
11435 0 13
11436 0 3
11437 0 2
11438 0 1
11439 0 6
11440 0 2
11441 0 3
11442 0 8
11443 0 2
11444 0 4
11445 0 4
11446 0 6
11447 0 4
11448 0 2
11449 0 1
11450 0 3
11451 0 6
11452 0 6
11453 0 2
11454 0 2
11455 0 9
11456 0 3
11457 0 2
11458 0 2
11459 0 4
11460 0 4
11461 0 4
11462 0 2
11463 0 9
11464 0 4
11465 0 5
11466 0 5
11467 0 2
11468 0 13
11469 0 6
11470 0 1
11471 0 9
11472 0 6
11473 0 2
11474 0 2
11475 0 6
11476 0 2
11477 0 2
11478 0 3
11479 0 4
11480 0 7
11481 0 4
11482 0 6
11483 0 3
11484 0 6
11485 0 3
11486 0 6
11487 0 4
11488 0 1
11489 0 3
11490 0 2
11491 0 1
11492 0 4
11493 0 3
11494 0 5
11495 0 4
11496 0 2
11497 0 4
11498 0 6
11499 0 1
11500 0 2
11501 0 2
11502 0 2
11503 0 4
11504 0 3
11505 0 5
11506 0 1
11507 0 2
11508 0 2
11509 0 3
11510 0 2
11511 0 3
11512 0 3
11513 0 2
11514 0 7
11515 0 4
11516 0 9
11517 0 2
11518 0 3
11519 0 4
11520 0 5
11521 0 2
11522 0 2
11523 0 5
11524 0 5
11525 0 6
11526 0 6
11527 0 4
11528 0 4
11529 0 3
11530 0 13
11531 0 3
11532 0 6
11533 0 1
11534 0 3
11535 0 2
11536 0 8
11537 0 7
11538 0 3
11539 0 7
11540 0 2
11541 0 3
11542 0 2
11543 0 6
11544 0 4
11545 0 6
11546 0 3
11547 0 2
11548 0 2
11549 0 5
11550 0 5
11551 0 4
11552 0 6
11553 0 1
11554 0 2
11555 0 2
11556 0 2
11557 0 3
11558 0 6
11559 0 8
11560 0 2
11561 0 2
11562 0 6
11563 0 9
11564 0 2
11565 0 6
11566 0 2
11567 0 3
11568 0 2
11569 0 4
11570 0 1
11571 0 5
11572 0 7
11573 0 5
11574 0 2
11575 0 2
11576 0 9
11577 0 6
11578 0 4
11579 0 2
11580 0 6
11581 0 5
11582 0 2
11583 0 2
11584 0 2
11585 0 5
11586 0 2
11587 0 3
11588 0 1
11589 0 5
11590 0 7
11591 0 6
11592 0 9
11593 0 3
11594 0 6
11595 0 3
11596 0 2
11597 0 5
11598 0 2
11599 0 5
11600 0 6
11601 0 3
11602 0 5
11603 0 6
11604 0 3
11605 0 3
11606 0 6
11607 0 4
11608 0 6
11609 0 2
11610 0 5
11611 0 2
11612 0 6
11613 0 6
11614 0 2
11615 0 4
11616 0 6
11617 0 1
11618 0 2
11619 0 3
11620 0 5
11621 0 6
11622 0 8
11623 0 8
11624 0 6
11625 0 3
11626 0 2
11627 0 6
11628 0 2
11629 0 2
11630 0 5
11631 0 3
11632 0 6
11633 0 5
11634 0 4
11635 0 6
11636 0 6
11637 0 6
11638 0 2
11639 0 5
11640 0 2
11641 0 4
11642 0 4
11643 0 3
11644 0 2
11645 0 1
11646 0 2
11647 0 2
11648 0 1
11649 0 7
11650 0 6
11651 0 1
11652 0 3
11653 0 3
11654 0 13
11655 0 5
11656 0 4
11657 0 5
11658 0 6
11659 0 3
11660 0 5
11661 0 4
11662 0 2
11663 0 6
11664 0 5
11665 0 6
11666 0 7
11667 0 5
11668 0 2
11669 0 2
11670 0 2
11671 0 6
11672 0 5
11673 0 3
11674 0 3
11675 0 7
11676 0 3
11677 0 13
11678 0 3
11679 0 4
11680 0 5
11681 0 5
11682 0 6
11683 0 5
11684 0 2
11685 0 2
11686 0 2
11687 0 2
11688 0 13
11689 0 9
11690 0 3
11691 0 2
11692 0 3
11693 0 9
11694 0 2
11695 0 6
11696 0 7
11697 0 4
11698 0 3
11699 0 3
11700 0 2
11701 0 2
11702 0 3
11703 0 2
11704 0 6
11705 0 3
11706 0 4
11707 0 2
11708 0 7
11709 0 2
11710 0 6
11711 0 6
11712 0 2
11713 0 5
11714 0 3
11715 0 2
11716 0 1
11717 0 3
11718 0 9
11719 0 6
11720 0 2
11721 0 7
11722 0 6
11723 0 5
11724 0 4
11725 0 7
11726 0 2
11727 0 5
11728 0 5
11729 0 13
11730 0 3
11731 0 2
11732 0 2
11733 0 4
11734 0 5
11735 0 4
11736 0 5
11737 0 3
11738 0 9
11739 0 6
11740 0 5
11741 0 6
11742 0 5
11743 0 4
11744 0 2
11745 0 3
11746 0 2
11747 0 2
11748 0 3
11749 0 2
11750 0 4
11751 0 5
11752 0 2
11753 0 7
11754 0 2
11755 0 2
11756 0 6
11757 0 3
11758 0 6
11759 0 5
11760 0 6
11761 0 3
11762 0 5
11763 0 5
11764 0 4
11765 0 6
11766 0 5
11767 0 6
11768 0 5
11769 0 6
11770 0 2
11771 0 5
11772 0 4
11773 0 2
11774 0 3
11775 0 2
11776 0 6
11777 0 7
11778 0 2
11779 0 4
11780 0 7
11781 0 9
11782 0 3
11783 0 2
11784 0 2
11785 0 8
11786 0 6
11787 0 2
11788 0 2
11789 0 4
11790 0 4
11791 0 2
11792 0 2
11793 0 3
11794 0 6
11795 0 7
11796 0 3
11797 0 2
11798 0 6
11799 0 4
11800 0 6
11801 0 5
11802 0 2
11803 0 2
11804 0 4
11805 0 2
11806 0 13
11807 0 2
11808 0 3
11809 0 4
11810 0 8
11811 0 2
11812 0 2
11813 0 1
11814 0 6
11815 0 9
11816 0 2
11817 0 2
11818 0 5
11819 0 7
11820 0 2
11821 0 3
11822 0 4
11823 0 2
11824 0 7
11825 0 6
11826 0 2
11827 0 3
11828 0 6
11829 0 5
11830 0 2
11831 0 5
11832 0 4
11833 0 3
11834 0 2
11835 0 2
11836 0 2
11837 0 5
11838 0 5
11839 0 2
11840 0 4
11841 0 6
11842 0 6
11843 0 2
11844 0 6
11845 0 4
11846 0 6
11847 0 3
11848 0 4
11849 0 5
11850 0 3
11851 0 6
11852 0 3
11853 0 2
11854 0 2
11855 0 6
11856 0 3
11857 0 6
11858 0 7
11859 0 4
11860 0 5
11861 0 6
11862 0 5
11863 0 6
11864 0 6
11865 0 3
11866 0 3
11867 0 3
11868 0 7
11869 0 3
11870 0 3
11871 0 2
11872 0 2
11873 0 6
11874 0 13
11875 0 6
11876 0 9
11877 0 6
11878 0 2
11879 0 4
11880 0 3
11881 0 2
11882 0 2
11883 0 2
11884 0 5
11885 0 5
11886 0 2
11887 0 2
11888 0 1
11889 0 4
11890 0 2
11891 0 6
11892 0 2
11893 0 2
11894 0 4
11895 0 4
11896 0 2
11897 0 4
11898 0 6
11899 0 5
11900 0 2
11901 0 3
11902 0 6
11903 0 2
11904 0 6
11905 0 6
11906 0 3
11907 0 2
11908 0 2
11909 0 2
11910 0 4
11911 0 3
11912 0 5
11913 0 3
11914 0 2
11915 0 2
11916 0 8
11917 0 8
11918 0 3
11919 0 2
11920 0 1
11921 0 9
11922 0 2
11923 0 2
11924 0 4
11925 0 6
11926 0 7
11927 0 2
11928 0 13
11929 0 6
11930 0 9
11931 0 3
11932 0 4
11933 0 2
11934 0 6
11935 0 13
11936 0 2
11937 0 4
11938 0 2
11939 0 4
11940 0 2
11941 0 2
11942 0 4
11943 0 6
11944 0 3
11945 0 3
11946 0 2
11947 0 2
11948 0 3
11949 0 2
11950 0 2
11951 0 3
11952 0 2
11953 0 3
11954 0 6
11955 0 6
11956 0 6
11957 0 4
11958 0 7
11959 0 2
11960 0 6
11961 0 5
11962 0 2
11963 0 4
11964 0 9
11965 0 2
11966 0 4
11967 0 4
11968 0 6
11969 0 3
11970 0 5
11971 0 2
11972 0 1
11973 0 3
11974 0 3
11975 0 4
11976 0 2
11977 0 3
11978 0 5
11979 0 4
11980 0 2
11981 0 2
11982 0 6
11983 0 4
11984 0 7
11985 0 2
11986 0 5
11987 0 1
11988 0 2
11989 0 4
11990 0 7
11991 0 2
11992 0 2
11993 0 1
11994 0 9
11995 0 2
11996 0 5
11997 0 5
11998 0 4
11999 0 2
12000 0 2
12001 0 6
12002 0 2
12003 0 4
12004 0 4
12005 0 3
12006 0 2
12007 0 3
12008 0 2
12009 0 2
12010 0 6
12011 0 1
12012 0 6
12013 0 7
12014 0 6
12015 0 2
12016 0 3
12017 0 4
12018 0 4
12019 0 5
12020 0 6
12021 0 3
12022 0 7
12023 0 6
12024 0 2
12025 0 2
12026 0 5
12027 0 2
12028 0 6
12029 0 3
12030 0 3
12031 0 2
12032 0 2
12033 0 3
12034 0 2
12035 0 4
12036 0 2
12037 0 2
12038 0 9
12039 0 2
12040 0 4
12041 0 2
12042 0 4
12043 0 5
12044 0 4
12045 0 5
12046 0 5
12047 0 4
12048 0 4
12049 0 5
12050 0 6
12051 0 3
12052 0 6
12053 0 6
12054 0 2
12055 0 4
12056 0 2
12057 0 5
12058 0 5
12059 0 3
12060 0 5
12061 0 5
12062 0 9
12063 0 2
12064 0 2
12065 0 2
12066 0 5
12067 0 2
12068 0 2
12069 0 2
12070 0 6
12071 0 2
12072 0 3
12073 0 6
12074 0 5
12075 0 6
12076 0 6
12077 0 2
12078 0 6
12079 0 5
12080 0 2
12081 0 5
12082 0 4
12083 0 5
12084 0 4
12085 0 4
12086 0 3
12087 0 6
12088 0 3
12089 0 6
12090 0 9
12091 0 2
12092 0 4
12093 0 6
12094 0 5
12095 0 5
12096 0 5
12097 0 13
12098 0 5
12099 0 5
12100 0 3
12101 0 3
12102 0 3
12103 0 5
12104 0 2
12105 0 2
12106 0 2
12107 0 2
12108 0 7
12109 0 6
12110 0 13
12111 0 3
12112 0 4
12113 0 5
12114 0 3
12115 0 3
12116 0 6
12117 0 4
12118 0 3
12119 0 2
12120 0 2
12121 0 3
12122 0 3
12123 0 3
12124 0 3
12125 0 2
12126 0 2
12127 0 2
12128 0 2
12129 0 2
12130 0 4
12131 0 9
12132 0 3
12133 0 2
12134 0 4
12135 0 3
12136 0 5
12137 0 2
12138 0 3
12139 0 1
12140 0 3
12141 0 5
12142 0 3
12143 0 6
12144 0 2
12145 0 5
12146 0 2
12147 0 7
12148 0 3
12149 0 2
12150 0 2
12151 0 2
12152 0 8
12153 0 5
12154 0 2
12155 0 2
12156 0 13
12157 0 2
12158 0 3
12159 0 6
12160 0 5
12161 0 6
12162 0 13
12163 0 6
12164 0 5
12165 0 3
12166 0 4
12167 0 2
12168 0 5
12169 0 9
12170 0 2
12171 0 2
12172 0 1
12173 0 3
12174 0 2
12175 0 5
12176 0 7
12177 0 9
12178 0 5
12179 0 3
12180 0 2
12181 0 3
12182 0 2
12183 0 2
12184 0 5
12185 0 2
12186 0 2
12187 0 7
12188 0 2
12189 0 2
12190 0 3
12191 0 4
12192 0 5
12193 0 5
12194 0 6
12195 0 2
12196 0 2
12197 0 3
12198 0 1
12199 0 7
12200 0 6
12201 0 3
12202 0 6
12203 0 3
12204 0 5
12205 0 9
12206 0 3
12207 0 8
12208 0 2
12209 0 5
12210 0 2
12211 0 2
12212 0 2
12213 0 7
12214 0 5
12215 0 6
12216 0 7
12217 0 6
12218 0 2
12219 0 6
12220 0 1
12221 0 4
12222 0 3
12223 0 2
12224 0 7
12225 0 5
12226 0 9
12227 0 4
12228 0 6
12229 0 2
12230 0 1
12231 0 5
12232 0 5
12233 0 5
12234 0 1
12235 0 7
12236 0 2
12237 0 3
12238 0 2
12239 0 2
12240 0 2
12241 0 6
12242 0 3
12243 0 4
12244 0 5
12245 0 3
12246 0 13
12247 0 3
12248 0 2
12249 0 1
12250 0 2
12251 0 2
12252 0 3
12253 0 2
12254 0 3
12255 0 5
12256 0 5
12257 0 6
12258 0 5
12259 0 6
12260 0 3
12261 0 2
12262 0 3
12263 0 3
12264 0 1
12265 0 4
12266 0 6
12267 0 5
12268 0 2
12269 0 6
12270 0 4
12271 0 5
12272 0 2
12273 0 5
12274 0 3
12275 0 4
12276 0 5
12277 0 6
12278 0 2
12279 0 5
12280 0 3
12281 0 4
12282 0 2
12283 0 2
12284 0 6
12285 0 5
12286 0 6
12287 0 5
12288 0 2
12289 0 2
12290 0 6
12291 0 7
12292 0 3
12293 0 5
12294 0 2
12295 0 4
12296 0 7
12297 0 4
12298 0 6
12299 0 5
12300 0 5
12301 0 5
12302 0 3
12303 0 9
12304 0 4
12305 0 4
12306 0 2
12307 0 2
12308 0 3
12309 0 2
12310 0 7
12311 0 2
12312 0 6
12313 0 2
12314 0 4
12315 0 5
12316 0 3
12317 0 7
12318 0 3
12319 0 2
12320 0 3
12321 0 3
12322 0 2
12323 0 4
12324 0 39
12325 0 2
12326 0 2
12327 0 9
12328 0 3
12329 0 2
12330 0 6
12331 0 2
12332 0 9
12333 0 2
12334 0 5
12335 0 3
12336 0 7
12337 0 1
12338 0 5
12339 0 5
12340 0 4
12341 0 3
12342 0 5
12343 0 2
12344 0 4
12345 0 3
12346 0 3
12347 0 3
12348 0 4
12349 0 6
12350 0 2
12351 0 2
12352 0 2
12353 0 6
12354 0 9
12355 0 5
12356 0 5
12357 0 2
12358 0 2
12359 0 2
12360 0 4
12361 0 4
12362 0 2
12363 0 6
12364 0 3
12365 0 2
12366 0 3
12367 0 9
12368 0 2
12369 0 5
12370 0 3
12371 0 6
12372 0 9
12373 0 6
12374 0 3
12375 0 4
12376 0 1
12377 0 4
12378 0 2
12379 0 5
12380 0 6
12381 0 2
12382 0 5
12383 0 2
12384 0 2
12385 0 3
12386 0 4
12387 0 9
12388 0 7
12389 0 6
12390 0 3
12391 0 4
12392 0 4
12393 0 3
12394 0 2
12395 0 2
12396 0 5
12397 0 2
12398 0 2
12399 0 2
12400 0 3
12401 0 3
12402 0 5
12403 0 5
12404 0 2
12405 0 4
12406 0 3
12407 0 9
12408 0 2
12409 0 13
12410 0 4
12411 0 4
12412 0 7
12413 0 2
12414 0 1
12415 0 7
12416 0 3
12417 0 5
12418 0 9
12419 0 2
12420 0 2
12421 0 6
12422 0 4
12423 0 8
12424 0 2
12425 0 1
12426 0 2
12427 0 3
12428 0 2
12429 0 7
12430 0 6
12431 0 2
12432 0 3
12433 0 7
12434 0 2
12435 0 2
12436 0 3
12437 0 6
12438 0 8
12439 0 3
12440 0 7
12441 0 3
12442 0 5
12443 0 1
12444 0 1
12445 0 3
12446 0 2
12447 0 4
12448 0 2
12449 0 4
12450 0 4
12451 0 3
12452 0 6
12453 0 6
12454 0 4
12455 0 5
12456 0 6
12457 0 2
12458 0 5
12459 0 3
12460 0 9
12461 0 9
12462 0 4
12463 0 6
12464 0 3
12465 0 8
12466 0 2
12467 0 2
12468 0 2
12469 0 2
12470 0 3
12471 0 6
12472 0 8
12473 0 2
12474 0 13
12475 0 2
12476 0 5
12477 0 5
12478 0 3
12479 0 6
12480 0 2
12481 0 6
12482 0 5
12483 0 5
12484 0 6
12485 0 2
12486 0 2
12487 0 6
12488 0 3
12489 0 5
12490 0 2
12491 0 3
12492 0 2
12493 0 8
12494 0 9
12495 0 5
12496 0 3
12497 0 4
12498 0 3
12499 0 6
12500 0 6
12501 0 2
12502 0 2
12503 0 6
12504 0 2
12505 0 7
12506 0 1
12507 0 1
12508 0 1
12509 0 1
12510 0 1
12511 0 1
12512 0 1
12513 0 1
12514 0 1
12515 0 1
12516 0 1
12517 0 1
12518 0 1
12519 0 1
12520 0 1
12521 0 1
12522 0 1
12523 0 1
12524 0 1
12525 0 1
12526 0 1
12527 0 1
12528 0 1
12529 0 1
12530 0 1
12531 0 1
12532 0 1
12533 0 1
12534 0 1
12535 0 1
12536 0 1
12537 0 1
12538 0 1
12539 0 1
12540 0 1
12541 0 1
12542 0 1
12543 0 1
12544 0 1
12545 0 1
12546 0 1
12547 0 1
12548 0 1
12549 0 1
12550 0 1
12551 0 1
12552 0 1
12553 0 1
12554 0 1
12555 0 1
12556 0 1
12557 0 1
12558 0 1
12559 0 1
12560 0 1
12561 0 1
12562 0 1
12563 0 1
12564 0 1
12565 0 1
12566 0 1
12567 0 1
12568 0 1
12569 0 1
12570 0 1
12571 0 1
12572 0 1
12573 0 1
12574 0 1
12575 0 1
12576 0 1
12577 0 1
12578 0 1
12579 0 1
12580 0 1
12581 0 1
12582 0 1
12583 0 1
12584 0 1
12585 0 1
12586 0 1
12587 0 1
12588 0 1
12589 0 1
12590 0 1
12591 0 1
12592 0 1
12593 0 1
12594 0 1
12595 0 1
12596 0 1
12597 0 1
12598 0 1
12599 0 1
12600 0 1
12601 0 1
12602 0 1
12603 0 1
12604 0 1
12605 0 1
12606 0 1
12607 0 1
12608 0 1
12609 0 1
12610 0 1
12611 0 1
12612 0 1
12613 0 1
12614 0 1
12615 0 1
12616 0 1
12617 0 1
12618 0 1
12619 0 1
12620 0 1
12621 0 1
12622 0 1
12623 0 1
12624 0 1
12625 0 1
12626 0 1
12627 0 1
12628 0 1
12629 0 1
12630 0 1
12631 0 1
12632 0 1
12633 0 1
12634 0 1
12635 0 1
12636 0 1
12637 0 1
12638 0 1
12639 0 1
12640 0 1
12641 0 1
12642 0 1
12643 0 1
12644 0 1
12645 0 1
12646 0 1
12647 0 1
12648 0 1
12649 0 1
12650 0 1
12651 0 1
12652 0 1
12653 0 1
12654 0 1
12655 0 1
12656 0 1
12657 0 1
12658 0 1
12659 0 1
12660 0 1
12661 0 1
12662 0 1
12663 0 1
12664 0 1
12665 0 1
12666 0 1
12667 0 1
12668 0 1
12669 0 1
12670 0 1
12671 0 1
12672 0 1
12673 0 1
12674 0 1
12675 0 1
12676 0 1
12677 0 1
12678 0 1
12679 0 1
12680 0 1
12681 0 1
12682 0 1
12683 0 1
12684 0 1
12685 0 1
12686 0 1
12687 0 1
12688 0 1
12689 0 1
12690 0 1
12691 0 1
12692 0 1
12693 0 1
12694 0 1
12695 0 1
12696 0 1
12697 0 1
12698 0 1
12699 0 1
12700 0 1
12701 0 1
12702 0 1
12703 0 1
12704 0 1
12705 0 1
12706 0 1
12707 0 1
12708 0 1
12709 0 1
12710 0 1
12711 0 1
12712 0 1
12713 0 1
12714 0 1
12715 0 1
12716 0 1
12717 0 1
12718 0 1
12719 0 1
12720 0 1
12721 0 1
12722 0 1
12723 0 1
12724 0 1
12725 0 1
12726 0 1
12727 0 1
12728 0 1
12729 0 1
12730 0 1
12731 0 1
12732 0 1
12733 0 1
12734 0 1
12735 0 1
12736 0 1
12737 0 1
12738 0 1
12739 0 1
12740 0 1
12741 0 1
12742 0 1
12743 0 1
12744 0 1
12745 0 1
12746 0 1
12747 0 1
12748 0 1
12749 0 1
12750 0 1
12751 0 1
